ticker,date,Sentiment_Mean,Sentiment_Std,Count
A,2025-09-26,0.008430000394582748,0.0,1
A,2025-09-29,-0.6611400246620178,0.044199999421834946,2
A,2025-09-30,0.23286999762058258,0.7290499806404114,2
A,2025-10-01,-0.5317999720573425,0.0,1
A,2025-10-02,-0.01940999925136566,0.12894999980926514,2
A,2025-10-03,0.8621500134468079,0.0,1
A,2025-10-06,-0.7867500185966492,0.0,1
A,2025-10-10,0.721310019493103,0.0,1
A,2025-10-15,-0.6450999975204468,0.0,1
A,2025-10-16,0.038120001554489136,1.190310001373291,2
A,2025-10-20,0.8824099898338318,0.0,1
A,2025-10-27,0.9004499912261963,0.01558000035583973,2
A,2025-10-28,0.8955100178718567,0.0,1
A,2025-10-29,-0.11779999732971191,1.133020043373108,2
A,2025-10-30,0.10762,0.71881,20
AAPL,2025-10-30,0.44571998715400696,0.43514999747276306,7
ABBV,2025-10-25,0.8261100053787231,0.0,1
ABBV,2025-10-28,0.8802099823951721,0.0,1
ABBV,2025-10-29,0.017020000144839287,0.6947799921035767,4
ABBV,2025-10-30,-0.01867000013589859,1.2625600099563599,2
ABNB,2025-10-16,0.38284000754356384,0.0,1
ABNB,2025-10-18,-0.5364099740982056,0.0,1
ABNB,2025-10-22,0.6105800271034241,0.3562000095844269,5
ABNB,2025-10-29,0.7676299810409546,0.1302500069141388,2
ABNB,2025-10-30,0.546999990940094,0.42653000354766846,2
ABT,2025-10-21,-0.01522000040858984,1.139680027961731,2
ABT,2025-10-22,0.8585600256919861,0.0142000000923872,2
ABT,2025-10-23,0.7670000195503235,0.11586999893188477,2
ABT,2025-10-24,-0.694599986076355,0.0,1
ABT,2025-10-27,0.8058900237083435,0.0,1
ABT,2025-10-28,0.09401000291109085,0.0,1
ABT,2025-10-29,0.7502300143241882,0.22029000520706177,2
ABT,2025-10-30,0.7837200164794922,0.1107499971985817,3
ACGL,2025-10-15,0.5943700075149536,0.050540000200271606,2
ACGL,2025-10-19,0.08275999873876572,0.174919992685318,2
ACGL,2025-10-20,-0.8666800260543823,0.0,1
ACGL,2025-10-21,0.8668400049209595,0.031610000878572464,2
ACGL,2025-10-22,0.9176300168037415,0.0,1
ACGL,2025-10-23,-0.8524199724197388,0.0,1
ACGL,2025-10-27,0.26510998606681824,0.7805899977684021,4
ACGL,2025-10-28,-0.48739001154899597,0.40553998947143555,2
ACGL,2025-10-29,-0.010950000025331974,0.024730000644922256,2
ACGL,2025-10-30,-0.09921000152826309,0.0,1
ACN,2025-10-24,0.7503399848937988,0.0,1
ACN,2025-10-26,0.8262500166893005,0.0,1
ACN,2025-10-27,0.8512700200080872,0.0,1
ACN,2025-10-28,0.5329099893569946,0.16402000188827515,3
ACN,2025-10-29,0.7260599732398987,0.1916700005531311,2
ACN,2025-10-30,0.4649899899959564,0.0,1
ADBE,2025-10-28,-0.09949000179767609,0.6662099957466125,8
ADBE,2025-10-29,0.0662200003862381,1.1212600469589233,2
ADBE,2025-10-30,-0.03974999859929085,0.621649980545044,5
ADI,2025-10-17,-0.8198300004005432,0.0,1
ADI,2025-10-20,0.06776999682188034,1.1520600318908691,2
ADI,2025-10-21,0.8542600274085999,0.015289999544620514,2
ADI,2025-10-22,0.1236800029873848,0.1424500048160553,2
ADI,2025-10-23,0.7113199830055237,0.24005000293254852,2
ADI,2025-10-24,-0.23389999568462372,0.0,1
ADI,2025-10-28,0.8762800097465515,0.03734999895095825,2
ADI,2025-10-29,0.3068999946117401,0.7723299860954285,2
ADI,2025-10-30,-0.35613998770713806,0.0,1
ADM,2025-10-15,0.19367000460624695,0.0,1
ADM,2025-10-16,-0.7957500219345093,0.0,1
ADM,2025-10-17,0.16232000291347504,0.4285399913787842,4
ADM,2025-10-21,0.8529599905014038,0.0,1
ADM,2025-10-24,0.8784700036048889,0.023600000888109207,3
ADM,2025-10-27,0.5804299712181091,0.44839000701904297,2
ADM,2025-10-28,0.017109999433159828,0.0,1
ADM,2025-10-30,-0.9006800055503845,0.0,1
ADP,2025-10-28,0.3944000005722046,0.6305599808692932,2
ADP,2025-10-29,0.2509399950504303,0.5567799806594849,10
ADP,2025-10-30,-0.4007900059223175,0.5985000133514404,2
ADSK,2025-10-08,0.8488500118255615,0.0,1
ADSK,2025-10-09,-0.43500998616218567,0.0,1
ADSK,2025-10-10,0.8748999834060669,0.0,1
ADSK,2025-10-13,0.025140000507235527,1.1601200103759766,2
ADSK,2025-10-14,0.4104900062084198,0.5230900049209595,3
ADSK,2025-10-15,0.37599998712539673,0.706570029258728,2
ADSK,2025-10-17,0.5909000039100647,0.0,1
ADSK,2025-10-19,-0.7168700098991394,0.0,1
ADSK,2025-10-22,0.7735700011253357,0.0,1
ADSK,2025-10-28,0.8794400095939636,0.0,1
ADSK,2025-10-29,0.7158200144767761,0.239779993891716,2
ADSK,2025-10-30,0.39257,0.6169,16
AEE,2025-10-08,0.3480600118637085,0.0,1
AEE,2025-10-10,0.3806599974632263,0.0,1
AEE,2025-10-12,-0.07897999882698059,0.0,1
AEE,2025-10-14,0.8613700270652771,0.0,1
AEE,2025-10-15,0.8773300051689148,0.0,1
AEE,2025-10-16,0.7769299745559692,0.0,1
AEE,2025-10-22,0.8929600119590759,0.0,1
AEE,2025-10-24,0.7945700287818909,0.0,1
AEE,2025-10-28,-0.8936499953269958,0.0,1
AEE,2025-10-29,-0.4849900007247925,0.4922400116920471,2
AEE,2025-10-30,-0.3292500078678131,0.0,1
AEP,2025-10-24,0.6905900239944458,0.1698800027370453,2
AEP,2025-10-26,-0.8768500089645386,0.0,1
AEP,2025-10-27,0.6693300008773804,0.0,1
AEP,2025-10-28,-0.8739399909973145,0.0,1
AEP,2025-10-29,-0.0003499999875202775,0.8307899832725525,8
AEP,2025-10-30,-0.44356000423431396,0.8044700026512146,3
AES,2025-10-10,0.743910014629364,0.0,1
AES,2025-10-15,0.8859500288963318,0.0,1
AES,2025-10-19,0.19491000473499298,0.9667400121688843,2
AES,2025-10-20,0.8257700204849243,0.0,1
AES,2025-10-24,0.14986999332904816,1.0754899978637695,2
AES,2025-10-25,0.9089199900627136,0.0,1
AES,2025-10-28,0.6484900116920471,0.0,1
AES,2025-10-29,0.9060699939727783,0.0,1
AES,2025-10-30,-0.7726399898529053,0.0,1
AFL,2025-10-09,0.5407500267028809,0.0,1
AFL,2025-10-10,-0.7730500102043152,0.0,1
AFL,2025-10-13,0.11148999631404877,0.0,1
AFL,2025-10-15,-0.8062999844551086,0.0,1
AFL,2025-10-17,0.6283900141716003,0.0,1
AFL,2025-10-19,0.08595000207424164,1.1474699974060059,2
AFL,2025-10-27,0.894540011882782,0.0,1
AFL,2025-10-28,0.5126000046730042,0.37156999111175537,2
AFL,2025-10-30,0.920930027961731,0.0,1
AIG,2025-10-27,0.19828000664710999,0.454910010099411,4
AIG,2025-10-28,0.01776999980211258,1.2563300132751465,2
AIG,2025-10-29,0.7024499773979187,0.0,1
AIG,2025-10-30,0.25839000940322876,0.6287800073623657,8
AIZ,2025-10-08,0.6400399804115295,0.16797000169754028,2
AIZ,2025-10-09,0.31442999839782715,0.9128000140190125,3
AIZ,2025-10-10,0.22992999851703644,0.9347800016403198,2
AIZ,2025-10-14,0.0044999998062849045,0.0,1
AIZ,2025-10-15,0.7488600015640259,0.0,1
AIZ,2025-10-17,-0.4544999897480011,0.0,1
AIZ,2025-10-21,0.901390016078949,0.0,1
AIZ,2025-10-28,0.6413800120353699,0.0,1
AIZ,2025-10-29,0.8896999955177307,0.0,1
AIZ,2025-10-30,-0.4908199906349182,0.0,1
AJG,2025-10-03,0.02256999909877777,0.0,1
AJG,2025-10-07,0.8829500079154968,0.0,1
AJG,2025-10-09,0.8972899913787842,0.0,1
AJG,2025-10-13,-0.5026599764823914,0.0,1
AJG,2025-10-16,0.8560100197792053,0.0,1
AJG,2025-10-17,0.6746299862861633,0.0,1
AJG,2025-10-23,0.8468199968338013,0.0,1
AJG,2025-10-27,0.7245200276374817,0.0,1
AJG,2025-10-28,0.8161600232124329,0.0,1
AJG,2025-10-29,0.8580399751663208,0.0,1
AJG,2025-10-30,0.60763,0.4688,10
AKAM,2025-10-09,0.44718000292778015,0.5611299872398376,4
AKAM,2025-10-10,0.38394999504089355,0.6699399948120117,2
AKAM,2025-10-15,0.6312299966812134,0.0,1
AKAM,2025-10-17,0.6029099822044373,0.0,1
AKAM,2025-10-20,-0.9001700282096863,0.0,1
AKAM,2025-10-21,0.7072399854660034,0.0,1
AKAM,2025-10-23,0.13311000168323517,0.0,1
AKAM,2025-10-24,0.906029999256134,0.0,1
AKAM,2025-10-26,-0.8921399712562561,0.0,1
AKAM,2025-10-28,0.7529100179672241,0.0,1
AKAM,2025-10-29,0.8724300265312195,0.0,1
AKAM,2025-10-30,0.35801,0.63249,15
ALB,2025-10-24,0.055390000343322754,0.32561999559402466,2
ALB,2025-10-27,0.8001800179481506,0.10424000024795532,4
ALB,2025-10-28,0.7434200048446655,0.0,1
ALB,2025-10-29,0.19345000386238098,0.2273699939250946,2
ALB,2025-10-30,0.49354,0.38616,9
ALGN,2025-10-11,0.23477999866008759,0.0,1
ALGN,2025-10-16,0.8921899795532227,0.0,1
ALGN,2025-10-19,0.12791000306606293,0.7242500185966492,2
ALGN,2025-10-22,0.8553500175476074,0.0,1
ALGN,2025-10-28,0.9169999957084656,0.0,1
ALGN,2025-10-29,0.028999999165534973,0.7775700092315674,8
ALGN,2025-10-30,-0.10371000319719315,0.7946799993515015,5
ALL,2025-10-26,0.6627500057220459,0.0,1
ALL,2025-10-27,0.3372499942779541,0.8261899948120117,3
ALL,2025-10-28,0.16325999796390533,0.4899600148200989,2
ALL,2025-10-29,0.5806599855422974,0.42471998929977417,2
ALL,2025-10-30,0.8648099899291992,0.0,1
ALLE,2025-10-17,-0.046390000730752945,1.0963900089263916,2
ALLE,2025-10-20,0.7081999778747559,0.0,1
ALLE,2025-10-21,0.9167799949645996,0.0,1
ALLE,2025-10-22,0.13699999451637268,1.086300015449524,2
ALLE,2025-10-23,-0.30979999899864197,0.8436300158500671,6
ALLE,2025-10-24,-0.9071400165557861,0.004769999999552965,2
ALLE,2025-10-29,0.1532599925994873,0.20886999368667603,2
ALLE,2025-10-30,0.6348099708557129,0.0,1
AMAT,2025-10-23,0.0018700000364333391,0.0,1
AMAT,2025-10-24,0.01792999915778637,0.0,1
AMAT,2025-10-25,0.7439000010490417,0.10286000370979309,2
AMAT,2025-10-27,0.31619998812675476,0.8036800026893616,4
AMAT,2025-10-29,0.8415700197219849,0.0,1
AMAT,2025-10-30,0.9051200151443481,0.0,1
AMCR,2025-10-13,0.923520028591156,0.0,1
AMCR,2025-10-14,0.6083599925041199,0.0,1
AMCR,2025-10-15,-0.9035300016403198,0.0,1
AMCR,2025-10-16,0.8925099968910217,0.0,1
AMCR,2025-10-17,0.031060000881552696,0.5365599989891052,2
AMCR,2025-10-19,0.7760400176048279,0.031550001353025436,2
AMCR,2025-10-21,-0.5674200057983398,0.4388599991798401,2
AMCR,2025-10-22,0.9128000140190125,0.00406000018119812,2
AMCR,2025-10-27,-0.45127999782562256,0.0,1
AMCR,2025-10-28,-0.8585500121116638,0.0,1
AMCR,2025-10-29,-0.1407500058412552,0.5704299807548523,4
AMCR,2025-10-30,0.1085,0.71202,18
AMD,2025-10-29,0.7059400081634521,0.0,1
AMD,2025-10-30,0.06261000037193298,0.7525299787521362,6
AME,2025-10-28,-0.04969999939203262,1.2364699840545654,2
AME,2025-10-29,0.9005200266838074,0.0,1
AME,2025-10-30,-0.1252799928188324,0.7933599948883057,6
AMGN,2025-10-17,0.9053000211715698,0.0,1
AMGN,2025-10-20,0.8288400173187256,0.0,1
AMGN,2025-10-22,-0.2825399935245514,0.0,1
AMGN,2025-10-23,0.7895399928092957,0.16133999824523926,2
AMGN,2025-10-24,0.9219899773597717,0.0,1
AMGN,2025-10-26,0.25797998905181885,0.0,1
AMGN,2025-10-28,0.013039999641478062,0.0,1
AMGN,2025-10-29,0.8935099840164185,0.0016400000313296914,2
AMGN,2025-10-30,0.8817800283432007,0.02493000030517578,2
AMP,2025-10-25,0.43404000997543335,0.0,1
AMP,2025-10-27,-0.9173399806022644,0.0,1
AMP,2025-10-28,0.7894700169563293,0.11653000116348267,3
AMP,2025-10-29,0.9034799933433533,0.0,1
AMP,2025-10-30,-0.12240000069141388,0.8236100077629089,7
AMT,2025-10-23,0.8440300226211548,0.0,1
AMT,2025-10-24,0.8891199827194214,0.0,1
AMT,2025-10-25,0.5940799713134766,0.0,1
AMT,2025-10-28,0.07421000301837921,0.7057899832725525,8
AMT,2025-10-29,0.00913000013679266,0.0,1
AMT,2025-10-30,0.19444000720977783,0.34272998571395874,3
AMZN,2025-10-30,0.639710009098053,0.2952899932861328,7
ANET,2025-10-28,0.3811500072479248,0.6623499989509583,2
ANET,2025-10-29,0.3753499984741211,0.6550999879837036,7
ANET,2025-10-30,0.8865000009536743,0.0,1
AON,2025-10-10,0.6296300292015076,0.32537001371383667,2
AON,2025-10-13,0.8843200206756592,0.0,1
AON,2025-10-14,0.02986999973654747,0.0,1
AON,2025-10-23,0.018330000340938568,0.0,1
AON,2025-10-24,0.8538600206375122,0.02160000056028366,2
AON,2025-10-27,0.9286100268363953,0.0,1
AON,2025-10-29,0.06509000062942505,0.0,1
AON,2025-10-30,-0.7662100195884705,0.0,1
AOS,2025-10-14,-0.5163400173187256,0.0,1
AOS,2025-10-15,0.0203699991106987,0.0,1
AOS,2025-10-16,0.8692899942398071,0.0,1
AOS,2025-10-17,0.7070299983024597,0.0,1
AOS,2025-10-21,0.6083099842071533,0.0,1
AOS,2025-10-23,0.8682000041007996,0.0,1
AOS,2025-10-24,0.6247100234031677,0.0,1
AOS,2025-10-27,0.8948100209236145,0.0,1
AOS,2025-10-28,-0.10062000155448914,0.894540011882782,8
AOS,2025-10-30,-0.037870001047849655,0.0,1
APA,2025-09-29,-0.0042500002309679985,0.7102800011634827,2
APA,2025-10-01,-0.9278900027275085,0.0,1
APA,2025-10-02,-0.04035999998450279,0.0,1
APA,2025-10-03,0.2793799936771393,0.0,1
APA,2025-10-08,0.8208000063896179,0.11925999820232391,2
APA,2025-10-13,0.6030799746513367,0.3712399899959564,2
APA,2025-10-15,0.8478000164031982,0.0,1
APA,2025-10-16,0.48026999831199646,0.0,1
APA,2025-10-18,0.9196100234985352,0.0,1
APA,2025-10-22,0.9007899761199951,0.0,1
APA,2025-10-24,0.7707800269126892,0.0,1
APA,2025-10-25,0.6254799962043762,0.0,1
APA,2025-10-28,0.8850100040435791,0.0,1
APA,2025-10-30,0.47376,0.54504,16
APD,2025-10-01,-0.014179999940097332,1.278059959411621,2
APD,2025-10-02,0.7884100079536438,0.14131000638008118,2
APD,2025-10-03,0.7638999819755554,0.0,1
APD,2025-10-09,0.890030026435852,0.0,1
APD,2025-10-10,0.872219979763031,0.0,1
APD,2025-10-11,0.7139599919319153,0.2220900058746338,2
APD,2025-10-22,0.8381999731063843,0.0,1
APD,2025-10-23,0.8950200080871582,0.0,1
APD,2025-10-26,-0.001550000044517219,0.0,1
APD,2025-10-27,0.8771499991416931,0.0,1
APD,2025-10-30,0.62395,0.52553,13
APH,2025-10-23,0.17634999752044678,0.9757199883460999,3
APH,2025-10-24,-0.019120000302791595,0.0,1
APH,2025-10-27,0.8029000163078308,0.0682699978351593,2
APH,2025-10-28,-0.6954200267791748,0.0,1
APH,2025-10-29,0.8835399746894836,0.0,1
APH,2025-10-30,-0.4064500033855438,0.0,1
APO,2025-10-27,-0.4054200053215027,0.0,1
APO,2025-10-28,0.3071900010108948,1.0103000402450562,3
APO,2025-10-29,-0.5651999711990356,0.0,1
APO,2025-10-30,0.7737900018692017,0.03392999991774559,2
APP,2025-10-28,0.3003999888896942,0.666920006275177,6
APP,2025-10-29,0.70319002866745,0.3006199896335602,2
APP,2025-10-30,-0.9010300040245056,0.0,1
APTV,2025-10-22,0.8524500131607056,0.0,1
APTV,2025-10-23,-0.31411001086235046,1.0217000246047974,3
APTV,2025-10-24,0.8674799799919128,0.07006999850273132,2
APTV,2025-10-25,0.553849995136261,0.0,1
APTV,2025-10-28,0.6313199996948242,0.36125999689102173,2
APTV,2025-10-29,0.42114999890327454,0.2676500082015991,2
APTV,2025-10-30,0.17553000152111053,0.851140022277832,5
ARE,2025-10-02,0.820930004119873,0.0,1
ARE,2025-10-08,0.8905100226402283,0.0,1
ARE,2025-10-19,0.8633900284767151,0.0,1
ARE,2025-10-22,0.4585599899291992,0.6707000136375427,5
ARE,2025-10-26,0.4921799898147583,0.0,1
ARE,2025-10-27,0.27458998560905457,0.3728500008583069,4
ARE,2025-10-28,0.02538999915122986,0.009859999641776085,2
ARE,2025-10-29,-0.45816001296043396,0.658050000667572,2
ARE,2025-10-30,0.32898,0.56116,17
ATO,2025-10-02,0.908519983291626,0.0,1
ATO,2025-10-06,0.03511999920010567,0.0,1
ATO,2025-10-07,0.9153800010681152,0.0,1
ATO,2025-10-08,0.47786998748779297,0.0,1
ATO,2025-10-14,0.9109299778938293,0.0,1
ATO,2025-10-15,0.8839700222015381,0.0,1
ATO,2025-10-21,-0.8246600031852722,0.0,1
ATO,2025-10-22,0.46219998598098755,0.6179900169372559,2
ATO,2025-10-26,0.06882999837398529,0.0,1
ATO,2025-10-29,-0.8763099908828735,0.0,1
ATO,2025-10-30,0.31128,0.68558,11
AVB,2025-09-11,-0.16096000373363495,0.0,1
AVB,2025-09-16,0.32916998863220215,0.3432599902153015,2
AVB,2025-09-18,0.8831999897956848,0.0,1
AVB,2025-10-02,0.8170300126075745,0.0,1
AVB,2025-10-04,-0.011309999972581863,0.0,1
AVB,2025-10-16,0.9084600210189819,0.0,1
AVB,2025-10-21,0.2366899996995926,0.0,1
AVB,2025-10-23,0.8860700130462646,0.0,1
AVB,2025-10-27,0.7397400140762329,0.0,1
AVB,2025-10-29,0.5434200167655945,0.4068000018596649,4
AVB,2025-10-30,0.4657999873161316,0.6319400072097778,2
AVGO,2025-10-29,0.815750002861023,0.13721999526023865,3
AVGO,2025-10-30,0.02607000060379505,1.2379100322723389,2
AVY,2025-10-22,-0.2916699945926666,0.8343499898910522,8
AVY,2025-10-23,-0.23634999990463257,0.8076000213623047,6
AVY,2025-10-24,0.701170027256012,0.1690099984407425,2
AVY,2025-10-29,0.8123000264167786,0.0,1
AVY,2025-10-30,-0.05053,0.81055,18
AWK,2025-10-27,0.8448399901390076,0.08709999918937683,5
AWK,2025-10-28,0.2754000127315521,0.6394500136375427,5
AWK,2025-10-29,-0.25883999466896057,0.8483399748802185,4
AWK,2025-10-30,-0.927619993686676,0.0,1
AXON,2025-10-15,-0.21624000370502472,0.826770007610321,4
AXON,2025-10-18,0.7025700211524963,0.18271000683307648,2
AXON,2025-10-21,-0.00506999995559454,1.3109999895095825,2
AXON,2025-10-22,0.8922500014305115,0.0,1
AXON,2025-10-23,0.7883899807929993,0.0,1
AXON,2025-10-24,0.33597999811172485,0.7620300054550171,4
AXON,2025-10-29,0.863860011100769,0.0,1
AXON,2025-10-30,0.8841300010681152,0.0,1
AXP,2025-10-27,0.8328700065612793,0.0,1
AXP,2025-10-28,0.18228000402450562,0.9585800170898438,3
AXP,2025-10-29,0.9105899930000305,0.0,1
AXP,2025-10-30,0.5634400248527527,0.4625000059604645,2
AZO,2025-10-16,0.7566999793052673,0.0,1
AZO,2025-10-17,-0.1316000074148178,0.0,1
AZO,2025-10-19,0.011889999732375145,0.0,1
AZO,2025-10-20,0.24860000610351562,0.0,1
AZO,2025-10-22,0.8024700284004211,0.0,1
AZO,2025-10-23,0.012059999629855156,0.0,1
AZO,2025-10-26,-0.9140200018882751,0.0,1
AZO,2025-10-27,0.7322800159454346,0.0,1
AZO,2025-10-28,0.8863599896430969,0.0,1
AZO,2025-10-29,0.8735299706459045,0.0,1
AZO,2025-10-30,0.868149995803833,0.0,1
BA,2025-10-29,-0.030009999871253967,0.07931999862194061,4
BA,2025-10-30,0.16177000105381012,0.6471800208091736,10
BAC,2025-10-24,0.8928800225257874,0.0,1
BAC,2025-10-26,0.21710999310016632,0.0,1
BAC,2025-10-27,0.8082799911499023,0.0,1
BAC,2025-10-28,0.8434100151062012,0.0065100002102553844,2
BAC,2025-10-29,0.8273000121116638,0.13003000617027283,3
BAC,2025-10-30,0.23263999819755554,0.7958800196647644,4
BALL,2025-08-29,0.5957300066947937,0.0,1
BALL,2025-09-15,0.8996400237083435,0.0,1
BALL,2025-09-17,0.620930016040802,0.0,1
BALL,2025-09-18,0.7805799841880798,0.0,1
BALL,2025-09-24,0.8697199821472168,0.0,1
BALL,2025-10-02,-0.5699099898338318,0.0,1
BALL,2025-10-07,0.8686800003051758,0.0804700031876564,2
BALL,2025-10-14,0.49775999784469604,0.0,1
BALL,2025-10-15,0.8835300207138062,0.0,1
BALL,2025-10-28,0.8265299797058105,0.0,1
BALL,2025-10-30,0.8703799843788147,0.0,1
BAX,2025-10-02,-0.8959199786186218,0.0,1
BAX,2025-10-03,0.8149799704551697,0.0,1
BAX,2025-10-06,0.3949599862098694,0.0,1
BAX,2025-10-15,0.8755499720573425,0.0,1
BAX,2025-10-23,0.8519399762153625,0.0,1
BAX,2025-10-25,-0.8914999961853027,0.0,1
BAX,2025-10-27,0.8894000053405762,0.0,1
BAX,2025-10-28,-0.88919997215271,0.0,1
BAX,2025-10-29,0.9081500172615051,0.0,1
BAX,2025-10-30,0.1789799928665161,0.6093900203704834,7
BBY,2025-10-15,0.3890100121498108,0.0,1
BBY,2025-10-16,0.010809999890625477,0.0,1
BBY,2025-10-17,-0.07699999958276749,0.0,1
BBY,2025-10-20,0.04747999832034111,1.1377300024032593,2
BBY,2025-10-21,0.7651000022888184,0.0,1
BBY,2025-10-22,-0.029400000348687172,0.0,1
BBY,2025-10-23,0.41137000918388367,0.0,1
BBY,2025-10-27,0.377920001745224,0.0,1
BBY,2025-10-28,0.48260998725891113,0.4714699983596802,3
BBY,2025-10-29,0.8844000101089478,0.0,1
BBY,2025-10-30,0.5892500281333923,0.0,1
BDX,2025-10-21,0.12202999740839005,0.0,1
BDX,2025-10-22,0.7842199802398682,0.0,1
BDX,2025-10-23,0.46404001116752625,0.6190000176429749,2
BDX,2025-10-24,-0.7852299809455872,0.0,1
BDX,2025-10-30,0.44679999351501465,0.6023100018501282,2
BEN,2025-10-13,-0.9107599854469299,0.0,1
BEN,2025-10-14,0.32743000984191895,0.6537399888038635,5
BEN,2025-10-15,-0.8291500210762024,0.0,1
BEN,2025-10-22,0.8845099806785583,0.0,1
BEN,2025-10-24,0.8358399868011475,0.0,1
BEN,2025-10-25,-0.2137400060892105,0.0,1
BEN,2025-10-28,-0.919700026512146,0.0,1
BEN,2025-10-29,0.6813399791717529,0.0,1
BEN,2025-10-30,0.09712,0.76788,12
BF-B,2025-09-22,0.9041100144386292,0.0,1
BF-B,2025-10-08,0.8987100124359131,0.0,1
BF-B,2025-10-30,0.90141,0.00381,2
BG,2025-10-14,0.9112799763679504,0.0,1
BG,2025-10-15,0.0866599977016449,0.6290299892425537,8
BG,2025-10-16,0.7746800184249878,0.1697400063276291,2
BG,2025-10-18,-0.9074199795722961,0.0,1
BG,2025-10-19,0.9216600060462952,0.0,1
BG,2025-10-24,0.8931999802589417,0.007899999618530273,2
BG,2025-10-27,-0.9089300036430359,0.0,1
BG,2025-10-29,0.020150000229477882,0.0,1
BG,2025-10-30,0.23916,0.70764,17
BIIB,2025-10-22,0.8107100129127502,0.0,1
BIIB,2025-10-23,-0.9042699933052063,0.0,1
BIIB,2025-10-24,-0.24494999647140503,0.6040099859237671,4
BIIB,2025-10-29,0.8927900195121765,0.0,1
BIIB,2025-10-30,0.22423000633716583,0.5949100255966187,7
BK,2025-10-16,-0.2516700029373169,0.8123300075531006,4
BK,2025-10-17,-0.4817200005054474,0.8820000290870667,4
BK,2025-10-22,0.10871999710798264,0.0,1
BK,2025-10-23,0.875469982624054,0.0,1
BK,2025-10-25,-0.6857900023460388,0.0,1
BK,2025-10-29,0.3423300087451935,0.684909999370575,2
BK,2025-10-30,-0.15004,0.77214,13
BKNG,2025-10-28,-0.39267000555992126,0.7011299729347229,7
BKNG,2025-10-29,-0.3882499933242798,0.8586000204086304,4
BKNG,2025-10-30,-0.0926399976015091,0.8640699982643127,3
BKR,2025-10-24,-0.5472999811172485,0.7371199727058411,5
BKR,2025-10-25,-0.9178100228309631,0.0,1
BKR,2025-10-26,-0.8771600127220154,0.0,1
BKR,2025-10-27,0.08829999715089798,1.0480300188064575,2
BKR,2025-10-29,-0.911270022392273,0.0,1
BKR,2025-10-30,0.2751300036907196,0.0,1
BLDR,2025-10-09,-0.7431399822235107,0.0,1
BLDR,2025-10-13,0.13242000341415405,0.0,1
BLDR,2025-10-17,0.7292900085449219,0.17440000176429749,2
BLDR,2025-10-21,0.8304799795150757,0.11823000013828278,3
BLDR,2025-10-22,0.8738399744033813,0.0,1
BLDR,2025-10-23,0.008940000087022781,0.0,1
BLDR,2025-10-25,0.8617200255393982,0.0,1
BLDR,2025-10-28,0.8596299886703491,0.0,1
BLDR,2025-10-29,0.8895900249481201,0.0,1
BLDR,2025-10-30,-0.07773000001907349,0.8957800269126892,6
BLK,2025-10-29,0.8385099768638611,0.0,1
BLK,2025-10-30,0.4199100136756897,0.5804100036621094,2
BMY,2025-10-29,0.9063400030136108,0.0,1
BMY,2025-10-30,-0.08315999805927277,0.7046300172805786,11
BR,2025-10-03,-0.21522000432014465,0.27998000383377075,2
BR,2025-10-13,-0.362280011177063,0.0,1
BR,2025-10-14,-0.03613999858498573,0.0,1
BR,2025-10-16,0.01013999991118908,1.2489700317382812,2
BR,2025-10-19,-0.11693999916315079,0.0,1
BR,2025-10-20,0.4593200087547302,0.5322399735450745,3
BR,2025-10-21,0.8929299712181091,0.0,1
BR,2025-10-23,-0.8957099914550781,0.034540001302957535,2
BR,2025-10-30,-0.03431,0.67482,13
BRK-B,2025-10-27,0.9041500091552734,0.0,1
BRK-B,2025-10-28,0.5437899827957153,0.46858999133110046,5
BRK-B,2025-10-30,0.788100004196167,0.1205499991774559,5
BRO,2025-10-08,0.8743100166320801,0.0,1
BRO,2025-10-20,-0.8335099816322327,0.0,1
BRO,2025-10-22,-0.014209999702870846,1.2482800483703613,2
BRO,2025-10-23,0.6604200005531311,0.0,1
BRO,2025-10-24,0.1068900004029274,0.09331999719142914,2
BRO,2025-10-27,-0.3333899974822998,0.5133500099182129,5
BRO,2025-10-28,-0.26159000396728516,0.6759499907493591,2
BRO,2025-10-29,0.41091999411582947,0.5827900171279907,2
BRO,2025-10-30,-0.03011,0.65074,16
BSX,2025-10-27,0.3968900144100189,0.881600022315979,4
BSX,2025-10-28,-0.6772300004959106,0.0,1
BSX,2025-10-29,0.501010000705719,0.6658700108528137,4
BSX,2025-10-30,0.8041499853134155,0.0,1
BX,2025-10-24,0.7216299772262573,0.15039999783039093,2
BX,2025-10-25,0.6528599858283997,0.0,1
BX,2025-10-27,0.7621899843215942,0.16537000238895416,2
BX,2025-10-28,0.2835400104522705,1.02961003780365,3
BX,2025-10-29,0.6702499985694885,0.0,1
BX,2025-10-30,0.868340015411377,0.039340000599622726,2
BXP,2025-09-25,-0.9082800149917603,0.0,1
BXP,2025-10-01,0.9202399849891663,0.0,1
BXP,2025-10-02,0.4905500113964081,0.5511500239372253,2
BXP,2025-10-09,0.7843300104141235,0.0,1
BXP,2025-10-17,-0.8585900068283081,0.0,1
BXP,2025-10-21,0.9086700081825256,0.0,1
BXP,2025-10-22,0.8712400197982788,0.0,1
BXP,2025-10-23,0.3829500079154968,0.0,1
BXP,2025-10-28,0.15453000366687775,0.9632899761199951,5
BXP,2025-10-29,0.8765599727630615,0.001829999964684248,2
BXP,2025-10-30,-0.5560399889945984,0.0,1
C,2025-10-25,0.5797200202941895,0.0,1
C,2025-10-27,0.10823000222444534,0.6479300260543823,4
C,2025-10-28,0.01720999926328659,0.6200600266456604,9
C,2025-10-29,0.30875998735427856,0.7513399720191956,3
C,2025-10-30,0.2768700122833252,0.6600499749183655,3
CAG,2025-10-14,0.04868999868631363,1.1595499515533447,2
CAG,2025-10-15,0.21407000720500946,0.0,1
CAG,2025-10-17,-0.9259799718856812,0.0,1
CAG,2025-10-19,0.6355100274085999,0.0,1
CAG,2025-10-24,0.41499999165534973,0.6936900019645691,2
CAG,2025-10-28,0.8041200041770935,0.0,1
CAG,2025-10-30,0.20688,0.73546,8
CAH,2025-10-24,0.8639600276947021,0.0,1
CAH,2025-10-25,0.6383699774742126,0.0,1
CAH,2025-10-28,0.6109399795532227,0.0,1
CAH,2025-10-29,0.5719599723815918,0.4847399890422821,4
CAH,2025-10-30,-0.18685999512672424,0.6915000081062317,10
CARR,2025-10-24,0.022509999573230743,0.7720699906349182,4
CARR,2025-10-27,0.8955600261688232,0.0,1
CARR,2025-10-28,-0.047269999980926514,0.9365000128746033,6
CARR,2025-10-29,0.13426999747753143,0.9678500294685364,5
CARR,2025-10-30,-0.001180000021122396,0.0,1
CAT,2025-10-29,0.24988000094890594,0.6098799705505371,9
CAT,2025-10-30,-0.18599000573158264,0.9564599990844727,2
CB,2025-10-26,0.6144899725914001,0.25001001358032227,2
CB,2025-10-28,0.8562999963760376,0.0,1
CB,2025-10-29,-0.91184002161026,0.006920000072568655,2
CB,2025-10-30,-0.09192,0.81427,7
CBOE,2025-10-25,0.014870000071823597,0.0,1
CBOE,2025-10-27,0.6432999968528748,0.0,1
CBOE,2025-10-28,0.10290999710559845,0.0,1
CBOE,2025-10-29,0.8921599984169006,0.0,1
CBOE,2025-10-30,0.5015,0.41618,5
CBRE,2025-10-22,0.9108700156211853,0.0,1
CBRE,2025-10-23,-0.35756999254226685,0.7497199773788452,8
CBRE,2025-10-24,0.1532900035381317,0.7389799952507019,4
CBRE,2025-10-25,-0.8084700107574463,0.15418000519275665,2
CBRE,2025-10-27,0.8699700236320496,0.0,1
CBRE,2025-10-30,0.8687599897384644,0.0,1
CCI,2025-10-08,0.8841300010681152,0.0,1
CCI,2025-10-10,-0.37775999307632446,0.0,1
CCI,2025-10-11,0.48969000577926636,0.0,1
CCI,2025-10-17,0.9184399843215942,0.0,1
CCI,2025-10-20,-0.019379999488592148,0.0,1
CCI,2025-10-21,0.6946200132369995,0.14168000221252441,3
CCI,2025-10-22,0.029400000348687172,0.8347799777984619,5
CCI,2025-10-23,-0.020020000636577606,0.8884999752044678,3
CCI,2025-10-24,-0.7661600112915039,0.0,1
CCI,2025-10-30,0.1941,0.69884,17
CCL,2025-10-26,0.012860000133514404,0.0,1
CCL,2025-10-27,0.8702999949455261,0.0,1
CCL,2025-10-28,0.5034000277519226,0.0,1
CCL,2025-10-29,0.3239000141620636,0.49164000153541565,3
CCL,2025-10-30,0.5401999950408936,0.4839000105857849,3
CDNS,2025-10-27,0.05212999880313873,0.6751499772071838,8
CDNS,2025-10-28,-0.7563999891281128,0.33320000767707825,4
CDNS,2025-10-29,0.28306999802589417,0.4478699862957001,2
CDNS,2025-10-30,0.8232899904251099,0.0,1
CDW,2025-08-13,0.032419998198747635,0.0,1
CDW,2025-08-20,0.691100001335144,0.0,1
CDW,2025-08-25,0.5290200114250183,0.0,1
CDW,2025-08-26,0.8798999786376953,0.0,1
CDW,2025-08-29,-0.8281000256538391,0.0,1
CDW,2025-09-03,0.8618999719619751,0.0,1
CDW,2025-09-05,0.9138399958610535,0.0,1
CDW,2025-09-08,0.42201998829841614,0.0,1
CDW,2025-09-15,0.033649999648332596,0.0,1
CDW,2025-09-26,0.8264600038528442,0.0,1
CDW,2025-10-09,0.8475300073623657,0.0,1
CDW,2025-10-10,0.79830002784729,0.0,1
CDW,2025-10-13,0.4525499939918518,0.635420024394989,2
CDW,2025-10-21,0.9136800169944763,0.0,1
CDW,2025-10-23,0.009669999592006207,0.0,1
CDW,2025-10-26,-0.7730500102043152,0.0,1
CDW,2025-10-28,0.818340003490448,0.0,1
CDW,2025-10-30,0.43788,0.56769,18
CEG,2025-10-22,0.6408699750900269,0.13729000091552734,2
CEG,2025-10-23,-0.31147998571395874,0.7194600105285645,2
CEG,2025-10-25,0.006240000016987324,0.0,1
CEG,2025-10-28,0.20913000404834747,0.21525999903678894,2
CEG,2025-10-29,0.7544299960136414,0.15052999556064606,4
CEG,2025-10-30,-0.23100000619888306,0.0,1
CF,2025-09-16,0.5870199799537659,0.0,1
CF,2025-09-21,0.849399983882904,0.0,1
CF,2025-09-23,0.05257999897003174,0.0,1
CF,2025-10-01,0.8192600011825562,0.0,1
CF,2025-10-02,0.23444999754428864,0.0,1
CF,2025-10-03,0.46125999093055725,0.0,1
CF,2025-10-07,0.15423999726772308,0.0,1
CF,2025-10-10,0.43011000752449036,0.0,1
CF,2025-10-18,0.9148799777030945,0.0,1
CF,2025-10-22,0.8831800222396851,0.0,1
CF,2025-10-29,-0.6096199750900269,0.0,1
CF,2025-10-30,0.43425,0.46161,11
CFG,2025-10-15,-0.10502000153064728,1.119920015335083,2
CFG,2025-10-16,-0.24629999697208405,0.9539600014686584,3
CFG,2025-10-21,0.8258299827575684,0.0,1
CFG,2025-10-22,-0.2914400100708008,0.9544900059700012,3
CFG,2025-10-28,-0.7130900025367737,0.0,1
CFG,2025-10-29,0.674340009689331,0.0,1
CFG,2025-10-30,0.5899500250816345,0.08488000184297562,2
CHD,2025-09-04,0.9064000248908997,0.0,1
CHD,2025-09-11,-0.17802999913692474,0.0,1
CHD,2025-09-12,0.8770999908447266,0.012649999931454659,2
CHD,2025-09-15,0.4493800103664398,0.0,1
CHD,2025-09-16,0.014270000159740448,0.0,1
CHD,2025-09-28,-0.9282500147819519,0.0,1
CHD,2025-10-02,0.808459997177124,0.0,1
CHD,2025-10-18,-0.009630000218749046,0.0,1
CHD,2025-10-19,0.14473000168800354,0.0,1
CHD,2025-10-24,0.011760000139474869,0.0,1
CHD,2025-10-25,0.8806800246238708,0.0,1
CHD,2025-10-30,0.6457700133323669,0.3759100139141083,2
CHRW,2025-10-27,0.6805199980735779,0.0,1
CHRW,2025-10-28,0.588699996471405,0.0,1
CHRW,2025-10-29,0.1544400006532669,0.7239099740982056,8
CHRW,2025-10-30,-0.12631000578403473,0.8416699767112732,5
CHTR,2025-10-21,0.014440000057220459,0.006560000125318766,2
CHTR,2025-10-22,0.012980000115931034,0.006539999973028898,2
CHTR,2025-10-23,0.042569998651742935,0.0,1
CHTR,2025-10-24,0.8679900169372559,0.0006200000061653554,2
CHTR,2025-10-25,0.8634399771690369,0.0,1
CHTR,2025-10-27,0.865880012512207,0.0,1
CHTR,2025-10-29,0.44422999024391174,0.6166999936103821,2
CHTR,2025-10-30,0.9084200263023376,0.0,1
CI,2025-10-28,-0.03181999921798706,1.2053899765014648,2
CI,2025-10-29,0.870710015296936,0.052710000425577164,2
CI,2025-10-30,0.14979000389575958,0.689769983291626,13
CINF,2025-10-09,0.6112200021743774,0.0,1
CINF,2025-10-13,-0.9147899746894836,0.0,1
CINF,2025-10-20,-0.8602399826049805,0.0,1
CINF,2025-10-22,0.4339500069618225,0.0,1
CINF,2025-10-23,-0.0763000026345253,1.1710200309753418,2
CINF,2025-10-26,0.8823300004005432,0.0,1
CINF,2025-10-27,0.5111899971961975,0.5943800210952759,7
CINF,2025-10-28,-0.01955999992787838,1.2765100002288818,2
CINF,2025-10-29,-0.38117000460624695,0.5383800268173218,2
CINF,2025-10-30,0.15426,0.76817,18
CL,2025-10-18,0.909850001335144,0.0,1
CL,2025-10-21,-0.016170000657439232,1.267930030822754,2
CL,2025-10-22,0.015519999898970127,0.0,1
CL,2025-10-23,0.6218100190162659,0.0,1
CL,2025-10-24,0.016100000590085983,0.0,1
CL,2025-10-27,0.02336999960243702,0.0,1
CL,2025-10-30,0.8541899919509888,0.038839999586343765,2
CLX,2025-10-13,0.037700001150369644,1.243499994277954,2
CLX,2025-10-15,-0.8557599782943726,0.013570000417530537,2
CLX,2025-10-16,0.10532999783754349,0.0,1
CLX,2025-10-18,0.730239987373352,0.1944199949502945,2
CLX,2025-10-19,0.9095600247383118,0.0,1
CLX,2025-10-27,0.02336999960243702,0.0,1
CLX,2025-10-29,0.7756500244140625,0.0,1
CLX,2025-10-30,-0.8581399917602539,0.0,1
CMCSA,2025-10-30,0.03804999962449074,0.6778600215911865,19
CME,2025-10-22,0.25119999051094055,0.3527800142765045,2
CME,2025-10-23,-0.6586499810218811,0.42831000685691833,4
CME,2025-10-29,-0.0012400000123307109,1.2280999422073364,2
CME,2025-10-30,0.29113999009132385,0.0,1
CMG,2025-10-30,0.2261199951171875,0.39302998781204224,14
CMI,2025-10-11,0.5533599853515625,0.0,1
CMI,2025-10-14,0.625540018081665,0.0,1
CMI,2025-10-16,-0.2521899938583374,0.8085100054740906,2
CMI,2025-10-17,-0.11060000211000443,0.8669400215148926,3
CMI,2025-10-26,0.8191900253295898,0.0,1
CMI,2025-10-28,-0.8754299879074097,0.0,1
CMI,2025-10-30,-0.9312400221824646,0.0,1
CMS,2025-10-02,0.5964000225067139,0.0,1
CMS,2025-10-14,0.9018599987030029,0.016019999980926514,2
CMS,2025-10-17,0.709850013256073,0.0,1
CMS,2025-10-20,0.21741999685764313,0.0,1
CMS,2025-10-23,0.8788400292396545,0.0,1
CMS,2025-10-26,0.8393499851226807,0.0,1
CMS,2025-10-30,-0.2807900011539459,0.8068900108337402,5
CNC,2025-10-28,0.910610020160675,0.0,1
CNC,2025-10-29,-0.024639999493956566,0.7259200215339661,13
CNC,2025-10-30,-0.7534599900245667,0.2660900056362152,3
CNP,2025-10-23,-0.42048001289367676,0.7305200099945068,7
CNP,2025-10-24,0.05138000100851059,0.0,1
CNP,2025-10-27,-0.01522000040858984,0.0,1
CNP,2025-10-28,0.011889999732375145,0.0,1
CNP,2025-10-30,-0.09824,0.72622,12
COF,2025-10-23,0.18091000616550446,0.970579981803894,2
COF,2025-10-24,0.10839000344276428,1.0187900066375732,2
COF,2025-10-25,0.8733100295066833,0.0,1
COF,2025-10-27,0.09188000112771988,1.1240999698638916,2
COF,2025-10-29,0.07930999994277954,0.7648599743843079,2
COF,2025-10-30,0.7625200152397156,0.0,1
COIN,2025-10-30,0.2555199861526489,0.6664599776268005,14
COO,2025-09-22,-0.011239999905228615,1.2734400033950806,2
COO,2025-09-26,-0.9242500066757202,0.0,1
COO,2025-10-01,0.8782699704170227,0.0,1
COO,2025-10-03,0.7015799880027771,0.0,1
COO,2025-10-20,0.17057999968528748,0.16373999416828156,3
COO,2025-10-22,-0.8349800109863281,0.0,1
COO,2025-10-28,0.8923799991607666,0.0,1
COO,2025-10-30,0.12023,0.76228,10
COP,2025-10-23,0.7585099935531616,0.0,1
COP,2025-10-24,0.45111000537872314,0.6035500168800354,2
COP,2025-10-25,0.3881700038909912,0.0,1
COP,2025-10-27,-0.8650599718093872,0.0,1
COP,2025-10-28,0.5608699917793274,0.10993999987840652,2
COP,2025-10-30,0.28192999958992004,0.3737899959087372,2
COR,2025-10-13,-0.4186600148677826,0.4049000144004822,2
COR,2025-10-14,-0.07276999950408936,0.0,1
COR,2025-10-21,-0.34762001037597656,0.0,1
COR,2025-10-22,0.898859977722168,0.0,1
COR,2025-10-26,-0.8734700083732605,0.0,1
COR,2025-10-28,-0.88919997215271,0.0,1
COR,2025-10-29,0.013749999925494194,0.7415199875831604,2
COR,2025-10-30,-0.23267,0.61899,9
COST,2025-10-27,-0.8209499716758728,0.0,1
COST,2025-10-28,0.37839001417160034,0.7295899987220764,5
COST,2025-10-30,0.3284800052642822,0.3707999885082245,2
CPAY,2025-10-23,0.4201900064945221,0.0,1
CPAY,2025-10-24,0.9031999707221985,0.0,1
CPAY,2025-10-29,0.3777100145816803,0.4059700071811676,2
CPAY,2025-10-30,0.5197,0.34742,4
CPB,2025-10-02,0.008510000072419643,0.0,1
CPB,2025-10-03,0.14894999563694,0.0,1
CPB,2025-10-08,0.0362900011241436,1.2000800371170044,2
CPB,2025-10-09,0.06088000163435936,0.0,1
CPB,2025-10-16,-0.696590006351471,0.0,1
CPB,2025-10-27,0.7321400046348572,0.056609999388456345,2
CPB,2025-10-28,0.9013299942016602,0.0,1
CPB,2025-10-30,0.21777,0.65334,9
CPRT,2025-10-02,0.6856200098991394,0.0,1
CPRT,2025-10-03,0.9064599871635437,0.0,1
CPRT,2025-10-13,-0.004619999788701534,0.0,1
CPRT,2025-10-15,0.4767400026321411,0.0,1
CPRT,2025-10-16,0.6555799841880798,0.0,1
CPRT,2025-10-19,0.3416599929332733,0.4857099950313568,2
CPRT,2025-10-21,0.5193099975585938,0.3410699963569641,2
CPRT,2025-10-23,0.4496299922466278,0.6324800252914429,2
CPRT,2025-10-25,0.836430013179779,0.0,1
CPRT,2025-10-27,0.7562999725341797,0.19366000592708588,2
CPRT,2025-10-29,0.36621999740600586,0.0,1
CPRT,2025-10-30,0.53708,0.33452,15
CPT,2025-07-31,0.05705000087618828,0.8550300002098083,3
CPT,2025-08-01,-0.9198799729347229,0.0,1
CPT,2025-08-02,-0.9185699820518494,0.0,1
CPT,2025-08-14,0.913100004196167,0.0,1
CPT,2025-08-23,0.8872100114822388,0.0,1
CPT,2025-08-28,0.05172000080347061,0.0,1
CPT,2025-09-03,0.8512899875640869,0.0,1
CPT,2025-09-04,-0.9125300049781799,0.0,1
CPT,2025-09-15,0.8923400044441223,0.0008999999845400453,2
CPT,2025-09-19,0.905239999294281,0.0,1
CPT,2025-09-24,0.05530000105500221,0.0,1
CPT,2025-10-04,0.8362399935722351,0.0,1
CPT,2025-10-09,0.8811299800872803,0.0,1
CPT,2025-10-15,0.8966599702835083,0.0,1
CPT,2025-10-30,0.32251,0.76114,17
CRL,2025-10-04,-0.19864000380039215,0.9945799708366394,2
CRL,2025-10-08,-0.6501500010490417,0.0,1
CRL,2025-10-09,0.2506200075149536,0.0,1
CRL,2025-10-11,0.8209400177001953,0.0,1
CRL,2025-10-14,0.8963199853897095,0.005429999902844429,2
CRL,2025-10-15,0.6000099778175354,0.0,1
CRL,2025-10-20,-0.4269300103187561,0.448199987411499,3
CRL,2025-10-22,0.3409000039100647,0.46619999408721924,2
CRL,2025-10-23,0.8943899869918823,0.0,1
CRL,2025-10-24,0.9129800200462341,0.0,1
CRL,2025-10-29,0.30855000019073486,0.0,1
CRL,2025-10-30,0.24586,0.65086,16
CRM,2025-10-28,0.575760006904602,0.3980900049209595,5
CRM,2025-10-29,0.44979000091552734,0.337119996547699,4
CRM,2025-10-30,0.034929998219013214,1.250440001487732,2
CRWD,2025-10-28,0.5542200207710266,0.49494001269340515,8
CRWD,2025-10-29,0.8410099744796753,0.024369999766349792,2
CRWD,2025-10-30,-0.4949600100517273,0.0,1
CSCO,2025-10-28,0.05793000012636185,0.7789199948310852,3
CSCO,2025-10-29,0.6388700008392334,0.3004800081253052,4
CSCO,2025-10-30,0.9006900191307068,0.018719999119639397,3
CSGP,2025-10-22,0.4171299934387207,0.0,1
CSGP,2025-10-23,0.8953700065612793,0.0,1
CSGP,2025-10-24,0.8444600105285645,0.0,1
CSGP,2025-10-26,0.7255300283432007,0.0,1
CSGP,2025-10-27,0.9172599911689758,0.0,1
CSGP,2025-10-28,-0.07581000030040741,0.8121500015258789,5
CSGP,2025-10-29,-0.19548000395298004,0.7174800038337708,5
CSGP,2025-10-30,0.4408000111579895,0.3255999982357025,4
CSX,2025-10-17,0.09030000120401382,0.6901400089263916,6
CSX,2025-10-18,-0.007309999782592058,0.0,1
CSX,2025-10-23,0.876259982585907,0.0,1
CSX,2025-10-27,0.8580700159072876,0.0,1
CSX,2025-10-29,0.41718998551368713,0.6211299896240234,3
CSX,2025-10-30,0.8904100060462952,0.0,1
CTAS,2025-09-24,-0.8900899887084961,0.07118000090122223,4
CTAS,2025-09-25,0.7195600271224976,0.0,1
CTAS,2025-09-27,0.14541000127792358,0.0,1
CTAS,2025-10-01,0.8858399987220764,0.010300000198185444,2
CTAS,2025-10-08,-0.15173999965190887,0.707859992980957,2
CTAS,2025-10-16,0.8918300271034241,0.0,1
CTAS,2025-10-22,0.8503699898719788,0.0,1
CTAS,2025-10-24,0.00786999985575676,0.0,1
CTAS,2025-10-25,-0.6670799851417542,0.0,1
CTAS,2025-10-28,0.5137400031089783,0.4401499927043915,3
CTAS,2025-10-30,0.08218,0.74447,17
CTRA,2025-10-02,0.3283199965953827,0.6779699921607971,2
CTRA,2025-10-03,-0.7292199730873108,0.0,1
CTRA,2025-10-07,0.9057499766349792,0.0,1
CTRA,2025-10-08,-0.8377400040626526,0.0,1
CTRA,2025-10-13,0.8655800223350525,0.0,1
CTRA,2025-10-15,0.8999900221824646,0.0,1
CTRA,2025-10-17,0.8299199938774109,0.0,1
CTRA,2025-10-18,0.42124998569488525,0.0,1
CTRA,2025-10-20,0.7539899945259094,0.0,1
CTRA,2025-10-21,0.026750000193715096,0.0,1
CTRA,2025-10-27,-0.8715299963951111,0.0,1
CTRA,2025-10-28,0.6330900192260742,0.0,1
CTRA,2025-10-30,0.9191300272941589,0.0,1
CTSH,2025-10-22,0.8605800271034241,0.04204000160098076,2
CTSH,2025-10-23,0.8913300037384033,0.0,1
CTSH,2025-10-24,0.8318700194358826,0.05668000131845474,2
CTSH,2025-10-27,0.005100000184029341,1.2217400074005127,2
CTSH,2025-10-28,0.6447700262069702,0.051330000162124634,2
CTSH,2025-10-29,-0.09166000038385391,0.795199990272522,7
CTSH,2025-10-30,0.3084,0.74488,16
CTVA,2025-10-15,0.2678000032901764,0.0,1
CTVA,2025-10-16,0.28696998953819275,0.0,1
CTVA,2025-10-19,-0.9111800193786621,0.0,1
CTVA,2025-10-22,0.043480001389980316,1.1853300333023071,2
CTVA,2025-10-24,0.8544999957084656,0.0,1
CTVA,2025-10-28,-0.3263300061225891,0.0,1
CTVA,2025-10-29,-0.054179999977350235,1.0156699419021606,2
CTVA,2025-10-30,0.8807200193405151,0.0,1
CVS,2025-10-29,-0.21654999256134033,0.5864599943161011,9
CVS,2025-10-30,-0.8398600220680237,0.07100000232458115,3
CVX,2025-10-28,0.9143099784851074,0.0,1
CVX,2025-10-30,0.7104099988937378,0.18786999583244324,3
D,2025-10-14,-0.840499997138977,0.0,1
D,2025-10-16,0.24240000545978546,1.0056999921798706,3
D,2025-10-18,0.7518500089645386,0.0,1
D,2025-10-23,-0.2842999994754791,0.0,1
D,2025-10-24,0.6091399788856506,0.5037000179290771,3
D,2025-10-25,0.6459400057792664,0.0,1
D,2025-10-27,0.47227999567985535,0.15703999996185303,2
D,2025-10-28,0.7273799777030945,0.11683999747037888,3
D,2025-10-29,0.1814199984073639,0.0,1
D,2025-10-30,0.38348,0.59748,16
DAL,2025-10-27,-0.18840999901294708,0.22608999907970428,2
DAL,2025-10-28,0.44095999002456665,0.513480007648468,2
DAL,2025-10-29,-0.15476000308990479,0.8360900282859802,2
DAL,2025-10-30,0.9034900069236755,0.0,1
DASH,2025-10-23,0.5395200252532959,0.2242099940776825,2
DASH,2025-10-24,0.07653000205755234,1.047569990158081,2
DASH,2025-10-27,0.8460699915885925,0.06446000188589096,2
DASH,2025-10-28,-0.016620000824332237,1.28410005569458,2
DASH,2025-10-29,0.5824000239372253,0.0,1
DASH,2025-10-30,0.4678100049495697,0.4544300138950348,2
DAY,2025-10-07,0.4351100027561188,0.7168599963188171,4
DAY,2025-10-08,0.7561299800872803,0.0,1
DAY,2025-10-11,0.6386899948120117,0.0,1
DAY,2025-10-13,0.8976600170135498,0.0,1
DAY,2025-10-16,0.8863300085067749,0.0,1
DAY,2025-10-17,-0.19537000358104706,0.0,1
DAY,2025-10-20,-0.8641800284385681,0.0,1
DAY,2025-10-27,0.8856599926948547,0.0,1
DAY,2025-10-28,0.8362799882888794,0.0,1
DAY,2025-10-29,0.13947999477386475,0.671500027179718,5
DAY,2025-10-30,-0.8507900238037109,0.0,1
DD,2025-10-13,0.7645400166511536,0.0,1
DD,2025-10-14,0.5284299850463867,0.0,1
DD,2025-10-15,0.8028200268745422,0.0,1
DD,2025-10-16,0.7096499800682068,0.0,1
DD,2025-10-20,0.869979977607727,0.0,1
DD,2025-10-21,0.15906000137329102,1.0593700408935547,2
DD,2025-10-22,-0.7998600006103516,0.0,1
DD,2025-10-23,0.022110000252723694,0.0,1
DD,2025-10-24,0.8700900077819824,0.024769999086856842,2
DD,2025-10-28,0.2591699957847595,0.0,1
DD,2025-10-30,0.4346,0.59523,12
DDOG,2025-10-17,-0.020360000431537628,1.248769998550415,2
DDOG,2025-10-19,-0.9184600114822388,0.0,1
DDOG,2025-10-20,0.8726000189781189,0.0,1
DDOG,2025-10-24,0.8700500130653381,0.0,1
DDOG,2025-10-28,0.8200700283050537,0.01590000092983246,2
DDOG,2025-10-29,-0.186599999666214,0.6664999723434448,3
DDOG,2025-10-30,0.4543899893760681,0.6008300185203552,2
DE,2025-10-18,-0.015960000455379486,0.0,1
DE,2025-10-19,0.7133200168609619,0.0,1
DE,2025-10-20,0.7054799795150757,0.22547000646591187,2
DE,2025-10-22,0.006670000031590462,0.9794399738311768,4
DE,2025-10-23,0.8914200067520142,0.0,1
DE,2025-10-25,0.7023599743843079,0.0,1
DE,2025-10-27,0.8924000263214111,0.0,1
DE,2025-10-28,0.007340000011026859,0.0,1
DE,2025-10-29,0.8434399962425232,0.0,1
DE,2025-10-30,0.6700500249862671,0.1986899971961975,3
DECK,2025-10-24,-0.22310000658035278,0.34362998604774475,2
DECK,2025-10-25,0.43860000371932983,0.5045099854469299,2
DECK,2025-10-27,0.8784599900245667,0.00803999975323677,2
DECK,2025-10-28,0.2855600118637085,0.0,1
DECK,2025-10-29,0.2140199989080429,0.6780499815940857,2
DECK,2025-10-30,0.3315899968147278,0.11420000344514847,2
DELL,2025-10-28,0.8698300123214722,0.030939999967813492,3
DELL,2025-10-29,0.3545199930667877,0.9355000257492065,3
DELL,2025-10-30,0.8909199833869934,0.039889998733997345,2
DG,2025-10-15,0.34891000390052795,0.49031999707221985,2
DG,2025-10-16,0.5959100127220154,0.0,1
DG,2025-10-17,0.39704999327659607,0.6993299722671509,2
DG,2025-10-20,-0.664650022983551,0.0,1
DG,2025-10-23,-0.7885500192642212,0.0,1
DG,2025-10-28,0.8888900279998779,0.0,1
DG,2025-10-29,0.8466699719429016,0.0,1
DG,2025-10-30,0.26335,0.66986,9
DGX,2025-10-18,0.8514699935913086,0.0,1
DGX,2025-10-20,0.900629997253418,0.0,1
DGX,2025-10-21,-0.40244999527931213,0.8170599937438965,7
DGX,2025-10-22,-0.21728000044822693,0.7821499705314636,4
DGX,2025-10-26,-0.9163299798965454,0.0,1
DGX,2025-10-27,0.051330000162124634,0.7174599766731262,2
DGX,2025-10-30,-0.17174,0.79947,16
DHI,2025-10-28,0.27750998735427856,0.41936999559402466,7
DHI,2025-10-29,-0.143669992685318,0.3074199855327606,2
DHI,2025-10-30,-0.4211199879646301,0.0,1
DHR,2025-10-21,-0.6534000039100647,0.3149699866771698,4
DHR,2025-10-22,-0.1638299971818924,0.6682000160217285,3
DHR,2025-10-23,0.49371999502182007,0.443340003490448,3
DHR,2025-10-24,-0.4058600068092346,0.0,1
DHR,2025-10-27,0.7543799877166748,0.0,1
DHR,2025-10-28,0.20487000048160553,0.9488700032234192,2
DHR,2025-10-29,0.5136500000953674,0.0,1
DHR,2025-10-30,-0.02347,0.65884,15
DIS,2025-10-28,0.4435499906539917,0.36122000217437744,2
DIS,2025-10-29,0.5428799986839294,0.3853699862957001,5
DIS,2025-10-30,0.5240600109100342,0.500190019607544,4
DLR,2025-10-16,-0.3223699927330017,0.0,1
DLR,2025-10-21,0.8563100099563599,0.0,1
DLR,2025-10-22,-0.6979900002479553,0.0,1
DLR,2025-10-23,0.31185001134872437,0.7213699817657471,6
DLR,2025-10-24,-0.25343000888824463,0.864359974861145,3
DLR,2025-10-25,-0.8714100122451782,0.0,1
DLR,2025-10-30,-0.06061,0.77251,14
DLTR,2025-10-15,-0.45879998803138733,0.5697000026702881,7
DLTR,2025-10-16,-0.8906000256538391,0.0,1
DLTR,2025-10-17,0.8915500044822693,0.0,1
DLTR,2025-10-23,0.7992600202560425,0.0,1
DLTR,2025-10-27,-0.05626000091433525,0.0,1
DLTR,2025-10-28,0.8927500247955322,0.0,1
DLTR,2025-10-30,-0.13124,0.75324,12
DOC,2025-10-06,0.876829981803894,0.0,1
DOC,2025-10-07,0.7317399978637695,0.24018000066280365,2
DOC,2025-10-21,0.7037299871444702,0.22742000222206116,2
DOC,2025-10-23,0.46713998913764954,0.7660199999809265,5
DOC,2025-10-24,-0.8827499747276306,0.052960000932216644,2
DOC,2025-10-25,0.86080002784729,0.0,1
DOC,2025-10-30,0.4231,0.69092,15
DOV,2025-10-23,-0.9387099742889404,0.0,1
DOV,2025-10-24,-0.4649600088596344,0.636929988861084,2
DOV,2025-10-26,-0.9046199917793274,0.0,1
DOV,2025-10-27,0.8982999920845032,0.0,1
DOV,2025-10-28,0.6496700048446655,0.0,1
DOV,2025-10-29,-0.8073400259017944,0.0,1
DOV,2025-10-30,0.14462999999523163,0.5836399793624878,3
DOW,2025-10-23,0.1899999976158142,0.577750027179718,8
DOW,2025-10-24,0.18855999410152435,0.7117199897766113,4
DOW,2025-10-27,0.6876800060272217,0.0,1
DOW,2025-10-28,0.05691999942064285,0.0,1
DOW,2025-10-30,0.21563,0.56244,14
DPZ,2025-10-16,0.3461199998855591,0.5546299815177917,3
DPZ,2025-10-17,-0.8759999871253967,0.0,1
DPZ,2025-10-20,-0.05277999863028526,0.0,1
DPZ,2025-10-21,0.8787500262260437,0.0,1
DPZ,2025-10-22,0.8960400223731995,0.0,1
DPZ,2025-10-26,0.7701299786567688,0.1855500042438507,2
DPZ,2025-10-30,0.38052,0.63614,9
DRI,2025-10-08,-0.6906899809837341,0.0,1
DRI,2025-10-13,0.016380000859498978,0.0,1
DRI,2025-10-14,-0.37457001209259033,0.0,1
DRI,2025-10-20,0.7857699990272522,0.0,1
DRI,2025-10-27,0.4063299894332886,0.0,1
DRI,2025-10-28,-0.7435500025749207,0.0,1
DRI,2025-10-29,0.8567500114440918,0.0,1
DRI,2025-10-30,0.03663,0.66804,7
DTE,2025-10-06,0.49211999773979187,0.0,1
DTE,2025-10-07,0.9107000231742859,0.0,1
DTE,2025-10-14,-0.5713499784469604,0.3806299865245819,2
DTE,2025-10-16,-0.0016899999463930726,1.2528599500656128,2
DTE,2025-10-17,0.6700800061225891,0.0,1
DTE,2025-10-21,0.8793399930000305,0.0,1
DTE,2025-10-27,0.8903499841690063,0.0,1
DTE,2025-10-28,-0.6134899854660034,0.0,1
DTE,2025-10-29,0.830489993095398,0.0,1
DTE,2025-10-30,-0.14375999569892883,0.7019299864768982,5
DUK,2025-10-24,0.9107699990272522,0.0,1
DUK,2025-10-25,-0.017899999395012856,1.0943599939346313,2
DUK,2025-10-27,0.9093000292778015,0.0,1
DUK,2025-10-29,-0.022099999710917473,1.247979998588562,2
DUK,2025-10-30,0.24097000062465668,0.7545599937438965,2
DVA,2025-10-08,0.07062999904155731,0.0,1
DVA,2025-10-09,0.9015600085258484,0.0,1
DVA,2025-10-13,0.9001100063323975,0.0,1
DVA,2025-10-14,0.865149974822998,0.0,1
DVA,2025-10-17,0.45664000511169434,0.5944100022315979,2
DVA,2025-10-20,0.8641600012779236,0.0,1
DVA,2025-10-28,0.13116000592708588,0.9288100004196167,3
DVA,2025-10-29,-0.0029200001154094934,0.9070799946784973,3
DVA,2025-10-30,0.42572999000549316,0.6331899762153625,2
DVN,2025-10-02,0.08129999786615372,0.700469970703125,2
DVN,2025-10-09,0.6574500203132629,0.0,1
DVN,2025-10-10,0.7691599726676941,0.19721999764442444,2
DVN,2025-10-11,0.5918899774551392,0.0,1
DVN,2025-10-16,0.0023799999617040157,0.0,1
DVN,2025-10-21,0.8875600099563599,0.0017099999822676182,2
DVN,2025-10-22,0.8197199702262878,0.04651999846100807,3
DVN,2025-10-24,0.7101799845695496,0.0,1
DVN,2025-10-29,0.014639999717473984,0.0,1
DVN,2025-10-30,0.56512,0.40551,14
DXCM,2025-10-14,0.06159000098705292,0.061409998685121536,2
DXCM,2025-10-15,0.03302000090479851,0.0,1
DXCM,2025-10-16,0.9005100131034851,0.0,1
DXCM,2025-10-21,0.8571599721908569,0.0,1
DXCM,2025-10-23,0.8545500040054321,0.057829998433589935,2
DXCM,2025-10-27,0.8679900169372559,0.0,1
DXCM,2025-10-28,-0.4459399878978729,0.6688899993896484,2
DXCM,2025-10-29,0.5315399765968323,0.460750013589859,3
DXCM,2025-10-30,0.4693000018596649,0.6086400151252747,2
EA,2025-10-24,0.8966900110244751,0.0,1
EA,2025-10-27,0.9049500226974487,0.0,1
EA,2025-10-28,0.09853000193834305,0.5908600091934204,13
EA,2025-10-29,-0.004860000219196081,0.8468700051307678,2
EA,2025-10-30,-0.3740899860858917,0.5478000044822693,2
EBAY,2025-10-28,0.8990100026130676,0.0,1
EBAY,2025-10-29,0.08177000284194946,0.6529499888420105,10
EBAY,2025-10-30,0.03523999825119972,0.5536800026893616,6
ECL,2025-10-13,-0.9172499775886536,0.0,1
ECL,2025-10-14,0.20855000615119934,0.0,1
ECL,2025-10-23,0.4068399965763092,0.5498600006103516,2
ECL,2025-10-27,0.8055700063705444,0.0,1
ECL,2025-10-28,-0.08962000161409378,0.7964800000190735,8
ECL,2025-10-29,-0.48388001322746277,0.604610025882721,3
ECL,2025-10-30,0.6883699893951416,0.0,1
ED,2025-10-01,0.8948699831962585,0.0,1
ED,2025-10-05,-0.59375,0.0,1
ED,2025-10-08,0.6957600116729736,0.005799999926239252,2
ED,2025-10-09,0.8698800206184387,0.0,1
ED,2025-10-13,-0.8993800282478333,0.0,1
ED,2025-10-15,0.4916900098323822,0.30125001072883606,2
ED,2025-10-16,0.43970000743865967,0.7873799800872803,3
ED,2025-10-17,0.5928400158882141,0.0,1
ED,2025-10-21,0.8913900256156921,0.0,1
ED,2025-10-23,0.8968499898910522,0.0,1
ED,2025-10-26,0.8076900243759155,0.0,1
ED,2025-10-30,0.5560399889945984,0.41686001420021057,3
EFX,2025-10-21,-0.3116399943828583,1.0592900514602661,3
EFX,2025-10-22,0.8523200154304504,0.0,1
EFX,2025-10-23,-0.8406500220298767,0.0,1
EFX,2025-10-27,0.2696399986743927,0.690280020236969,4
EFX,2025-10-28,0.856410026550293,0.02855999954044819,2
EFX,2025-10-30,0.46246999502182007,0.605180025100708,2
EG,2025-10-27,0.38256001472473145,0.5072699785232544,6
EG,2025-10-28,0.29273998737335205,0.7569400072097778,4
EG,2025-10-29,-0.2657800018787384,0.8015199899673462,2
EG,2025-10-30,0.0731699988245964,0.2811500132083893,4
EIX,2025-10-22,0.4553300142288208,0.7250900268554688,3
EIX,2025-10-23,0.88441002368927,0.0,1
EIX,2025-10-24,0.7269399762153625,0.15199999511241913,3
EIX,2025-10-28,0.36570000648498535,0.8092300295829773,4
EIX,2025-10-29,-0.07142999768257141,1.200850009918213,2
EIX,2025-10-30,-0.46042001247406006,0.0,1
EL,2025-10-28,-0.27327999472618103,0.5655699968338013,3
EL,2025-10-29,0.7478100061416626,0.16742999851703644,3
EL,2025-10-30,-0.2251800000667572,0.717960000038147,9
ELV,2025-10-21,-0.39750999212265015,0.6828500032424927,7
ELV,2025-10-22,-0.4466699957847595,0.6266400218009949,2
ELV,2025-10-23,0.9015300273895264,0.0,1
ELV,2025-10-26,0.8208000063896179,0.0,1
ELV,2025-10-28,0.8417099714279175,0.0,1
ELV,2025-10-29,0.4675300121307373,0.0,1
ELV,2025-10-30,-0.04957,0.76796,13
EME,2025-10-24,0.15583999454975128,0.0,1
EME,2025-10-26,-0.926360011100769,0.0,1
EME,2025-10-28,0.9084500074386597,0.0,1
EME,2025-10-29,0.800320029258728,0.13750000298023224,2
EME,2025-10-30,0.22080999612808228,0.5972899794578552,10
EMN,2025-09-26,-0.17991000413894653,0.0,1
EMN,2025-10-01,0.013460000045597553,0.0,1
EMN,2025-10-02,0.8061699867248535,0.0,1
EMN,2025-10-03,-0.004110000096261501,0.0,1
EMN,2025-10-06,0.9289100170135498,0.0,1
EMN,2025-10-14,0.891219973564148,0.0,1
EMN,2025-10-15,-0.8942899703979492,0.0,1
EMN,2025-10-22,-0.8555799722671509,0.0,1
EMN,2025-10-23,0.6257799863815308,0.0,1
EMN,2025-10-27,0.01988999918103218,0.0,1
EMN,2025-10-30,0.13515,0.67336,10
EMR,2025-10-20,0.8878200054168701,0.0,1
EMR,2025-10-21,0.8860599994659424,0.021709999069571495,2
EMR,2025-10-22,0.311710000038147,0.40876999497413635,2
EMR,2025-10-23,-0.047269999980926514,1.2276300191879272,2
EMR,2025-10-26,0.02841999940574169,0.602180004119873,2
EMR,2025-10-27,0.90242999792099,0.0,1
EMR,2025-10-28,0.47791001200675964,0.38545000553131104,3
EMR,2025-10-29,0.7526400089263916,0.15374000370502472,2
EMR,2025-10-30,-0.2614299952983856,0.0,1
EOG,2025-10-07,-0.18738999962806702,0.0,1
EOG,2025-10-08,0.7003999948501587,0.0284000001847744,2
EOG,2025-10-13,0.029529999941587448,0.0,1
EOG,2025-10-19,0.8247500061988831,0.0,1
EOG,2025-10-22,-0.6428599953651428,0.0,1
EOG,2025-10-23,0.8716800212860107,0.017190000042319298,2
EOG,2025-10-30,0.27660998702049255,0.36129000782966614,2
EPAM,2025-10-10,0.8658599853515625,0.0,1
EPAM,2025-10-14,0.4088900089263916,0.0,1
EPAM,2025-10-15,0.01924999989569187,0.0,1
EPAM,2025-10-16,-0.8478999733924866,0.0,1
EPAM,2025-10-21,0.3862000107765198,0.12849999964237213,2
EPAM,2025-10-22,0.8261200189590454,0.08212000131607056,2
EPAM,2025-10-23,0.5418300032615662,0.5405200123786926,3
EPAM,2025-10-28,0.04213999956846237,0.0,1
EPAM,2025-10-30,0.03598000109195709,0.0,1
EQIX,2025-10-23,-0.49390000104904175,0.0,1
EQIX,2025-10-24,0.9175400137901306,0.0,1
EQIX,2025-10-26,0.7932500243186951,0.0,1
EQIX,2025-10-27,0.8450199961662292,0.010730000212788582,2
EQIX,2025-10-29,0.07474999874830246,0.7364299893379211,7
EQIX,2025-10-30,-0.922540009021759,0.0,1
EQR,2025-09-18,0.7594000101089478,0.002959999954327941,2
EQR,2025-10-07,0.8519899845123291,0.0,1
EQR,2025-10-10,0.9016900062561035,0.0,1
EQR,2025-10-23,0.8632500171661377,0.032669998705387115,3
EQR,2025-10-28,0.7169600129127502,0.3425399959087372,4
EQR,2025-10-29,-0.45570001006126404,0.6570900082588196,2
EQR,2025-10-30,-0.012269999831914902,1.1233199834823608,2
EQT,2025-10-17,0.8643199801445007,0.01607000082731247,2
EQT,2025-10-18,0.9156000018119812,0.0,1
EQT,2025-10-20,-0.8463600277900696,0.0,1
EQT,2025-10-21,0.8509399890899658,0.064690001308918,2
EQT,2025-10-22,-0.9038599729537964,0.0,1
EQT,2025-10-23,-0.6393499970436096,0.3948400020599365,2
EQT,2025-10-27,0.8268499970436096,0.0,1
EQT,2025-10-29,0.5778599977493286,0.0,1
EQT,2025-10-30,0.8412399888038635,0.0,1
ERIE,2025-08-07,0.582539975643158,0.3328399956226349,3
ERIE,2025-08-08,0.01597999967634678,0.0,1
ERIE,2025-08-10,0.029529999941587448,0.0,1
ERIE,2025-08-12,0.6268399953842163,0.07408999651670456,2
ERIE,2025-08-22,0.6929200291633606,0.0,1
ERIE,2025-09-02,0.8932999968528748,0.0,1
ERIE,2025-09-22,0.5182899832725525,0.0,1
ERIE,2025-09-24,0.06084999814629555,0.0,1
ERIE,2025-10-02,-0.7277799844741821,0.0,1
ERIE,2025-10-14,0.5870500206947327,0.3001500070095062,2
ERIE,2025-10-22,0.924809992313385,0.0,1
ERIE,2025-10-26,0.7291300296783447,0.0,1
ERIE,2025-10-29,0.8620799779891968,0.0,1
ERIE,2025-10-30,0.48085,0.43952,17
ES,2025-10-18,-0.020560000091791153,0.0,1
ES,2025-10-25,0.09694000333547592,0.8711299896240234,2
ES,2025-10-28,-0.8928599953651428,0.0,1
ES,2025-10-29,0.8918200135231018,0.020160000771284103,2
ES,2025-10-30,-0.7046899795532227,0.0,1
ESS,2025-10-05,0.5083600282669067,0.0,1
ESS,2025-10-06,-0.5168499946594238,0.0,1
ESS,2025-10-08,0.9255200028419495,0.0,1
ESS,2025-10-13,-0.025340000167489052,1.2565300464630127,2
ESS,2025-10-16,0.8742200136184692,0.0,1
ESS,2025-10-17,0.8947299718856812,0.0,1
ESS,2025-10-27,0.9126799702644348,0.0,1
ESS,2025-10-28,-0.12393999844789505,0.0,1
ESS,2025-10-29,0.3604699969291687,0.57778000831604,4
ESS,2025-10-30,-0.5235400199890137,0.0,1
ETN,2025-10-17,0.924049973487854,0.0,1
ETN,2025-10-18,0.9086199998855591,0.0,1
ETN,2025-10-19,0.8634300231933594,0.0,1
ETN,2025-10-21,0.8875200152397156,0.04349000006914139,2
ETN,2025-10-22,0.01640000008046627,0.0,1
ETN,2025-10-24,0.6427199840545654,0.0,1
ETN,2025-10-27,0.90242999792099,0.0,1
ETN,2025-10-28,0.8609200119972229,0.0,1
ETN,2025-10-29,0.8545500040054321,0.0,1
ETN,2025-10-30,0.42441999912261963,0.0,1
ETR,2025-10-23,0.7641199827194214,0.22649000585079193,3
ETR,2025-10-24,0.797819972038269,0.0,1
ETR,2025-10-25,-0.09357000142335892,0.0,1
ETR,2025-10-27,-0.42410001158714294,0.6422799825668335,2
ETR,2025-10-29,0.2032800018787384,0.8216000199317932,7
ETR,2025-10-30,-0.15360000729560852,0.0,1
EVRG,2025-08-07,0.14685000479221344,0.7081400156021118,4
EVRG,2025-08-09,-0.7747899889945984,0.0,1
EVRG,2025-08-11,0.6557499766349792,0.0,1
EVRG,2025-09-21,0.7429199814796448,0.0,1
EVRG,2025-09-23,-0.46362000703811646,0.0,1
EVRG,2025-09-24,0.0674000009894371,0.0,1
EVRG,2025-09-30,-0.6581299901008606,0.0,1
EVRG,2025-10-02,-0.9279800057411194,0.0,1
EVRG,2025-10-04,0.6573399901390076,0.0,1
EVRG,2025-10-10,0.5913800001144409,0.0,1
EVRG,2025-10-16,0.8608099818229675,0.0,1
EVRG,2025-10-21,0.8965700268745422,0.0,1
EVRG,2025-10-23,0.886489987373352,0.0,1
EVRG,2025-10-25,-0.15415999293327332,0.0,1
EVRG,2025-10-30,0.17455,0.67569,17
EW,2025-10-10,0.7213699817657471,0.0,1
EW,2025-10-17,-0.5456500053405762,0.5228700041770935,2
EW,2025-10-21,-0.26440000534057617,0.0,1
EW,2025-10-23,0.8006100058555603,0.16338999569416046,2
EW,2025-10-24,-0.2495100051164627,0.0,1
EW,2025-10-27,-0.3042699992656708,0.9620699882507324,3
EW,2025-10-28,0.8480200171470642,0.0,1
EW,2025-10-30,-0.06162000074982643,1.2264699935913086,2
EXC,2025-10-08,-0.891759991645813,0.0,1
EXC,2025-10-09,-0.8260499835014343,0.0,1
EXC,2025-10-10,0.9000399708747864,0.0,1
EXC,2025-10-13,-0.4097900092601776,0.0,1
EXC,2025-10-14,0.8947100043296814,0.0,1
EXC,2025-10-15,0.199630007147789,0.6896200180053711,2
EXC,2025-10-25,-0.21182000637054443,0.8664600253105164,2
EXC,2025-10-28,0.6013500094413757,0.0,1
EXC,2025-10-29,0.8778499960899353,0.0,1
EXC,2025-10-30,0.5911999940872192,0.23984000086784363,2
EXE,2025-09-25,0.10452999919652939,0.0,1
EXE,2025-09-29,0.6556100249290466,0.0,1
EXE,2025-10-03,0.5498899817466736,0.0,1
EXE,2025-10-15,0.9139999747276306,0.0,1
EXE,2025-10-17,0.8953700065612793,0.0,1
EXE,2025-10-21,0.5393700003623962,0.0,1
EXE,2025-10-22,-0.7559000253677368,0.09675999730825424,2
EXE,2025-10-28,0.8543499708175659,0.08922000229358673,2
EXE,2025-10-29,-0.2306399941444397,0.0,1
EXE,2025-10-30,0.26627999544143677,0.8511899709701538,3
EXPD,2025-09-22,0.028699999675154686,0.0,1
EXPD,2025-09-29,0.8968300223350525,0.0,1
EXPD,2025-10-04,-0.9174900054931641,0.0,1
EXPD,2025-10-06,0.8527100086212158,0.0,1
EXPD,2025-10-15,0.20316000282764435,0.0,1
EXPD,2025-10-19,-0.861240029335022,0.0,1
EXPD,2025-10-21,0.884909987449646,0.0,1
EXPD,2025-10-28,-0.0714699998497963,0.0,1
EXPD,2025-10-30,0.12701,0.73835,8
EXPE,2025-10-21,0.019829999655485153,1.2310199737548828,2
EXPE,2025-10-23,0.8885800242424011,0.0,1
EXPE,2025-10-24,0.8148900270462036,0.07704000174999237,4
EXPE,2025-10-29,0.1844100058078766,0.0,1
EXPE,2025-10-30,-0.872160017490387,0.0,1
EXR,2025-10-17,0.9036099910736084,0.0,1
EXR,2025-10-26,0.1980299949645996,0.0,1
EXR,2025-10-27,0.8059800267219543,0.0,1
EXR,2025-10-29,0.814490020275116,0.061820000410079956,4
EXR,2025-10-30,0.004999999888241291,0.0,1
F,2025-10-28,0.2707799971103668,0.47652000188827515,7
F,2025-10-29,-0.17500999569892883,0.6667400002479553,7
F,2025-10-30,0.7041100263595581,0.3258399963378906,6
FANG,2025-10-06,-0.514710009098053,0.0,1
FANG,2025-10-08,-0.015650000423192978,0.0,1
FANG,2025-10-13,0.581309974193573,0.0,1
FANG,2025-10-16,0.8960199952125549,0.0,1
FANG,2025-10-17,0.6304799914360046,0.0,1
FANG,2025-10-20,0.8571299910545349,0.0,1
FANG,2025-10-21,0.15654000639915466,0.0,1
FANG,2025-10-26,0.6618199944496155,0.3406499922275543,2
FANG,2025-10-27,0.04328000172972679,0.8376399874687195,2
FANG,2025-10-28,0.099310003221035,0.0,1
FANG,2025-10-30,0.6682999730110168,0.16461999714374542,2
FAST,2025-10-13,0.16224999725818634,0.8158800005912781,4
FAST,2025-10-14,-0.08709999918937683,0.5093399882316589,4
FAST,2025-10-15,0.2374500036239624,0.0,1
FAST,2025-10-17,0.7803699970245361,0.14226999878883362,2
FAST,2025-10-19,0.4952299892902374,0.0,1
FAST,2025-10-20,0.8093100190162659,0.0,1
FAST,2025-10-22,0.901639997959137,0.0,1
FAST,2025-10-29,-0.3874799907207489,0.4430600106716156,2
FAST,2025-10-30,0.22063,0.613,16
FCX,2025-10-23,-0.2130499929189682,0.6125699877738953,10
FCX,2025-10-26,0.7889099717140198,0.0,1
FCX,2025-10-28,0.9131600260734558,0.0,1
FCX,2025-10-30,0.08157999813556671,0.8016200065612793,2
FDS,2025-10-23,0.5735700130462646,0.0,1
FDS,2025-10-24,-0.9292899966239929,0.0,1
FDS,2025-10-29,0.1460600048303604,1.0805599689483643,2
FDS,2025-10-30,-0.6055999994277954,0.0,1
FDX,2025-10-24,0.8784099817276001,0.0372299998998642,2
FDX,2025-10-25,0.11014000326395035,0.0,1
FDX,2025-10-27,0.047449998557567596,1.1456199884414673,2
FDX,2025-10-29,0.4532899856567383,0.7321100234985352,4
FDX,2025-10-30,0.774619996547699,0.20434999465942383,2
FE,2025-10-21,0.891789972782135,0.0,1
FE,2025-10-22,0.21748000383377075,0.9627400040626526,3
FE,2025-10-23,-0.9163500070571899,0.01655999943614006,2
FE,2025-10-24,-0.7451900243759155,0.22594000399112701,2
FE,2025-10-25,0.9183599948883057,0.0,1
FE,2025-10-27,0.8971199989318848,0.0,1
FE,2025-10-30,0.002940000034868717,0.0,1
FFIV,2025-10-22,0.7879400253295898,0.0,1
FFIV,2025-10-26,0.412200003862381,0.0,1
FFIV,2025-10-27,-0.9348099827766418,0.0,1
FFIV,2025-10-28,-0.14159999787807465,0.540149986743927,4
FFIV,2025-10-29,-0.9245799779891968,0.0,1
FFIV,2025-10-30,-0.15321,0.68527,8
FI,2025-10-29,0.2539899945259094,0.3615800142288208,6
FI,2025-10-30,0.14966000616550446,0.5316200256347656,8
FICO,2025-10-23,0.49013999104499817,0.5886600017547607,2
FICO,2025-10-24,0.8125699758529663,0.0,1
FICO,2025-10-27,0.8912100195884705,0.0,1
FICO,2025-10-29,0.3919700086116791,0.1683100014925003,3
FICO,2025-10-30,0.62604,0.32519,9
FIS,2025-10-16,0.6950500011444092,0.2700999975204468,2
FIS,2025-10-17,0.8045899868011475,0.0,1
FIS,2025-10-20,0.6836400032043457,0.0,1
FIS,2025-10-22,0.3766700029373169,0.752590000629425,2
FIS,2025-10-24,0.44165000319480896,0.0,1
FIS,2025-10-25,-0.8450499773025513,0.0,1
FIS,2025-10-28,0.6180700063705444,0.0,1
FIS,2025-10-29,0.09104999899864197,1.0153000354766846,2
FIS,2025-10-30,0.36622,0.62188,11
FITB,2025-10-20,0.7557899951934814,0.0,1
FITB,2025-10-22,0.7313500046730042,0.0,1
FITB,2025-10-23,-0.20570999383926392,0.6405799984931946,2
FITB,2025-10-24,0.8836100101470947,0.0,1
FITB,2025-10-29,0.127470001578331,0.0,1
FITB,2025-10-30,0.3478,0.57832,6
FOX,2025-10-24,0.9025499820709229,0.0,1
FOX,2025-10-27,-0.8144000172615051,0.0,1
FOX,2025-10-28,0.8475199937820435,0.0,1
FOX,2025-10-29,0.8210300207138062,0.10347999632358551,3
FOX,2025-10-30,-0.2547999918460846,0.8121200203895569,10
FOXA,2025-10-24,0.9025499820709229,0.0,1
FOXA,2025-10-27,-0.8144000172615051,0.0,1
FOXA,2025-10-28,0.8475199937820435,0.0,1
FOXA,2025-10-29,0.8210300207138062,0.10347999632358551,3
FOXA,2025-10-30,-0.2547999918460846,0.8121200203895569,10
FRT,2025-10-09,0.8823500275611877,0.0,1
FRT,2025-10-10,0.8922399878501892,0.0,1
FRT,2025-10-13,0.11976999789476395,0.0,1
FRT,2025-10-14,-0.7176499962806702,0.09137000143527985,2
FRT,2025-10-16,0.3003000020980835,0.0,1
FRT,2025-10-28,0.8852400183677673,0.0,1
FRT,2025-10-29,0.019440000876784325,0.0,1
FRT,2025-10-30,0.208,0.6714,8
FSLR,2025-10-14,0.8183299899101257,0.0,1
FSLR,2025-10-15,0.8878300189971924,0.0,1
FSLR,2025-10-16,0.08269999921321869,0.8578400015830994,3
FSLR,2025-10-17,0.9053199887275696,0.012160000391304493,2
FSLR,2025-10-18,0.8503000140190125,0.0,1
FSLR,2025-10-22,-0.1081399992108345,0.0,1
FSLR,2025-10-23,0.8586400151252747,0.0,1
FSLR,2025-10-26,-0.9106000065803528,0.0,1
FSLR,2025-10-27,0.9061300158500671,0.0,1
FSLR,2025-10-29,0.9013500213623047,0.0,1
FSLR,2025-10-30,0.48174,0.67745,13
FTNT,2025-10-16,-0.9042400121688843,0.0,1
FTNT,2025-10-18,-0.5864099860191345,0.0,1
FTNT,2025-10-19,0.3989799916744232,0.0,1
FTNT,2025-10-20,0.853879988193512,0.0,1
FTNT,2025-10-22,0.8500099778175354,0.0,1
FTNT,2025-10-23,0.5545499920845032,0.37391000986099243,4
FTNT,2025-10-28,-0.07986000180244446,0.0,1
FTNT,2025-10-29,0.862339973449707,0.0,1
FTNT,2025-10-30,0.8807100057601929,0.0,1
FTV,2025-10-04,0.03644999861717224,0.0,1
FTV,2025-10-09,0.9099100232124329,0.0,1
FTV,2025-10-21,0.3747200071811676,0.8614500164985657,3
FTV,2025-10-22,0.8422300219535828,0.0,1
FTV,2025-10-28,0.9086499810218811,0.0,1
FTV,2025-10-29,0.2999800145626068,0.7020800113677979,6
FTV,2025-10-30,-0.3933599889278412,0.7497400045394897,2
GD,2025-10-24,-0.35179001092910767,0.7882199883460999,6
GD,2025-10-25,-0.8298199772834778,0.1260800063610077,2
GD,2025-10-26,-0.8982099890708923,0.0,1
GD,2025-10-27,0.8598399758338928,0.0,1
GD,2025-10-29,-0.020320000126957893,1.2596700191497803,2
GD,2025-10-30,-0.32078,0.80571,12
GDDY,2025-10-14,0.8896499872207642,0.0,1
GDDY,2025-10-15,0.6988199949264526,0.16335000097751617,3
GDDY,2025-10-20,0.8858100175857544,0.0,1
GDDY,2025-10-21,0.019419999793171883,0.0,1
GDDY,2025-10-22,0.21689000725746155,0.18859000504016876,2
GDDY,2025-10-23,-0.3086099922657013,0.0,1
GDDY,2025-10-24,0.5419600009918213,0.0,1
GDDY,2025-10-28,0.8952900171279907,0.0,1
GDDY,2025-10-29,0.8836399912834167,0.0,1
GDDY,2025-10-30,0.4523000121116638,0.0,1
GE,2025-10-26,-0.5808299779891968,0.0,1
GE,2025-10-27,0.4210300147533417,0.45451998710632324,3
GE,2025-10-28,0.8814899921417236,0.010099999606609344,2
GE,2025-10-29,0.8694999814033508,0.017240000888705254,3
GE,2025-10-30,0.56153,0.53237,9
GEHC,2025-10-21,0.848800003528595,0.0,1
GEHC,2025-10-22,-0.8990799784660339,0.0,1
GEHC,2025-10-23,0.8363400101661682,0.0,1
GEHC,2025-10-27,0.6487900018692017,0.0,1
GEHC,2025-10-28,0.8945500254631042,0.0,1
GEHC,2025-10-29,0.07878000289201736,0.6619399785995483,10
GEHC,2025-10-30,0.048829998821020126,0.7993900179862976,3
GEN,2025-09-22,0.09318000078201294,0.0,1
GEN,2025-09-23,-0.8701900243759155,0.0,1
GEN,2025-09-29,0.426800012588501,0.0,1
GEN,2025-09-30,0.48093000054359436,0.0,1
GEN,2025-10-01,-0.7128700017929077,0.0,1
GEN,2025-10-03,0.41543999314308167,0.0,1
GEN,2025-10-06,-0.267630010843277,0.0,1
GEN,2025-10-07,0.8691999912261963,0.0,1
GEN,2025-10-08,0.741159975528717,0.0,1
GEN,2025-10-09,0.8934299945831299,0.0,1
GEN,2025-10-10,0.9112799763679504,0.0,1
GEN,2025-10-15,-0.6862099766731262,0.0,1
GEN,2025-10-21,0.7280399799346924,0.0,1
GEN,2025-10-24,0.6946700215339661,0.0,1
GEN,2025-10-30,0.26552,0.64222,14
GEV,2025-10-23,-0.014379999600350857,0.5716300010681152,3
GEV,2025-10-24,0.861840009689331,0.0,1
GEV,2025-10-25,0.43974998593330383,0.03516000136733055,2
GEV,2025-10-27,0.37825000286102295,0.5230799913406372,2
GEV,2025-10-28,0.5455399751663208,0.4076699912548065,3
GEV,2025-10-29,0.7961199879646301,0.12750999629497528,2
GEV,2025-10-30,0.015560000203549862,0.0,1
GILD,2025-10-15,-0.37542998790740967,0.0,1
GILD,2025-10-16,0.39274999499320984,0.6419399976730347,2
GILD,2025-10-18,0.8225100040435791,0.0,1
GILD,2025-10-19,0.7103800177574158,0.0,1
GILD,2025-10-21,0.21066999435424805,0.0,1
GILD,2025-10-22,0.801639974117279,0.11588999629020691,2
GILD,2025-10-23,0.3409000039100647,0.23114000260829926,3
GILD,2025-10-27,0.849590003490448,0.0,1
GILD,2025-10-29,0.708079993724823,0.22398999333381653,4
GILD,2025-10-30,0.52884,0.3868,16
GIS,2025-10-21,0.79066002368927,0.0,1
GIS,2025-10-22,0.673740029335022,0.0,1
GIS,2025-10-23,0.7902500033378601,0.21924999356269836,4
GIS,2025-10-24,0.8021299839019775,0.11584000289440155,2
GIS,2025-10-27,0.7452499866485596,0.0,1
GIS,2025-10-29,0.0018400000408291817,1.2276999950408936,2
GIS,2025-10-30,0.63442,0.51544,11
GL,2025-10-06,0.668940007686615,0.32875001430511475,2
GL,2025-10-09,0.8847799897193909,0.013380000367760658,2
GL,2025-10-15,0.6649699807167053,0.0,1
GL,2025-10-21,0.6768199801445007,0.3141399919986725,2
GL,2025-10-22,0.4753899872303009,0.7854700088500977,5
GL,2025-10-23,-0.9277200102806091,0.007139999885112047,2
GL,2025-10-24,0.5258899927139282,0.0,1
GL,2025-10-26,0.7441099882125854,0.0,1
GL,2025-10-28,-0.8739100098609924,0.0,1
GL,2025-10-29,0.8854900002479553,0.0,1
GL,2025-10-30,0.38495,0.72986,18
GLW,2025-10-28,-0.13892999291419983,0.5875099897384644,9
GLW,2025-10-29,-0.15297000110149384,0.6583700180053711,5
GLW,2025-10-30,-0.14559000730514526,0.5015699863433838,2
GM,2025-10-29,0.016519999131560326,0.0035800000187009573,7
GM,2025-10-30,0.5842800140380859,0.5004900097846985,3
GNRC,2025-10-15,0.911329984664917,0.0,1
GNRC,2025-10-16,0.5780199766159058,0.0,1
GNRC,2025-10-17,-0.29012998938560486,0.0,1
GNRC,2025-10-20,-0.15828000009059906,0.0,1
GNRC,2025-10-22,0.8658599853515625,0.0,1
GNRC,2025-10-27,0.15268999338150024,1.0409499406814575,2
GNRC,2025-10-28,0.8343300223350525,0.09399999678134918,2
GNRC,2025-10-29,0.3053300082683563,0.3944700062274933,8
GNRC,2025-10-30,-0.01915000006556511,0.0,1
GOOG,2025-10-30,0.12151999771595001,0.7166299819946289,11
GOOGL,2025-10-30,0.12151999771595001,0.7166299819946289,11
GPC,2025-10-14,0.8540300130844116,0.0,1
GPC,2025-10-17,-0.21845999360084534,0.0,1
GPC,2025-10-20,0.06182999908924103,1.1951299905776978,2
GPC,2025-10-21,0.06919000297784805,0.7501599788665771,7
GPC,2025-10-23,0.007029999978840351,0.0,1
GPC,2025-10-27,0.6584299802780151,0.0,1
GPC,2025-10-28,0.7184000015258789,0.0,1
GPC,2025-10-29,-0.631380021572113,0.0,1
GPC,2025-10-30,0.07606,0.70644,16
GPN,2025-10-03,0.7878999710083008,0.08003000169992447,2
GPN,2025-10-06,-0.497189998626709,0.0,1
GPN,2025-10-07,0.6833400130271912,0.0,1
GPN,2025-10-08,-0.4172300100326538,0.0,1
GPN,2025-10-19,0.9028000235557556,0.0,1
GPN,2025-10-20,0.263480007648468,0.0,1
GPN,2025-10-21,0.9037200212478638,0.0,1
GPN,2025-10-24,-0.25920000672340393,0.0,1
GPN,2025-10-27,0.8839200139045715,0.0,1
GPN,2025-10-28,-0.8800600171089172,0.0,1
GPN,2025-10-30,0.28722,0.67475,11
GRMN,2025-10-22,0.2992100119590759,0.0,1
GRMN,2025-10-23,0.11641000211238861,1.0164999961853027,2
GRMN,2025-10-24,0.8392699956893921,0.06648000329732895,2
GRMN,2025-10-26,0.5070099830627441,0.0,1
GRMN,2025-10-28,0.14283999800682068,1.110010027885437,2
GRMN,2025-10-29,0.4557499885559082,0.6268100142478943,9
GRMN,2025-10-30,-0.013460000045597553,0.899150013923645,3
GS,2025-10-27,0.8319299817085266,0.015690000727772713,2
GS,2025-10-28,-0.12483999878168106,0.6491199731826782,4
GS,2025-10-29,0.48037999868392944,0.7595099806785583,4
GS,2025-10-30,0.2641499936580658,0.4966999888420105,3
GWW,2025-09-15,0.1029599979519844,0.0,1
GWW,2025-09-16,0.881089985370636,0.0,1
GWW,2025-09-26,0.8776299953460693,0.0,1
GWW,2025-09-29,-0.502240002155304,0.0,1
GWW,2025-10-03,-0.021719999611377716,0.0,1
GWW,2025-10-15,0.8057199716567993,0.0,1
GWW,2025-10-16,0.8720700144767761,0.0,1
GWW,2025-10-24,0.8812699913978577,0.0,1
GWW,2025-10-26,-0.7580599784851074,0.0,1
GWW,2025-10-30,0.758899986743927,0.0,1
HAL,2025-10-24,0.8173099756240845,0.0,1
HAL,2025-10-27,-0.27946001291275024,0.7765499949455261,4
HAL,2025-10-28,0.2111700028181076,0.657010018825531,2
HAL,2025-10-29,0.5882599949836731,0.40435999631881714,2
HAL,2025-10-30,0.7053300142288208,0.0,1
HAS,2025-10-23,-0.9223499894142151,0.0,1
HAS,2025-10-24,-0.6592100262641907,0.4395900070667267,4
HAS,2025-10-25,-0.17157000303268433,0.0,1
HAS,2025-10-26,-0.695110023021698,0.0,1
HAS,2025-10-27,0.621429979801178,0.0,1
HAS,2025-10-28,-0.41753000020980835,0.8300999999046326,3
HAS,2025-10-30,0.07947000116109848,1.0368200540542603,2
HBAN,2025-10-27,0.4502499997615814,0.4876199960708618,4
HBAN,2025-10-28,0.04715000092983246,0.9215499758720398,4
HBAN,2025-10-29,0.015699999406933784,0.0,1
HBAN,2025-10-30,0.22281,0.67401,9
HCA,2025-10-24,-0.9320899844169617,0.0,1
HCA,2025-10-25,0.7483900189399719,0.0,1
HCA,2025-10-26,-0.9346399903297424,0.0,1
HCA,2025-10-27,0.4243699908256531,0.5895599722862244,2
HCA,2025-10-28,0.5118600130081177,0.1652500033378601,3
HCA,2025-10-29,0.5721099972724915,0.06985999643802643,2
HCA,2025-10-30,0.619920015335083,0.5170999765396118,4
HD,2025-10-21,0.5699099898338318,0.0,1
HD,2025-10-22,0.6307600140571594,0.2536599934101105,2
HD,2025-10-23,0.6232799887657166,0.2190299928188324,2
HD,2025-10-27,0.876039981842041,0.019020000472664833,2
HD,2025-10-28,0.8550699949264526,0.0,1
HD,2025-10-29,0.6043499708175659,0.1818300038576126,3
HD,2025-10-30,-0.4331600069999695,0.0,1
HIG,2025-10-01,0.8868499994277954,0.0,1
HIG,2025-10-02,-0.6756600141525269,0.0,1
HIG,2025-10-05,-0.5333899855613708,0.0,1
HIG,2025-10-07,0.8752800226211548,0.0,1
HIG,2025-10-08,0.7011799812316895,0.0,1
HIG,2025-10-10,0.05341000109910965,0.0,1
HIG,2025-10-22,0.44547000527381897,0.0,1
HIG,2025-10-23,-0.8559799790382385,0.0,1
HIG,2025-10-26,0.4384399950504303,0.0,1
HIG,2025-10-27,-0.27827998995780945,0.7358999848365784,4
HIG,2025-10-28,-0.10954999923706055,1.0977699756622314,2
HIG,2025-10-29,-0.9284200072288513,0.0,1
HIG,2025-10-30,-0.05781,0.72496,16
HII,2025-10-21,0.5075399875640869,0.445609986782074,2
HII,2025-10-23,0.7673799991607666,0.11050999909639359,2
HII,2025-10-24,-0.8977100253105164,0.0,1
HII,2025-10-26,-0.8273400068283081,0.0,1
HII,2025-10-27,0.8676599860191345,0.0,1
HII,2025-10-28,-0.16212999820709229,1.0509300231933594,2
HII,2025-10-29,0.9019799828529358,0.0,1
HII,2025-10-30,0.2182600051164627,0.7716299891471863,8
HLT,2025-10-22,-0.4466499984264374,0.4340200126171112,3
HLT,2025-10-23,-0.5337100028991699,0.5237200260162354,2
HLT,2025-10-24,-0.8673800230026245,0.0,1
HLT,2025-10-27,-0.39114999771118164,0.0,1
HLT,2025-10-28,-0.7679499983787537,0.0,1
HLT,2025-10-29,0.4758700132369995,0.546779990196228,4
HLT,2025-10-30,-0.14771,0.65864,13
HOLX,2025-10-21,0.30406999588012695,0.6347100138664246,6
HOLX,2025-10-22,0.7096099853515625,0.23149000108242035,3
HOLX,2025-10-27,0.827459990978241,0.023889999836683273,2
HOLX,2025-10-29,0.7558500170707703,0.0,1
HOLX,2025-10-30,0.8141400218009949,0.0,1
HON,2025-10-28,0.14315000176429749,0.8693699836730957,4
HON,2025-10-29,-0.5674300193786621,0.5481399893760681,3
HON,2025-10-30,0.8755999803543091,0.03013000078499317,4
HOOD,2025-10-29,0.7453399896621704,0.25113001465797424,5
HOOD,2025-10-30,0.46059998869895935,0.5438600182533264,5
HPE,2025-10-27,0.4418700039386749,0.0,1
HPE,2025-10-28,-0.2152000069618225,0.7451599836349487,8
HPE,2025-10-29,0.8649700284004211,0.0,1
HPE,2025-10-30,-0.04148,0.75891,10
HPQ,2025-10-20,0.6627699732780457,0.0,1
HPQ,2025-10-21,0.7136899828910828,0.0,1
HPQ,2025-10-22,0.08264999836683273,0.059119999408721924,2
HPQ,2025-10-24,0.90829998254776,0.0,1
HPQ,2025-10-25,0.5537099838256836,0.0,1
HPQ,2025-10-28,0.4310300052165985,0.6739199757575989,5
HPQ,2025-10-29,0.06338000297546387,1.1159100532531738,2
HPQ,2025-10-30,0.5376200079917908,0.0,1
HRL,2025-10-16,0.24320000410079956,0.0,1
HRL,2025-10-23,0.8941599726676941,0.0,1
HRL,2025-10-25,0.068790003657341,0.0,1
HRL,2025-10-26,-0.38947999477386475,0.0,1
HRL,2025-10-28,0.24839000403881073,0.897379994392395,3
HRL,2025-10-29,0.7138599753379822,0.32440000772476196,5
HRL,2025-10-30,-0.18046000599861145,0.796779990196228,3
HSIC,2025-09-09,0.8340799808502197,0.0,1
HSIC,2025-09-10,-0.8552600145339966,0.0,1
HSIC,2025-09-17,0.8739399909973145,0.0,1
HSIC,2025-09-25,0.04152999818325043,0.009180000051856041,2
HSIC,2025-09-29,-0.001610000035725534,0.0,1
HSIC,2025-10-08,0.9126799702644348,0.0,1
HSIC,2025-10-16,0.03009999915957451,1.1194900274276733,2
HSIC,2025-10-17,0.14500999450683594,0.0,1
HSIC,2025-10-21,0.9019200205802917,0.03748000040650368,2
HSIC,2025-10-22,0.8895300030708313,0.0,1
HSIC,2025-10-23,0.9060999751091003,0.0,1
HSIC,2025-10-28,0.46004998683929443,0.0,1
HSIC,2025-10-30,0.40744,0.61328,15
HST,2025-07-31,0.3307499885559082,0.8224300146102905,2
HST,2025-08-01,0.9079800248146057,0.0,1
HST,2025-08-06,0.8964599967002869,0.0,1
HST,2025-08-11,0.8554199934005737,0.0,1
HST,2025-08-13,-0.13181999325752258,1.1269899606704712,2
HST,2025-08-21,0.9138000011444092,0.0,1
HST,2025-09-02,-0.5631700158119202,0.0,1
HST,2025-09-11,0.8802899718284607,0.0,1
HST,2025-09-12,0.8362699747085571,0.0,1
HST,2025-09-25,0.6989799737930298,0.0,1
HST,2025-09-26,0.051100000739097595,0.0,1
HST,2025-09-30,0.8659200072288513,0.0,1
HST,2025-10-03,-0.8205400109291077,0.0,1
HST,2025-10-21,0.8723300099372864,0.0,1
HST,2025-10-22,0.9005200266838074,0.0,1
HST,2025-10-30,0.45254,0.6704,17
HSY,2025-10-27,0.7307800054550171,0.0,1
HSY,2025-10-28,0.8153899908065796,0.0,1
HSY,2025-10-29,0.3129499852657318,0.5141100287437439,3
HSY,2025-10-30,-0.03573000058531761,0.6285899877548218,12
HUBB,2025-10-17,0.1409199982881546,0.9269999861717224,3
HUBB,2025-10-21,0.8703399896621704,0.0,1
HUBB,2025-10-22,0.5220400094985962,0.0,1
HUBB,2025-10-27,0.8889899849891663,0.0,1
HUBB,2025-10-28,0.21926000714302063,0.7297499775886536,5
HUBB,2025-10-29,-0.16808000206947327,0.9834200143814087,2
HUBB,2025-10-30,-0.9286400079727173,0.0,1
HUM,2025-10-21,-0.2224700003862381,0.0,1
HUM,2025-10-22,0.8885499835014343,0.011429999954998493,2
HUM,2025-10-23,0.06858000159263611,0.8784300088882446,2
HUM,2025-10-25,-0.9292299747467041,0.0,1
HUM,2025-10-28,0.1838800013065338,0.8962399959564209,3
HUM,2025-10-29,-0.598609983921051,0.0,1
HUM,2025-10-30,0.07156,0.76654,10
HWM,2025-10-23,0.8895000219345093,0.00039000000106170774,2
HWM,2025-10-24,0.6725199818611145,0.2578499913215637,2
HWM,2025-10-27,0.9052199721336365,0.0,1
HWM,2025-10-28,0.8818699717521667,0.0,1
HWM,2025-10-29,0.060910001397132874,1.1964999437332153,2
HWM,2025-10-30,0.21708999574184418,0.7838500142097473,7
IBKR,2025-10-17,-0.3098300099372864,0.416020005941391,5
IBKR,2025-10-21,0.7773699760437012,0.0,1
IBKR,2025-10-23,0.854960024356842,0.08218000084161758,2
IBKR,2025-10-27,0.8053200244903564,0.0,1
IBKR,2025-10-29,0.45719999074935913,0.3377099931240082,2
IBKR,2025-10-30,0.4277400076389313,0.0,1
IBM,2025-10-28,0.155689999461174,0.0,1
IBM,2025-10-29,0.13886000216007233,0.8400800228118896,5
IBM,2025-10-30,0.050930000841617584,0.741919994354248,3
ICE,2025-10-27,0.7297800183296204,0.1984899938106537,3
ICE,2025-10-29,0.8957800269126892,0.0,1
ICE,2025-10-30,0.13245999813079834,0.8019899725914001,7
IDXX,2025-10-01,-0.02701999992132187,1.2674599885940552,2
IDXX,2025-10-07,0.8865399956703186,0.0,1
IDXX,2025-10-08,0.8616799712181091,0.0,1
IDXX,2025-10-09,-0.37988999485969543,0.6512799859046936,4
IDXX,2025-10-15,0.9061499834060669,0.0,1
IDXX,2025-10-20,0.8750600218772888,0.0,1
IDXX,2025-10-21,0.8789799809455872,0.0,1
IDXX,2025-10-22,-0.9200699925422668,0.0,1
IDXX,2025-10-27,0.8103799819946289,0.0,1
IDXX,2025-10-29,0.8814399838447571,0.0,1
IDXX,2025-10-30,0.27219000458717346,0.0,1
IEX,2025-10-05,0.31356000900268555,0.0,1
IEX,2025-10-10,0.8866400122642517,0.0,1
IEX,2025-10-17,0.888759970664978,0.0,1
IEX,2025-10-19,-0.9028699994087219,0.0,1
IEX,2025-10-22,-0.8224300146102905,0.0,1
IEX,2025-10-27,0.7586100101470947,0.0,1
IEX,2025-10-28,0.9093899726867676,0.0,1
IEX,2025-10-29,0.16007000207901,0.791159987449646,7
IEX,2025-10-30,-0.9174299836158752,0.0,1
IFF,2025-10-01,-0.9032400250434875,0.0,1
IFF,2025-10-03,0.43612000346183777,0.6462699770927429,2
IFF,2025-10-09,0.7791399955749512,0.0,1
IFF,2025-10-11,0.08933000266551971,0.0,1
IFF,2025-10-13,0.23755000531673431,0.0,1
IFF,2025-10-14,0.9054499864578247,0.0,1
IFF,2025-10-15,-0.14484000205993652,0.0,1
IFF,2025-10-17,0.9034799933433533,0.0,1
IFF,2025-10-18,-0.026969999074935913,0.7102900147438049,3
IFF,2025-10-21,-0.7552199959754944,0.0,1
IFF,2025-10-22,0.8709499835968018,0.0,1
IFF,2025-10-28,-0.861270010471344,0.0,1
IFF,2025-10-29,0.5052199959754944,0.0,1
IFF,2025-10-30,0.20543000102043152,0.0,1
INCY,2025-10-25,0.029190000146627426,0.0,1
INCY,2025-10-26,-0.902400016784668,0.0,1
INCY,2025-10-27,0.30461999773979187,0.8377299904823303,2
INCY,2025-10-28,0.11849000304937363,0.8001899719238281,10
INCY,2025-10-29,-0.3439899981021881,0.8228999972343445,2
INCY,2025-10-30,0.8474299907684326,0.0,1
INTC,2025-10-29,0.3715499937534332,0.6390600204467773,2
INTC,2025-10-30,0.4123699963092804,0.5974100232124329,5
INTU,2025-10-17,-0.11513999849557877,1.0051100254058838,2
INTU,2025-10-18,-0.7436699867248535,0.0,1
INTU,2025-10-21,0.3832100033760071,0.8255699872970581,3
INTU,2025-10-22,0.905239999294281,0.0,1
INTU,2025-10-23,0.8907099962234497,0.0,1
INTU,2025-10-26,0.7686799764633179,0.0,1
INTU,2025-10-27,0.8974699974060059,0.022260000929236412,2
INTU,2025-10-28,0.2945899963378906,0.37112998962402344,2
INTU,2025-10-29,0.7072200179100037,0.26886001229286194,3
INTU,2025-10-30,0.45288,0.62628,16
INVH,2025-08-14,0.9020500183105469,0.0,1
INVH,2025-09-09,-0.33647000789642334,0.0,1
INVH,2025-09-12,0.8967400193214417,0.0,1
INVH,2025-09-16,0.7499799728393555,0.0,1
INVH,2025-09-19,0.1127299964427948,0.09811999648809433,2
INVH,2025-09-30,0.7548199892044067,0.0,1
INVH,2025-10-02,0.6158900260925293,0.0,1
INVH,2025-10-06,0.9057000279426575,0.0,1
INVH,2025-10-10,0.8958799839019775,0.0,1
INVH,2025-10-27,0.8942999839782715,0.0,1
INVH,2025-10-29,0.8547999858856201,0.053449999541044235,3
INVH,2025-10-30,-0.9276000261306763,0.0,1
IP,2025-10-17,0.8650500178337097,0.09096000343561172,2
IP,2025-10-20,0.8256499767303467,0.0,1
IP,2025-10-22,-0.9175199866294861,0.0,1
IP,2025-10-23,-0.4185999929904938,0.6401600241661072,2
IP,2025-10-24,0.6571699976921082,0.0,1
IP,2025-10-27,0.9036800265312195,0.0,1
IP,2025-10-29,0.9131900072097778,0.0,1
IP,2025-10-30,0.16854999959468842,0.3197599947452545,7
IPG,2025-09-26,-0.40834999084472656,0.0,1
IPG,2025-09-29,0.41541001200675964,0.5834500193595886,2
IPG,2025-09-30,0.6255099773406982,0.20675000548362732,2
IPG,2025-10-02,0.24231000244617462,0.6999199986457825,3
IPG,2025-10-13,0.8858500123023987,0.0,1
IPG,2025-10-16,0.38697999715805054,0.0,1
IPG,2025-10-17,0.9151399731636047,0.0,1
IPG,2025-10-21,-0.6793799996376038,0.0,1
IPG,2025-10-30,0.12791000306606293,0.0,1
IQV,2025-10-04,-0.5612900257110596,0.0,1
IQV,2025-10-10,0.9158899784088135,0.0,1
IQV,2025-10-15,0.9007200002670288,0.0,1
IQV,2025-10-20,0.45618000626564026,0.0,1
IQV,2025-10-21,0.7633600234985352,0.18106000125408173,2
IQV,2025-10-23,0.7700799703598022,0.16739000380039215,2
IQV,2025-10-27,0.9025999903678894,0.0,1
IQV,2025-10-28,-0.288239985704422,0.8768699765205383,5
IQV,2025-10-29,9.000000136438757e-05,0.9094099998474121,3
IQV,2025-10-30,0.24941,0.77006,17
IR,2025-09-23,0.8951500058174133,0.0,1
IR,2025-10-01,0.8748400211334229,0.0327799990773201,2
IR,2025-10-02,-0.7960900068283081,0.0,1
IR,2025-10-05,0.04163999855518341,0.0,1
IR,2025-10-10,0.8888599872589111,0.0,1
IR,2025-10-13,0.9114500284194946,0.0,1
IR,2025-10-14,0.15276999771595,0.0,1
IR,2025-10-15,0.8946899771690369,0.004120000172406435,2
IR,2025-10-23,0.8192099928855896,0.06131000071763992,2
IR,2025-10-26,-0.29721999168395996,0.0,1
IR,2025-10-28,0.748420000076294,0.0,1
IR,2025-10-29,0.7056499719619751,0.21407000720500946,2
IR,2025-10-30,0.57086,0.5187,16
IRM,2025-09-05,0.06253000348806381,1.2002899646759033,2
IRM,2025-09-08,-0.8188999891281128,0.0,1
IRM,2025-09-17,0.4712499976158142,0.6120200157165527,2
IRM,2025-09-30,0.8212299942970276,0.0,1
IRM,2025-10-02,-0.8599600195884705,0.0,1
IRM,2025-10-06,-0.026040000841021538,1.257830023765564,2
IRM,2025-10-09,0.886709988117218,0.0,1
IRM,2025-10-14,0.7116199731826782,0.0,1
IRM,2025-10-15,0.7868000268936157,0.15724000334739685,2
IRM,2025-10-17,0.8641999959945679,0.0,1
IRM,2025-10-21,0.8921700119972229,0.0,1
IRM,2025-10-22,0.8811799883842468,0.0,1
IRM,2025-10-24,0.8574600219726562,0.0,1
IRM,2025-10-30,0.40146,0.74185,17
ISRG,2025-10-23,0.8199399709701538,0.0,1
ISRG,2025-10-24,0.4193899929523468,0.5803200006484985,3
ISRG,2025-10-25,0.21209000051021576,0.0,1
ISRG,2025-10-27,0.8102499842643738,0.12450999766588211,3
ISRG,2025-10-28,0.5539600253105164,0.0005600000149570405,2
ISRG,2025-10-29,0.6875900030136108,0.11112000048160553,4
ISRG,2025-10-30,0.6128,0.30427,14
IT,2025-10-21,0.26965999603271484,0.7231699824333191,2
IT,2025-10-22,0.01850000023841858,0.9014700055122375,3
IT,2025-10-23,-0.5826399922370911,0.3956100046634674,4
IT,2025-10-24,-0.1867700070142746,0.8018699884414673,3
IT,2025-10-27,-0.7233099937438965,0.2692900002002716,2
IT,2025-10-28,0.004720000084489584,0.005119999870657921,2
IT,2025-10-30,0.1315000057220459,0.6579200029373169,2
ITW,2025-10-22,0.8885999917984009,0.0,1
ITW,2025-10-23,0.907289981842041,0.014170000329613686,2
ITW,2025-10-24,0.3420799970626831,0.6243699789047241,8
ITW,2025-10-25,-0.8615000247955322,0.08540000021457672,2
ITW,2025-10-29,0.2786000072956085,0.4025900065898895,2
ITW,2025-10-30,0.28493,0.69139,15
IVZ,2025-10-28,0.4297899901866913,0.7410399913787842,9
IVZ,2025-10-29,-0.8186299800872803,0.0,1
IVZ,2025-10-30,0.30414000153541565,0.0,1
J,2025-10-09,0.7439299821853638,0.0,1
J,2025-10-10,0.4420199990272522,0.23165999352931976,2
J,2025-10-15,0.5159199833869934,0.5576300024986267,2
J,2025-10-16,-0.622189998626709,0.0,1
J,2025-10-19,-0.8398600220680237,0.0,1
J,2025-10-21,0.06699000298976898,1.2047100067138672,2
J,2025-10-22,0.7531300187110901,0.11768999695777893,3
J,2025-10-23,-0.7860299944877625,0.0,1
J,2025-10-25,-0.8861899971961975,0.0,1
J,2025-10-27,0.9007899761199951,0.0,1
J,2025-10-28,0.18401999771595,0.0,1
J,2025-10-30,0.18773,0.72147,16
JBHT,2025-10-16,0.742389976978302,0.10840000212192535,3
JBHT,2025-10-17,-0.858430027961731,0.10611999779939651,2
JBHT,2025-10-19,0.7535899877548218,0.0,1
JBHT,2025-10-29,0.861840009689331,0.020910000428557396,3
JBHT,2025-10-30,0.67399001121521,0.0,1
JBL,2025-10-14,-0.5555999875068665,0.0,1
JBL,2025-10-16,0.8730000257492065,0.0,1
JBL,2025-10-17,0.7069500088691711,0.0,1
JBL,2025-10-18,-0.7976999878883362,0.0,1
JBL,2025-10-19,0.006430000066757202,0.0,1
JBL,2025-10-21,-0.7916499972343445,0.0,1
JBL,2025-10-24,0.8295199871063232,0.0,1
JBL,2025-10-26,0.019029999151825905,0.2273699939250946,2
JBL,2025-10-27,0.7716900110244751,0.0,1
JBL,2025-10-28,0.726580023765564,0.0,1
JBL,2025-10-30,0.1643,0.66338,11
JCI,2025-10-16,0.7740200161933899,0.0,1
JCI,2025-10-17,-0.15801000595092773,1.0729600191116333,2
JCI,2025-10-22,0.8921099901199341,0.0,1
JCI,2025-10-23,0.30302000045776367,0.9768800139427185,3
JCI,2025-10-30,0.32274,0.82169,7
JKHY,2025-09-17,0.7454900145530701,0.0,1
JKHY,2025-09-18,0.39987000823020935,0.5438600182533264,2
JKHY,2025-09-24,0.03751999884843826,0.0,1
JKHY,2025-10-01,0.6763899922370911,0.301580011844635,2
JKHY,2025-10-02,0.05984000116586685,0.0,1
JKHY,2025-10-04,0.296860009431839,0.0,1
JKHY,2025-10-13,0.8220900297164917,0.0,1
JKHY,2025-10-14,0.7402099967002869,0.04913000017404556,2
JKHY,2025-10-18,0.7301899790763855,0.0,1
JKHY,2025-10-20,0.004410000052303076,0.0,1
JKHY,2025-10-21,0.872189998626709,0.0,1
JKHY,2025-10-22,0.8963900208473206,0.0,1
JKHY,2025-10-28,0.8093900084495544,0.038419999182224274,2
JKHY,2025-10-29,0.8994200229644775,0.0,1
JKHY,2025-10-30,0.58978,0.34311,18
JNJ,2025-10-28,-0.30316999554634094,0.4027499854564667,3
JNJ,2025-10-29,-0.12411999702453613,0.18526999652385712,2
JNJ,2025-10-30,0.6779900193214417,0.1771100014448166,2
JPM,2025-10-28,0.4864799976348877,0.39274999499320984,3
JPM,2025-10-29,-0.1867399960756302,0.6255599856376648,5
JPM,2025-10-30,0.26159000396728516,0.7259500026702881,5
K,2025-10-14,0.052629999816417694,1.1954799890518188,2
K,2025-10-15,-0.8350200057029724,0.0,1
K,2025-10-24,0.7586899995803833,0.08635000139474869,3
K,2025-10-29,0.32085999846458435,0.6537200212478638,3
K,2025-10-30,-0.0594400018453598,0.7204700112342834,9
KDP,2025-10-27,0.3312099874019623,0.5405600070953369,7
KDP,2025-10-28,-0.17691999673843384,0.742579996585846,7
KDP,2025-10-29,0.72843998670578,0.0,1
KDP,2025-10-30,0.12057,0.67408,15
KEY,2025-10-17,-0.462660014629364,0.4143800139427185,3
KEY,2025-10-18,0.0009299999801442027,0.0,1
KEY,2025-10-20,0.19978000223636627,0.0,1
KEY,2025-10-22,0.3222000002861023,0.0,1
KEY,2025-10-23,0.8194900155067444,0.0,1
KEY,2025-10-24,0.000699999975040555,0.7934799790382385,3
KEY,2025-10-25,0.29701998829841614,0.0,1
KEY,2025-10-29,0.09059000015258789,0.0,1
KEY,2025-10-30,0.9119399785995483,0.0,1
KEYS,2025-10-10,0.3037799894809723,0.0,1
KEYS,2025-10-11,0.7972599864006042,0.0,1
KEYS,2025-10-14,0.54339998960495,0.0,1
KEYS,2025-10-15,0.7914400100708008,0.0,1
KEYS,2025-10-17,0.7520300149917603,0.0,1
KEYS,2025-10-21,-0.6959999799728394,0.0,1
KEYS,2025-10-22,0.8596799969673157,0.05384000018239021,2
KEYS,2025-10-27,0.5507299900054932,0.4980100095272064,2
KEYS,2025-10-28,0.43443000316619873,0.0,1
KEYS,2025-10-29,0.4346100091934204,0.0,1
KEYS,2025-10-30,-0.5698300004005432,0.0,1
KHC,2025-10-28,0.6290000081062317,0.27998998761177063,2
KHC,2025-10-29,0.02775000035762787,0.6478099822998047,12
KHC,2025-10-30,0.47578001022338867,0.6231899857521057,2
KIM,2025-09-15,-0.8870999813079834,0.0,1
KIM,2025-09-16,-0.9246100187301636,0.0,1
KIM,2025-09-18,0.8178799748420715,0.0,1
KIM,2025-09-21,0.9043099880218506,0.0,1
KIM,2025-09-23,0.12005999684333801,0.0,1
KIM,2025-09-29,0.25523000955581665,0.0,1
KIM,2025-10-01,0.587660014629364,0.0,1
KIM,2025-10-04,-0.930180013179779,0.0,1
KIM,2025-10-15,0.890999972820282,0.01730000041425228,2
KIM,2025-10-20,0.8498799800872803,0.0,1
KIM,2025-10-28,0.8618900179862976,0.0,1
KIM,2025-10-30,0.3596999943256378,0.8509299755096436,4
KKR,2025-10-21,-0.9323499798774719,0.0,1
KKR,2025-10-22,0.44699999690055847,0.0,1
KKR,2025-10-24,0.15726999938488007,1.0013099908828735,2
KKR,2025-10-27,0.09025000035762787,0.5125899910926819,3
KKR,2025-10-28,-0.19704000651836395,0.0,1
KKR,2025-10-29,-0.5518100261688232,0.0,1
KKR,2025-10-30,-0.0721,0.60906,9
KLAC,2025-10-22,0.40347999334335327,0.0,1
KLAC,2025-10-23,0.4838100075721741,0.0,1
KLAC,2025-10-24,-0.8585299849510193,0.0,1
KLAC,2025-10-27,0.8827300071716309,0.013290000148117542,2
KLAC,2025-10-28,0.9061499834060669,0.0,1
KLAC,2025-10-29,-0.05119999870657921,0.6821799874305725,4
KLAC,2025-10-30,-0.4944300055503845,0.0,1
KMB,2025-10-18,-0.6714100241661072,0.0,1
KMB,2025-10-19,0.061820000410079956,0.0,1
KMB,2025-10-22,0.5567899942398071,0.0,1
KMB,2025-10-25,-0.4166499972343445,0.0,1
KMB,2025-10-27,0.7195500135421753,0.0,1
KMB,2025-10-28,-0.5372200012207031,0.0,1
KMB,2025-10-29,-0.12907999753952026,0.2598299980163574,2
KMB,2025-10-30,-0.04633000120520592,0.8678299784660339,5
KMI,2025-10-21,0.8219500184059143,0.0,1
KMI,2025-10-22,0.3443700075149536,0.6309499740600586,3
KMI,2025-10-23,-0.872409999370575,0.08530999720096588,4
KMI,2025-10-24,0.7850199937820435,0.0,1
KMI,2025-10-27,0.8187000155448914,0.0437299981713295,2
KMI,2025-10-29,0.9090700149536133,0.0,1
KMI,2025-10-30,-0.08443000167608261,1.1883399486541748,2
KMX,2025-10-08,0.07467000186443329,0.0,1
KMX,2025-10-09,0.03034999966621399,0.0,1
KMX,2025-10-16,0.6429100036621094,0.3656800091266632,2
KMX,2025-10-19,0.027219999581575394,0.0,1
KMX,2025-10-20,-0.16857999563217163,0.4039900004863739,2
KMX,2025-10-27,0.6360399723052979,0.0,1
KMX,2025-10-28,0.7785300016403198,0.0,1
KMX,2025-10-30,0.8320599794387817,0.05756999924778938,2
KO,2025-10-28,0.29853999614715576,0.54339998960495,3
KO,2025-10-29,0.28856998682022095,0.6574599742889404,4
KO,2025-10-30,0.7157400250434875,0.2118300050497055,2
KR,2025-10-23,0.012539999559521675,0.0,1
KR,2025-10-24,0.3506999909877777,0.5702599883079529,2
KR,2025-10-27,0.05739999935030937,0.8344900012016296,2
KR,2025-10-28,0.9004300236701965,0.0,1
KR,2025-10-30,-0.8293899893760681,0.0,1
KVUE,2025-10-24,0.7188299894332886,0.0,1
KVUE,2025-10-27,0.9206799864768982,0.0,1
KVUE,2025-10-28,0.3722800016403198,0.38187000155448914,4
KVUE,2025-10-29,0.3870599865913391,0.17202000319957733,3
KVUE,2025-10-30,0.020260000601410866,0.011889999732375145,2
L,2025-02-10,-0.6528499722480774,0.0,1
L,2025-02-11,0.4487999975681305,0.0,1
L,2025-02-17,0.864139974117279,0.0,1
L,2025-04-09,-0.46116000413894653,0.6586899757385254,2
L,2025-05-02,0.8833100199699402,0.0,1
L,2025-05-05,0.4410499930381775,0.4520600140094757,3
L,2025-06-20,0.035360001027584076,0.0,1
L,2025-07-16,0.08420000225305557,0.0,1
L,2025-07-17,0.11789999902248383,0.0,1
L,2025-08-04,0.03474000096321106,0.7753000259399414,4
L,2025-08-05,0.30329999327659607,0.0,1
L,2025-08-26,0.8702800273895264,0.0,1
L,2025-09-16,0.9326599836349487,0.0,1
L,2025-09-22,0.0728600025177002,0.0,1
L,2025-10-30,0.22499,0.58708,20
LDOS,2025-10-16,0.8543599843978882,0.046480000019073486,2
LDOS,2025-10-17,0.14124999940395355,1.0837500095367432,2
LDOS,2025-10-19,0.8259199857711792,0.0,1
LDOS,2025-10-20,-0.02995000034570694,1.237879991531372,2
LDOS,2025-10-21,0.7954000234603882,0.0,1
LDOS,2025-10-27,-0.6291199922561646,0.0,1
LDOS,2025-10-28,0.453900009393692,0.3813599944114685,3
LDOS,2025-10-30,0.7359099984169006,0.17597000300884247,3
LEN,2025-10-17,0.6835299730300903,0.0,1
LEN,2025-10-19,0.8273299932479858,0.0,1
LEN,2025-10-20,0.7403200268745422,0.1381700038909912,2
LEN,2025-10-22,0.89069002866745,0.0,1
LEN,2025-10-23,-0.20258000493049622,0.0,1
LEN,2025-10-29,0.8722500205039978,0.036809999495744705,3
LEN,2025-10-30,0.6996,0.35028,9
LH,2025-10-21,0.007849999703466892,0.8764100074768066,3
LH,2025-10-23,-0.06468000262975693,0.3908900022506714,2
LH,2025-10-27,0.9073699712753296,0.0,1
LH,2025-10-28,0.20990000665187836,0.6914299726486206,10
LH,2025-10-29,-0.8376700282096863,0.0,1
LH,2025-10-30,-0.9251099824905396,0.0,1
LHX,2025-10-22,0.4387499988079071,0.0,1
LHX,2025-10-23,0.4225099980831146,0.5705100297927856,2
LHX,2025-10-26,0.46814998984336853,0.0,1
LHX,2025-10-27,0.880020022392273,0.0,1
LHX,2025-10-28,0.1985200047492981,0.9065200090408325,2
LHX,2025-10-29,0.8704000115394592,0.0,1
LHX,2025-10-30,-0.38144001364707947,0.8073999881744385,6
LII,2025-10-17,0.46757999062538147,0.57778000831604,2
LII,2025-10-21,0.8915500044822693,0.0,1
LII,2025-10-22,0.2836500108242035,0.7507299780845642,8
LII,2025-10-23,-0.45928001403808594,0.6619799733161926,2
LII,2025-10-28,-0.1880899965763092,0.38666000962257385,2
LII,2025-10-29,0.43084999918937683,0.5750600099563599,2
LII,2025-10-30,0.8418599963188171,0.0,1
LIN,2025-08-01,0.2780900001525879,1.016860008239746,3
LIN,2025-08-02,-0.9136300086975098,0.0,1
LIN,2025-08-03,-0.7581800222396851,0.0,1
LIN,2025-08-12,0.09544000029563904,0.0,1
LIN,2025-08-13,0.500220000743866,0.5242599844932556,2
LIN,2025-08-25,0.8966900110244751,0.0,1
LIN,2025-09-06,0.8983700275421143,0.0,1
LIN,2025-09-29,0.8889200091362,0.0,1
LIN,2025-10-01,0.8492500185966492,0.0,1
LIN,2025-10-02,0.28738000988960266,0.0,1
LIN,2025-10-06,0.9037899971008301,0.0,1
LIN,2025-10-27,0.8703399896621704,0.0,1
LIN,2025-10-30,0.3902,0.70658,15
LKQ,2025-10-03,0.6419000029563904,0.3406499922275543,2
LKQ,2025-10-08,-0.16327999532222748,0.0,1
LKQ,2025-10-14,0.8846200108528137,0.0,1
LKQ,2025-10-20,-0.26934000849723816,0.0,1
LKQ,2025-10-21,-0.7853000164031982,0.0,1
LKQ,2025-10-27,0.8924000263214111,0.0,1
LKQ,2025-10-28,0.8776699900627136,0.0,1
LKQ,2025-10-29,0.4336000084877014,0.6548100113868713,2
LKQ,2025-10-30,0.6146699786186218,0.3725599944591522,7
LLY,2025-10-30,0.08504000306129456,0.7478799819946289,12
LMT,2025-10-26,-0.9030100107192993,0.0,1
LMT,2025-10-27,0.8644999861717224,0.03002000041306019,2
LMT,2025-10-28,0.042660001665353775,0.7239099740982056,3
LMT,2025-10-29,-0.1947699934244156,0.7605999708175659,3
LMT,2025-10-30,0.04107,0.75995,9
LNT,2025-08-13,0.6640499830245972,0.0,1
LNT,2025-08-14,0.045559998601675034,0.0,1
LNT,2025-08-16,0.3346500098705292,0.0,1
LNT,2025-08-30,0.8320599794387817,0.0,1
LNT,2025-09-02,0.8545600175857544,0.0,1
LNT,2025-09-23,0.08931999653577805,0.0,1
LNT,2025-09-24,0.8720999956130981,0.0,1
LNT,2025-09-27,0.6209999918937683,0.0,1
LNT,2025-10-02,0.24735000729560852,0.0,1
LNT,2025-10-07,0.8583400249481201,0.0,1
LNT,2025-10-15,0.8770400285720825,0.0,1
LNT,2025-10-16,-0.005119999870657921,0.0,1
LNT,2025-10-17,0.6591500043869019,0.0,1
LNT,2025-10-20,-0.6326500177383423,0.0,1
LNT,2025-10-24,-0.9166499972343445,0.0,1
LNT,2025-10-25,0.17577999830245972,0.0,1
LNT,2025-10-30,0.8677499890327454,0.0,1
LOW,2025-10-22,0.856719970703125,0.0,1
LOW,2025-10-23,0.7290700078010559,0.19773000478744507,2
LOW,2025-10-24,0.739870011806488,0.0,1
LOW,2025-10-27,0.6219900250434875,0.39364001154899597,2
LOW,2025-10-28,0.831820011138916,0.04174000024795532,4
LOW,2025-10-29,0.860509991645813,0.0,1
LOW,2025-10-30,0.7715,0.16683,11
LRCX,2025-10-25,-0.6349300146102905,0.0,1
LRCX,2025-10-27,0.248539999127388,0.7895699739456177,4
LRCX,2025-10-28,0.4526199996471405,0.42998000979423523,3
LRCX,2025-10-29,-0.19627000391483307,0.9418200254440308,3
LRCX,2025-10-30,0.8484100103378296,0.0,1
LULU,2025-10-23,0.915340006351471,0.0,1
LULU,2025-10-24,0.03894000127911568,0.0,1
LULU,2025-10-26,0.9061599969863892,0.0,1
LULU,2025-10-27,0.06768999993801117,0.6427000164985657,4
LULU,2025-10-28,0.5814800262451172,0.4326600134372711,2
LULU,2025-10-29,0.9027500152587891,0.022530000656843185,2
LULU,2025-10-30,0.14986999332904816,0.8933699727058411,3
LUV,2025-10-23,-0.15214000642299652,0.43863001465797424,6
LUV,2025-10-24,-0.6116999983787537,0.43790000677108765,4
LUV,2025-10-25,0.10367000102996826,0.0,1
LUV,2025-10-27,0.057500001043081284,1.155750036239624,2
LUV,2025-10-28,0.829990029335022,0.0,1
LUV,2025-10-29,0.011230000294744968,0.0,1
LUV,2025-10-30,-0.15332,0.58933,15
LVS,2025-10-24,0.14003999531269073,0.5576000213623047,6
LVS,2025-10-26,0.4290199875831604,0.0,1
LVS,2025-10-27,-0.11688999831676483,1.116029977798462,2
LVS,2025-10-28,0.04120999947190285,0.31832000613212585,2
LVS,2025-10-30,0.10162,0.55859,11
LW,2025-10-07,0.4791800081729889,0.05545999854803085,2
LW,2025-10-08,-0.8828200101852417,0.017920000478625298,2
LW,2025-10-11,0.39827999472618103,0.0,1
LW,2025-10-20,0.16166000068187714,0.0,1
LW,2025-10-24,0.8614100217819214,0.0,1
LW,2025-10-27,0.8971199989318848,0.0,1
LW,2025-10-29,0.7613400220870972,0.0,1
LW,2025-10-30,-0.9278900027275085,0.0,1
LYB,2025-10-02,0.004029999952763319,0.0,1
LYB,2025-10-03,-0.580079972743988,0.0,1
LYB,2025-10-06,0.9104899764060974,0.0,1
LYB,2025-10-15,0.14986999332904816,0.0,1
LYB,2025-10-17,0.434469997882843,0.0,1
LYB,2025-10-23,0.7433800101280212,0.1696999967098236,2
LYB,2025-10-24,0.4525499939918518,0.6197400093078613,2
LYB,2025-10-28,-0.37619999051094055,0.0,1
LYB,2025-10-30,0.29344,0.53592,10
LYV,2025-09-24,0.690559983253479,0.0,1
LYV,2025-09-27,-0.9133800268173218,0.0,1
LYV,2025-10-02,0.8931800127029419,0.0,1
LYV,2025-10-08,0.38405999541282654,0.5202599763870239,2
LYV,2025-10-09,0.837090015411377,0.0,1
LYV,2025-10-10,0.8748999834060669,0.0,1
LYV,2025-10-13,-0.2706100046634674,0.4684799909591675,2
LYV,2025-10-16,0.9231699705123901,0.0,1
LYV,2025-10-20,0.9079300165176392,0.0,1
LYV,2025-10-21,0.577239990234375,0.0,1
LYV,2025-10-22,0.7860900163650513,0.0,1
LYV,2025-10-28,0.4234899878501892,0.3534800112247467,3
LYV,2025-10-30,0.44213,0.56537,16
MA,2025-10-30,-0.007770000025629997,0.7872700095176697,14
MAA,2025-09-10,0.019099999219179153,0.0,1
MAA,2025-09-12,0.9008299708366394,0.0,1
MAA,2025-09-22,0.3047400116920471,0.0,1
MAA,2025-09-23,0.678600013256073,0.0,1
MAA,2025-09-30,-0.7248899936676025,0.0,1
MAA,2025-10-08,-0.5075600147247314,0.0,1
MAA,2025-10-09,0.8712800145149231,0.0,1
MAA,2025-10-10,0.8350499868392944,0.0,1
MAA,2025-10-12,0.3264400064945221,0.1082099974155426,2
MAA,2025-10-27,0.8327100276947021,0.0,1
MAA,2025-10-29,0.482589989900589,0.44405999779701233,3
MAA,2025-10-30,0.014059999957680702,0.0,1
MAR,2025-10-10,0.9137799739837646,0.0,1
MAR,2025-10-13,0.6133800148963928,0.0,1
MAR,2025-10-14,-0.016489999368786812,0.5775200128555298,3
MAR,2025-10-16,0.8929200172424316,0.0,1
MAR,2025-10-20,0.8481600284576416,0.0,1
MAR,2025-10-24,-0.2026199996471405,0.6945000290870667,2
MAR,2025-10-27,0.48267000913619995,0.0,1
MAR,2025-10-28,0.6040899753570557,0.33741000294685364,2
MAR,2025-10-30,0.6699699759483337,0.16128000617027283,2
MAS,2025-10-07,0.8872600197792053,0.0,1
MAS,2025-10-17,0.900879979133606,0.0,1
MAS,2025-10-22,0.022630000486969948,0.0,1
MAS,2025-10-27,0.6899899840354919,0.10533999651670456,2
MAS,2025-10-28,0.9032999873161316,0.0,1
MAS,2025-10-29,0.36687999963760376,0.419189989566803,6
MAS,2025-10-30,0.01269999984651804,0.0,1
MCD,2025-10-25,0.5921599864959717,0.0,1
MCD,2025-10-27,0.7543100118637085,0.0,1
MCD,2025-10-28,-0.33039000630378723,0.3636699914932251,3
MCD,2025-10-29,0.7089499831199646,0.17111000418663025,2
MCD,2025-10-30,0.8852099776268005,0.0,1
MCHP,2025-10-08,0.8406500220298767,0.0,1
MCHP,2025-10-10,0.8461199998855591,0.0,1
MCHP,2025-10-13,0.35506999492645264,0.2620700001716614,2
MCHP,2025-10-15,0.7087200284004211,0.031109999865293503,2
MCHP,2025-10-17,0.8795499801635742,0.0,1
MCHP,2025-10-21,0.0486299991607666,0.0,1
MCHP,2025-10-22,-0.24379999935626984,0.37836000323295593,2
MCHP,2025-10-23,0.8934199810028076,0.0,1
MCHP,2025-10-28,0.8557900190353394,0.0,1
MCHP,2025-10-30,0.50035,0.4586,12
MCK,2025-10-22,0.8826900124549866,0.0,1
MCK,2025-10-23,0.8991299867630005,0.01331000030040741,2
MCK,2025-10-24,0.8044899702072144,0.04574999958276749,2
MCK,2025-10-25,-0.1680999994277954,0.0,1
MCK,2025-10-28,0.5741299986839294,0.0,1
MCK,2025-10-29,-0.3760400116443634,0.5128300189971924,2
MCK,2025-10-30,0.3251799941062927,0.0,1
MCO,2025-10-22,-0.17531999945640564,0.8134899735450745,7
MCO,2025-10-23,-0.8387799859046936,0.05237000063061714,2
MCO,2025-10-25,-0.45434001088142395,0.0,1
MCO,2025-10-29,0.8828700184822083,0.0,1
MCO,2025-10-30,-0.22512,0.77615,11
MDLZ,2025-10-28,0.1262499988079071,0.7285699844360352,8
MDLZ,2025-10-29,0.21185000240802765,0.3866100013256073,4
MDLZ,2025-10-30,0.43490999937057495,0.5957000255584717,2
MDT,2025-10-23,0.11462000012397766,0.5507699847221375,3
MDT,2025-10-25,0.9083700180053711,0.0,1
MDT,2025-10-27,0.8610900044441223,0.047940000891685486,3
MDT,2025-10-28,0.6691200137138367,0.16530999541282654,3
MDT,2025-10-29,0.0006600000197067857,1.1907299757003784,2
MDT,2025-10-30,0.48702,0.57759,12
MET,2025-10-01,0.5650500059127808,0.0,1
MET,2025-10-07,0.9144799709320068,0.0,1
MET,2025-10-08,0.9160500168800354,0.0,1
MET,2025-10-11,0.7997000217437744,0.0,1
MET,2025-10-13,0.8828099966049194,0.0016299999551847577,2
MET,2025-10-14,-0.49136999249458313,0.0,1
MET,2025-10-15,0.7094200253486633,0.05113999918103218,2
MET,2025-10-16,-0.4663800001144409,0.0072200000286102295,2
MET,2025-10-24,-0.059709999710321426,0.0,1
MET,2025-10-28,0.9126899838447571,0.0,1
MET,2025-10-29,-0.3473399877548218,0.7090200185775757,2
MET,2025-10-30,0.34093,0.63896,15
META,2025-10-30,-0.10123000293970108,0.5031599998474121,15
MGM,2025-10-17,0.22081999480724335,0.9625200033187866,3
MGM,2025-10-18,0.6137800216674805,0.0,1
MGM,2025-10-21,0.9092199802398682,0.0,1
MGM,2025-10-22,0.015350000001490116,0.0,1
MGM,2025-10-27,0.8932399749755859,0.0,1
MGM,2025-10-28,0.8848099708557129,0.0,1
MGM,2025-10-29,0.11282999813556671,0.6948400139808655,5
MGM,2025-10-30,0.029929999262094498,0.07812000066041946,4
MHK,2025-10-01,0.853630006313324,0.0,1
MHK,2025-10-07,0.9032099843025208,0.0,1
MHK,2025-10-16,0.020989999175071716,0.0,1
MHK,2025-10-17,0.07672999799251556,0.0,1
MHK,2025-10-22,0.702180027961731,0.2723599970340729,2
MHK,2025-10-23,0.27658000588417053,0.7613400220870972,5
MHK,2025-10-24,0.21624000370502472,0.2891699969768524,5
MHK,2025-10-25,0.0002699999895412475,0.0,1
MHK,2025-10-30,0.6543300151824951,0.0,1
MKC,2025-10-07,-0.328000009059906,0.4095200002193451,2
MKC,2025-10-08,-0.11629000306129456,0.5015299916267395,3
MKC,2025-10-09,0.7742800116539001,0.0,1
MKC,2025-10-11,-0.18916000425815582,0.0,1
MKC,2025-10-14,0.8918499946594238,0.0,1
MKC,2025-10-17,-0.02686000056564808,0.0,1
MKC,2025-10-28,-0.9038299918174744,0.0,1
MKC,2025-10-29,-0.07464999705553055,0.0,1
MKC,2025-10-30,-0.04848,0.56165,11
MLM,2025-09-30,0.8964599967002869,0.0,1
MLM,2025-10-02,-0.41628000140190125,0.0,1
MLM,2025-10-03,-0.8816800117492676,0.0,1
MLM,2025-10-07,0.8753899931907654,0.0,1
MLM,2025-10-10,0.8890399932861328,0.0,1
MLM,2025-10-12,0.6985300183296204,0.24852000176906586,2
MLM,2025-10-14,0.8724499940872192,0.0,1
MLM,2025-10-16,-0.9383400082588196,0.0,1
MLM,2025-10-19,0.8245300054550171,0.0,1
MLM,2025-10-28,0.864579975605011,0.0,1
MLM,2025-10-29,0.6727499961853027,0.0,1
MLM,2025-10-30,0.42133,0.72237,12
MMC,2025-10-16,-0.10380999743938446,0.7951099872589111,7
MMC,2025-10-17,-0.6215100288391113,0.0,1
MMC,2025-10-19,-0.6805599927902222,0.0,1
MMC,2025-10-22,0.8747299909591675,0.0,1
MMC,2025-10-24,0.8909800052642822,0.0,1
MMC,2025-10-30,-0.02391,0.79189,11
MMM,2025-10-22,-0.19809000194072723,0.9463599920272827,5
MMM,2025-10-23,0.32264000177383423,0.40358999371528625,3
MMM,2025-10-24,-0.567799985408783,0.0,1
MMM,2025-10-27,0.6569799780845642,0.0,1
MMM,2025-10-30,0.6654199957847595,0.0,1
MNST,2025-10-18,0.26899999380111694,0.0,1
MNST,2025-10-23,0.09670999646186829,1.1199699640274048,2
MNST,2025-10-30,0.6677299737930298,0.23740999400615692,4
MO,2025-10-24,0.08940000087022781,0.0,1
MO,2025-10-25,0.3999899923801422,0.0,1
MO,2025-10-26,0.4921799898147583,0.0,1
MO,2025-10-27,0.9179999828338623,0.0,1
MO,2025-10-28,0.89028000831604,0.0,1
MO,2025-10-29,0.8441600203514099,0.13470999896526337,3
MO,2025-10-30,0.10756000131368637,0.6157699823379517,11
MOH,2025-10-23,0.4228299856185913,0.37485000491142273,5
MOH,2025-10-24,0.0062699997797608376,0.00394000019878149,3
MOH,2025-10-29,0.8735600113868713,0.0,1
MOH,2025-10-30,0.33406,0.38969,9
MOS,2025-10-13,-0.14294999837875366,0.20449000597000122,2
MOS,2025-10-14,0.03288999944925308,0.0,1
MOS,2025-10-15,0.8836399912834167,0.0,1
MOS,2025-10-19,-0.6567299962043762,0.0,1
MOS,2025-10-27,0.900629997253418,0.0,1
MOS,2025-10-30,0.6637499928474426,0.0,1
MPC,2025-10-21,0.881309986114502,0.03003999963402748,2
MPC,2025-10-23,0.3931500017642975,0.5975300073623657,3
MPC,2025-10-25,-0.864139974117279,0.0,1
MPC,2025-10-28,0.4404999911785126,0.1690399944782257,2
MPC,2025-10-29,-0.26137998700141907,0.5636000037193298,3
MPC,2025-10-30,0.622979998588562,0.09645000100135803,2
MPWR,2025-10-15,0.7962700128555298,0.0,1
MPWR,2025-10-17,0.030700000002980232,0.8496800065040588,3
MPWR,2025-10-18,0.7052800059318542,0.05737999826669693,2
MPWR,2025-10-23,0.6495100259780884,0.03759000077843666,2
MPWR,2025-10-24,0.5814200043678284,0.1240599974989891,2
MPWR,2025-10-27,-0.9164800047874451,0.0,1
MPWR,2025-10-28,-0.1064700037240982,1.1688200235366821,2
MPWR,2025-10-29,0.903659999370575,0.0,1
MPWR,2025-10-30,-0.9112899899482727,0.0,1
MRK,2025-10-30,0.11860000342130661,0.6216300129890442,11
MRNA,2025-10-22,0.3153800070285797,0.3229900002479553,6
MRNA,2025-10-23,0.36834999918937683,0.7356299757957458,5
MRNA,2025-10-24,0.5533499717712402,0.4083299934864044,2
MRNA,2025-10-30,-0.15004000067710876,0.23409000039100647,2
MS,2025-10-27,0.9103999733924866,0.0,1
MS,2025-10-28,0.7529799938201904,0.0,1
MS,2025-10-29,0.47238001227378845,0.5851500034332275,6
MS,2025-10-30,0.833620011806488,0.059459999203681946,3
MSCI,2025-10-23,0.8997399806976318,0.028759999200701714,2
MSCI,2025-10-27,0.7956900000572205,0.17031000554561615,2
MSCI,2025-10-28,-0.09509000182151794,0.8603000044822693,8
MSCI,2025-10-29,0.5238500237464905,0.479559987783432,3
MSCI,2025-10-30,0.13053999841213226,0.7221099734306335,4
MSFT,2025-10-30,0.2011999934911728,0.3674199879169464,6
MSI,2025-10-09,0.7473899722099304,0.0,1
MSI,2025-10-15,0.37595999240875244,0.6001999974250793,2
MSI,2025-10-16,0.8538299798965454,0.08541999757289886,2
MSI,2025-10-17,0.40997999906539917,0.7834500074386597,3
MSI,2025-10-19,-0.13684000074863434,0.0,1
MSI,2025-10-23,0.671459972858429,0.31589001417160034,2
MSI,2025-10-26,0.6570199728012085,0.0,1
MSI,2025-10-27,-0.9281100034713745,0.0,1
MSI,2025-10-28,0.8942700028419495,0.0,1
MSI,2025-10-30,-0.006010000128298998,0.0,1
MTB,2025-10-16,-0.12066999822854996,0.7843499779701233,7
MTB,2025-10-17,-0.043469998985528946,0.6438199877738953,4
MTB,2025-10-20,0.5763999819755554,0.0,1
MTB,2025-10-21,0.8748000264167786,0.0,1
MTB,2025-10-22,0.39976000785827637,0.0,1
MTB,2025-10-23,0.5713499784469604,0.0,1
MTB,2025-10-24,0.7820199728012085,0.0,1
MTB,2025-10-28,0.837440013885498,0.0,1
MTB,2025-10-29,0.021390000358223915,0.0,1
MTB,2025-10-30,0.16914,0.66094,18
MTCH,2025-09-23,0.8226400017738342,0.0,1
MTCH,2025-09-25,0.029179999604821205,0.0,1
MTCH,2025-09-27,-0.8938000202178955,0.0,1
MTCH,2025-09-30,0.8631399869918823,0.0,1
MTCH,2025-10-10,0.6182799935340881,0.0,1
MTCH,2025-10-14,0.9111599922180176,0.0,1
MTCH,2025-10-17,0.8405799865722656,0.0,1
MTCH,2025-10-22,0.6471199989318848,0.36563000082969666,2
MTCH,2025-10-24,0.0750499963760376,0.0,1
MTCH,2025-10-30,0.45605,0.58095,10
MTD,2025-08-13,0.4704599976539612,0.5331299901008606,2
MTD,2025-08-15,0.8579300045967102,0.0,1
MTD,2025-08-21,-0.7485299706459045,0.0,1
MTD,2025-08-27,0.73198002576828,0.0,1
MTD,2025-09-15,0.062460001558065414,0.0,1
MTD,2025-09-17,0.8705400228500366,0.0,1
MTD,2025-09-29,-0.29475998878479004,0.0,1
MTD,2025-10-07,0.881659984588623,0.0,1
MTD,2025-10-10,0.9014000296592712,0.0,1
MTD,2025-10-23,0.7012400031089783,0.26295000314712524,2
MTD,2025-10-29,0.8893200159072876,0.0,1
MTD,2025-10-30,0.8464400172233582,0.0,1
MU,2025-10-29,0.5138300061225891,0.6313400268554688,8
MU,2025-10-30,-0.2170500010251999,0.9572799801826477,3
NCLH,2025-10-24,0.6935999989509583,0.0,1
NCLH,2025-10-27,0.48875999450683594,0.0,1
NCLH,2025-10-28,-0.2134000062942505,0.606249988079071,3
NCLH,2025-10-30,0.4098399877548218,0.5781999826431274,2
NDAQ,2025-10-21,-0.1810300052165985,0.9010099768638611,7
NDAQ,2025-10-22,-0.1972299963235855,0.0,1
NDAQ,2025-10-30,-0.18305,0.8342,8
NDSN,2025-09-18,0.07384999841451645,0.0,1
NDSN,2025-09-19,0.13512000441551208,0.0,1
NDSN,2025-09-23,-0.062460001558065414,0.9126399755477905,2
NDSN,2025-10-02,0.9314500093460083,0.0,1
NDSN,2025-10-08,0.8286600112915039,0.0,1
NDSN,2025-10-19,-0.8715400099754333,0.0,1
NDSN,2025-10-21,0.2806999981403351,0.8299199938774109,2
NDSN,2025-10-22,0.6027299761772156,0.42204999923706055,2
NDSN,2025-10-23,0.5978299975395203,0.0,1
NDSN,2025-10-28,0.01484999991953373,1.2506799697875977,2
NDSN,2025-10-29,-0.8206300139427185,0.0,1
NDSN,2025-10-30,0.16976,0.71177,15
NEE,2025-10-28,0.02442000061273575,0.9157999753952026,4
NEE,2025-10-30,0.007360000163316727,1.2827800512313843,2
NEM,2025-10-27,0.48822999000549316,0.5060399770736694,3
NEM,2025-10-28,0.19503000378608704,0.327349990606308,3
NEM,2025-10-29,0.7690399885177612,0.09904000163078308,3
NEM,2025-10-30,0.4841,0.39376,9
NFLX,2025-10-27,0.4872500002384186,0.4420599937438965,7
NFLX,2025-10-28,0.7722100019454956,0.15681999921798706,2
NFLX,2025-10-29,0.7538899779319763,0.269569993019104,4
NFLX,2025-10-30,-0.4063200056552887,0.6057500243186951,3
NI,2025-10-02,0.6223099827766418,0.0,1
NI,2025-10-14,0.8826299905776978,0.0,1
NI,2025-10-15,0.9182800054550171,0.0,1
NI,2025-10-19,0.8857600092887878,0.0,1
NI,2025-10-22,0.020560000091791153,0.0,1
NI,2025-10-23,-0.6862000226974487,0.0,1
NI,2025-10-24,-0.49101001024246216,0.0,1
NI,2025-10-27,0.9051600098609924,0.0,1
NI,2025-10-28,0.8726500272750854,0.015610000118613243,2
NI,2025-10-29,0.3757700026035309,0.7517899870872498,5
NI,2025-10-30,-0.8524500131607056,0.004730000160634518,2
NKE,2025-10-26,-0.8084999918937683,0.0,1
NKE,2025-10-27,0.7226799726486206,0.0,1
NKE,2025-10-28,0.5485000014305115,0.0,1
NKE,2025-10-29,0.027009999379515648,0.0,1
NKE,2025-10-30,0.12242,0.6874,4
NOC,2025-10-22,0.0022100000642240047,0.0,1
NOC,2025-10-23,0.7325900197029114,0.0,1
NOC,2025-10-26,-0.6513400077819824,0.0,1
NOC,2025-10-27,0.06892000138759613,0.0,1
NOC,2025-10-28,0.3172299861907959,0.8073700070381165,2
NOC,2025-10-30,0.8685399889945984,0.0,1
NOW,2025-10-29,-0.02742999978363514,0.7506099939346313,10
NOW,2025-10-30,0.5078799724578857,0.6533399820327759,7
NRG,2025-10-18,-0.8714200258255005,0.0,1
NRG,2025-10-20,0.6670699715614319,0.0,1
NRG,2025-10-23,0.5335599780082703,0.42868998646736145,2
NRG,2025-10-24,0.784850001335144,0.1678999960422516,2
NRG,2025-10-25,0.7770299911499023,0.0,1
NRG,2025-10-27,0.2263299971818924,0.0,1
NRG,2025-10-28,0.7250499725341797,0.0,1
NRG,2025-10-29,0.8119000196456909,0.08421000093221664,3
NRG,2025-10-30,-0.11403000354766846,1.0941699743270874,2
NSC,2025-10-23,-0.2654699981212616,0.8428099751472473,5
NSC,2025-10-24,-0.18312999606132507,0.701259970664978,5
NSC,2025-10-25,-0.4484100043773651,0.0,1
NSC,2025-10-30,0.8088200092315674,0.0,1
NTAP,2025-10-15,0.6310200095176697,0.29802000522613525,2
NTAP,2025-10-16,-0.6728000044822693,0.12942999601364136,2
NTAP,2025-10-17,0.7021200060844421,0.0,1
NTAP,2025-10-20,0.12166000157594681,0.0,1
NTAP,2025-10-27,0.22265000641345978,0.6406099796295166,4
NTAP,2025-10-28,0.7681300044059753,0.14895999431610107,2
NTAP,2025-10-29,0.014709999784827232,0.0,1
NTAP,2025-10-30,0.3065299987792969,0.7613300085067749,2
NTRS,2025-10-21,0.8221499919891357,0.0,1
NTRS,2025-10-22,-0.08922000229358673,0.8067200183868408,7
NTRS,2025-10-23,-0.9149199724197388,0.0,1
NTRS,2025-10-24,-0.9374399781227112,0.0,1
NTRS,2025-10-29,0.4429300129413605,0.6225799918174744,2
NTRS,2025-10-30,-0.4514400064945221,0.5964099764823914,2
NUE,2025-10-24,0.9017400145530701,0.0,1
NUE,2025-10-26,-0.8842200040817261,0.0,1
NUE,2025-10-27,0.02621999941766262,0.7502899765968323,7
NUE,2025-10-28,-0.864109992980957,0.01573999971151352,3
NUE,2025-10-29,-0.4119400084018707,0.37327998876571655,3
NUE,2025-10-30,-0.2418,0.71358,15
NVDA,2025-10-30,0.2799299955368042,0.7269399762153625,5
NVR,2025-10-01,0.8724499940872192,0.008980000391602516,2
NVR,2025-10-07,-0.19491000473499298,0.8572400212287903,2
NVR,2025-10-09,0.8831599950790405,0.0,1
NVR,2025-10-15,0.5939000248908997,0.35027000308036804,2
NVR,2025-10-20,0.8800100088119507,0.0,1
NVR,2025-10-22,-0.2316800057888031,0.8162599802017212,4
NVR,2025-10-23,-0.4427500069141388,0.6081500053405762,2
NVR,2025-10-30,0.17813,0.74663,14
NWS,2025-10-08,0.8084700107574463,0.0,1
NWS,2025-10-14,0.8619199991226196,0.0,1
NWS,2025-10-19,-0.44725000858306885,0.0,1
NWS,2025-10-23,0.8628000020980835,0.0,1
NWS,2025-10-29,0.8849499821662903,0.0,1
NWS,2025-10-30,0.59418,0.58286,5
NWSA,2025-10-08,0.8084700107574463,0.0,1
NWSA,2025-10-14,0.8619199991226196,0.0,1
NWSA,2025-10-19,-0.44725000858306885,0.0,1
NWSA,2025-10-23,0.8628000020980835,0.0,1
NWSA,2025-10-29,0.8849499821662903,0.0,1
NWSA,2025-10-30,0.59418,0.58286,5
NXPI,2025-10-23,0.694570004940033,0.0,1
NXPI,2025-10-26,0.5826399922370911,0.32405000925064087,3
NXPI,2025-10-27,0.05290000140666962,0.8817499876022339,5
NXPI,2025-10-28,-0.5069900155067444,0.4671599864959717,3
NXPI,2025-10-29,-0.38631001114845276,0.5134699940681458,2
NXPI,2025-10-30,0.8444399833679199,0.0,1
O,2025-10-22,0.7479699850082397,0.0975399985909462,2
O,2025-10-23,0.7808700203895569,0.10763999819755554,2
O,2025-10-24,0.9007800221443176,0.0,1
O,2025-10-25,0.35363999009132385,0.4816800057888031,2
O,2025-10-26,0.8011400103569031,0.10824000090360641,2
O,2025-10-27,0.17408999800682068,1.0263899564743042,2
O,2025-10-28,0.49709001183509827,0.230320006608963,3
O,2025-10-29,0.8639799952507019,0.02199999988079071,2
O,2025-10-30,0.8066800236701965,0.1082099974155426,4
ODFL,2025-10-21,-0.8330000042915344,0.052650000900030136,2
ODFL,2025-10-22,0.013679999858140945,0.0,1
ODFL,2025-10-23,0.8297600150108337,0.0,1
ODFL,2025-10-24,-0.7677900195121765,0.0,1
ODFL,2025-10-25,0.03511999920010567,0.0,1
ODFL,2025-10-27,0.8365300297737122,0.0,1
ODFL,2025-10-28,0.8339400291442871,0.0,1
ODFL,2025-10-29,0.14565999805927277,0.673259973526001,9
ODFL,2025-10-30,0.005100000184029341,0.0,1
OKE,2025-10-19,-0.14677999913692474,0.0,1
OKE,2025-10-21,0.2641099989414215,0.9486299753189087,3
OKE,2025-10-22,0.47679999470710754,0.5857700109481812,2
OKE,2025-10-23,-0.452890008687973,0.0,1
OKE,2025-10-24,0.7040899991989136,0.3490400016307831,3
OKE,2025-10-28,-0.34205999970436096,0.9027500152587891,3
OKE,2025-10-29,-0.18104000389575958,1.0597800016403198,2
OKE,2025-10-30,0.5743700265884399,0.48993998765945435,3
OMC,2025-10-21,0.24087999761104584,0.8716599941253662,3
OMC,2025-10-22,0.34637001156806946,0.700659990310669,6
OMC,2025-10-23,-0.9300400018692017,0.0,1
OMC,2025-10-27,0.8112499713897705,0.0,1
OMC,2025-10-28,0.80281001329422,0.0,1
OMC,2025-10-30,0.6320499777793884,0.0,1
ON,2025-10-21,-0.9248800277709961,0.0,1
ON,2025-10-22,0.4517900049686432,0.41697001457214355,3
ON,2025-10-23,-0.6300899982452393,0.0,1
ON,2025-10-24,0.2015800029039383,0.0,1
ON,2025-10-26,0.2897000014781952,0.0,1
ON,2025-10-27,0.19619999825954437,0.5295699834823608,3
ON,2025-10-28,0.32069000601768494,0.7133899927139282,3
ON,2025-10-29,0.8605800271034241,0.0,1
ON,2025-10-30,-0.4226199984550476,0.0,1
ORCL,2025-10-29,0.8690199851989746,0.0,1
ORCL,2025-10-30,0.584559977054596,0.15692000091075897,2
ORLY,2025-10-17,0.841509997844696,0.0,1
ORLY,2025-10-20,-0.03313999995589256,0.0,1
ORLY,2025-10-21,0.8896700143814087,0.0,1
ORLY,2025-10-22,0.2578200101852417,0.7667499780654907,4
ORLY,2025-10-23,-0.9153100252151489,0.0,1
ORLY,2025-10-24,-0.06054000183939934,0.8553599715232849,3
ORLY,2025-10-30,0.1484,0.74834,11
OTIS,2025-10-20,-0.3158299922943115,0.0,1
OTIS,2025-10-22,-0.7180799841880798,0.0,1
OTIS,2025-10-24,-0.6126700043678284,0.0,1
OTIS,2025-10-27,0.7160000205039978,0.0,1
OTIS,2025-10-28,0.9065399765968323,0.003980000037699938,2
OTIS,2025-10-29,0.021789999678730965,0.8818399906158447,6
OTIS,2025-10-30,-0.9146400094032288,0.020260000601410866,2
OXY,2025-10-14,-0.8708599805831909,0.0,1
OXY,2025-10-16,0.03465000167489052,0.0,1
OXY,2025-10-18,0.005869999993592501,0.0,1
OXY,2025-10-22,0.062199998646974564,1.184340000152588,2
OXY,2025-10-24,0.7395399808883667,0.10605999827384949,2
OXY,2025-10-27,-0.07043000310659409,0.0,1
OXY,2025-10-28,-0.25922998785972595,0.2962599992752075,3
OXY,2025-10-30,-0.00682,0.60471,11
PANW,2025-10-23,0.17666999995708466,0.9482799768447876,3
PANW,2025-10-24,-0.4760499894618988,0.12817999720573425,2
PANW,2025-10-28,-0.10473000258207321,0.6794000267982483,6
PANW,2025-10-29,0.8419299721717834,0.027489999309182167,3
PANW,2025-10-30,-0.7766299843788147,0.0,1
PAYC,2025-10-13,0.8989199995994568,0.0,1
PAYC,2025-10-14,0.11010000109672546,0.8857700228691101,3
PAYC,2025-10-15,0.17072999477386475,0.6523900032043457,3
PAYC,2025-10-23,0.6495800018310547,0.0,1
PAYC,2025-10-24,0.7018899917602539,0.23282000422477722,3
PAYC,2025-10-28,0.8531299829483032,0.0,1
PAYC,2025-10-29,0.44940000772476196,0.5408099889755249,2
PAYC,2025-10-30,0.19520999491214752,0.15499000251293182,2
PAYX,2025-09-30,-0.45372000336647034,0.6736400127410889,2
PAYX,2025-10-01,0.5207599997520447,0.47130000591278076,3
PAYX,2025-10-03,0.32954999804496765,0.0,1
PAYX,2025-10-05,0.9198700189590454,0.0,1
PAYX,2025-10-06,0.19249999523162842,0.0,1
PAYX,2025-10-07,0.23497000336647034,0.7313200235366821,2
PAYX,2025-10-09,0.4549899995326996,0.0,1
PAYX,2025-10-18,-0.9009000062942505,0.0,1
PAYX,2025-10-22,0.9020799994468689,0.0,1
PAYX,2025-10-25,0.8566499948501587,0.0,1
PAYX,2025-10-30,0.27711,0.63559,14
PCAR,2025-10-16,0.5948899984359741,0.0,1
PCAR,2025-10-20,0.8963000178337097,0.0,1
PCAR,2025-10-21,-0.07746999710798264,0.6797999739646912,9
PCAR,2025-10-22,0.14866000413894653,0.5264800190925598,3
PCAR,2025-10-24,0.7242799997329712,0.0,1
PCAR,2025-10-28,0.8939200043678284,0.0,1
PCAR,2025-10-30,0.8821099996566772,0.0,1
PCG,2025-10-23,-0.3303700089454651,0.8934400081634521,6
PCG,2025-10-24,0.16374999284744263,0.7656099796295166,4
PCG,2025-10-27,0.3079400062561035,0.0,1
PCG,2025-10-30,0.13551999628543854,0.8785300254821777,3
PEG,2025-09-11,0.5521399974822998,0.0,1
PEG,2025-09-19,0.8211399912834167,0.0,1
PEG,2025-09-29,0.6529200077056885,0.0,1
PEG,2025-10-06,0.8844799995422363,0.0,1
PEG,2025-10-11,0.7070000171661377,0.0,1
PEG,2025-10-12,0.7576799988746643,0.0,1
PEG,2025-10-16,0.2616899907588959,0.8720899820327759,2
PEG,2025-10-19,-0.8877000212669373,0.0,1
PEG,2025-10-23,0.8597099781036377,0.0,1
PEG,2025-10-25,0.777899980545044,0.0,1
PEG,2025-10-27,0.8442400097846985,0.0,1
PEG,2025-10-29,0.6429399847984314,0.0,1
PEG,2025-10-30,0.54891,0.54011,13
PEP,2025-10-23,0.8982800245285034,0.0011599999852478504,2
PEP,2025-10-24,0.746940016746521,0.037790000438690186,2
PEP,2025-10-27,-0.11079999804496765,0.6701700091362,3
PEP,2025-10-28,0.7195600271224976,0.0,1
PEP,2025-10-29,0.0508899986743927,0.5466899871826172,3
PEP,2025-10-30,0.8535699844360352,0.0,1
PFE,2025-10-30,0.2333499938249588,0.5171800255775452,8
PFG,2025-10-07,0.08584000170230865,1.138759970664978,2
PFG,2025-10-14,0.8700699806213379,0.0,1
PFG,2025-10-16,0.009759999811649323,0.0,1
PFG,2025-10-20,-0.9172199964523315,0.0,1
PFG,2025-10-22,0.8302599787712097,0.0,1
PFG,2025-10-23,-0.049309998750686646,1.1339999437332153,2
PFG,2025-10-26,0.8959699869155884,0.0,1
PFG,2025-10-27,0.6433299779891968,0.45037001371383667,3
PFG,2025-10-28,0.006829999852925539,0.8400899767875671,3
PFG,2025-10-29,-0.915090024471283,0.015259999781847,2
PFG,2025-10-30,0.11072,0.79916,17
PG,2025-10-24,-0.831059992313385,0.02498999983072281,3
PG,2025-10-25,-0.7619900107383728,0.2305999994277954,2
PG,2025-10-27,-0.305510014295578,0.7963100075721741,2
PG,2025-10-28,0.18402999639511108,0.7297199964523315,3
PG,2025-10-29,0.6407999992370605,0.0,1
PG,2025-10-30,-0.3123,0.67918,11
PGR,2025-10-22,-0.7405700087547302,0.0,1
PGR,2025-10-23,0.14151999354362488,0.6841199994087219,3
PGR,2025-10-24,0.575219988822937,0.0,1
PGR,2025-10-26,0.7336099743843079,0.09096000343561172,2
PGR,2025-10-28,0.8351399898529053,0.0,1
PGR,2025-10-30,0.22228999435901642,0.2973800003528595,2
PH,2025-10-07,0.856909990310669,0.0,1
PH,2025-10-11,-0.781470000743866,0.0,1
PH,2025-10-14,0.9310200214385986,0.0,1
PH,2025-10-15,0.9046800136566162,0.0,1
PH,2025-10-20,0.5448099970817566,0.0,1
PH,2025-10-22,-0.20202000439167023,0.8611599802970886,2
PH,2025-10-28,-0.707360029220581,0.0,1
PH,2025-10-29,-0.09184999763965607,0.0,1
PH,2025-10-30,-0.7651699781417847,0.0,1
PHM,2025-10-20,0.13928000628948212,0.9434000253677368,2
PHM,2025-10-21,0.20360000431537628,0.5960999727249146,9
PHM,2025-10-22,0.006260000169277191,0.0,1
PHM,2025-10-27,0.9111999869346619,0.0,1
PHM,2025-10-30,0.23295,0.59648,13
PKG,2025-10-24,-0.04698000103235245,0.8441799879074097,3
PKG,2025-10-26,0.10097000002861023,0.0,1
PKG,2025-10-27,-0.8108800053596497,0.0,1
PKG,2025-10-28,0.82014000415802,0.03434000164270401,2
PKG,2025-10-29,0.44106999039649963,0.6049299836158752,2
PKG,2025-10-30,0.8744400143623352,0.0,1
PLD,2025-10-15,-0.29618000984191895,0.8200200200080872,7
PLD,2025-10-16,-0.8207600116729736,0.0,1
PLD,2025-10-18,-0.9319700002670288,0.0,1
PLD,2025-10-19,-0.4302099943161011,0.0,1
PLD,2025-10-23,-0.23736000061035156,0.0,1
PLD,2025-10-30,-0.4085,0.67799,11
PLTR,2025-10-29,0.4962399899959564,0.6923199892044067,6
PLTR,2025-10-30,0.5631700158119202,0.3619300127029419,6
PM,2025-10-21,-0.009410000406205654,0.0,1
PM,2025-10-22,0.17148999869823456,0.6818000078201294,5
PM,2025-10-23,0.8478500247001648,0.0,1
PM,2025-10-26,0.8461099863052368,0.0,1
PM,2025-10-28,0.03441999852657318,1.1772199869155884,2
PM,2025-10-29,0.7057600021362305,0.1006999984383583,3
PM,2025-10-30,0.3637,0.62078,13
PNC,2025-10-15,-0.9275799989700317,0.0,1
PNC,2025-10-16,-0.41631999611854553,0.5969200134277344,2
PNC,2025-10-22,0.46380001306533813,0.5847399830818176,3
PNC,2025-10-23,0.8985400199890137,0.0,1
PNC,2025-10-24,0.9122400283813477,0.0,1
PNC,2025-10-28,0.08699999749660492,0.0,1
PNC,2025-10-29,0.8153799772262573,0.07734999805688858,3
PNC,2025-10-30,0.33126,0.68949,12
PNR,2025-10-13,0.8903200030326843,0.0,1
PNR,2025-10-15,0.8407800197601318,0.0,1
PNR,2025-10-16,0.6506999731063843,0.14273999631404877,2
PNR,2025-10-18,-0.9101899862289429,0.0,1
PNR,2025-10-21,-0.1994200050830841,0.866320013999939,8
PNR,2025-10-22,-0.0005799999926239252,0.0,1
PNR,2025-10-24,-0.5888299942016602,0.0,1
PNR,2025-10-27,0.7804099917411804,0.0,1
PNR,2025-10-28,-0.6259700059890747,0.0,1
PNR,2025-10-30,0.00541,0.79507,17
PNW,2025-09-19,0.1582999974489212,0.0,1
PNW,2025-09-25,0.05110999941825867,0.0,1
PNW,2025-09-26,0.8744699954986572,0.0,1
PNW,2025-09-29,0.8647400140762329,0.0,1
PNW,2025-10-02,0.9013599753379822,0.0,1
PNW,2025-10-08,-0.6376399993896484,0.0,1
PNW,2025-10-09,0.45416998863220215,0.0,1
PNW,2025-10-17,0.8940799832344055,0.0,1
PNW,2025-10-22,0.6389200091362,0.365449994802475,2
PNW,2025-10-24,0.8663100004196167,0.0,1
PNW,2025-10-27,0.015069999732077122,0.0,1
PNW,2025-10-29,0.877560019493103,0.0,1
PNW,2025-10-30,0.50749,0.49054,13
PODD,2025-10-01,-0.7373800277709961,0.0,1
PODD,2025-10-05,0.8392300009727478,0.0,1
PODD,2025-10-07,-0.28268998861312866,0.0,1
PODD,2025-10-08,0.806879997253418,0.0,1
PODD,2025-10-10,0.8732500076293945,0.0,1
PODD,2025-10-11,0.2863200008869171,0.0,1
PODD,2025-10-20,-0.9322100281715393,0.0,1
PODD,2025-10-23,0.9014000296592712,0.0,1
PODD,2025-10-24,0.7579500079154968,0.1954299956560135,2
PODD,2025-10-28,0.8582000136375427,0.0,1
PODD,2025-10-30,-0.2544899880886078,0.9690700173377991,3
POOL,2025-10-21,0.8083599805831909,0.10988999903202057,2
POOL,2025-10-22,0.8124600052833557,0.12771999835968018,2
POOL,2025-10-23,-0.11817000061273575,0.8742600083351135,6
POOL,2025-10-24,-0.6004800200462341,0.5231800079345703,3
POOL,2025-10-29,0.7955999970436096,0.1295900046825409,2
POOL,2025-10-30,0.8858199715614319,0.0,1
PPG,2025-10-13,-0.9244700074195862,0.0,1
PPG,2025-10-14,0.5464299917221069,0.0,1
PPG,2025-10-15,0.7436800003051758,0.0,1
PPG,2025-10-16,0.8111400008201599,0.0,1
PPG,2025-10-20,0.6853600144386292,0.0,1
PPG,2025-10-21,0.4762200117111206,0.42155998945236206,3
PPG,2025-10-22,0.8439000248908997,0.0,1
PPG,2025-10-28,0.2774699926376343,0.7528499960899353,5
PPG,2025-10-29,-0.8480899930000305,0.0,1
PPG,2025-10-30,0.3116,0.68122,15
PPL,2025-10-06,0.7730399966239929,0.1399500072002411,2
PPL,2025-10-08,0.6937699913978577,0.0,1
PPL,2025-10-14,0.8539800047874451,0.0,1
PPL,2025-10-15,0.9145100116729736,0.0,1
PPL,2025-10-16,0.6739000082015991,0.2844200134277344,2
PPL,2025-10-18,-0.8694999814033508,0.0,1
PPL,2025-10-22,0.304500013589859,0.8588799834251404,2
PPL,2025-10-23,0.6916300058364868,0.0,1
PPL,2025-10-24,0.9020500183105469,0.0,1
PPL,2025-10-25,-0.18570999801158905,0.0,1
PPL,2025-10-29,0.7928599715232849,0.12278000265359879,2
PPL,2025-10-30,0.7745299935340881,0.0,1
PRU,2025-10-20,0.7458900213241577,0.0,1
PRU,2025-10-22,0.6114599704742432,0.0,1
PRU,2025-10-24,0.7211499810218811,0.0,1
PRU,2025-10-26,-0.131290003657341,0.7265499830245972,2
PRU,2025-10-27,0.8540800213813782,0.0,1
PRU,2025-10-28,0.9038100242614746,0.0,1
PRU,2025-10-29,0.05017999932169914,0.8949900269508362,5
PRU,2025-10-30,-0.10812000185251236,0.6878100037574768,3
PSA,2025-09-20,0.7261800169944763,0.0,1
PSA,2025-09-25,-0.8190100193023682,0.0,1
PSA,2025-09-26,0.9085299968719482,0.0,1
PSA,2025-10-02,0.9192900061607361,0.0,1
PSA,2025-10-07,0.8893899917602539,0.0,1
PSA,2025-10-11,-0.2074899971485138,0.0,1
PSA,2025-10-13,0.29813000559806824,0.845990002155304,2
PSA,2025-10-23,0.868120014667511,0.0,1
PSA,2025-10-24,0.6775500178337097,0.0,1
PSA,2025-10-26,0.6312199831008911,0.0,1
PSA,2025-10-27,0.8944299817085266,0.0,1
PSA,2025-10-29,0.7061200141906738,0.2545199990272522,4
PSA,2025-10-30,-0.02249000035226345,1.2487399578094482,2
PSKY,2025-10-23,0.8754199743270874,0.0,1
PSKY,2025-10-24,-0.9211300015449524,0.0,1
PSKY,2025-10-27,0.09516999870538712,0.2242099940776825,3
PSKY,2025-10-28,-0.79721999168396,0.03685000166296959,2
PSKY,2025-10-29,0.30090001225471497,0.4198000133037567,4
PSKY,2025-10-30,-0.01373,0.62481,11
PSX,2025-10-19,0.8162400126457214,0.0,1
PSX,2025-10-20,0.8748599886894226,0.0,1
PSX,2025-10-21,0.8537499904632568,0.0,1
PSX,2025-10-22,0.8569200038909912,0.0,1
PSX,2025-10-23,0.9183499813079834,0.0,1
PSX,2025-10-24,0.7524600028991699,0.15368999540805817,3
PSX,2025-10-28,0.5631999969482422,0.33820998668670654,2
PSX,2025-10-29,0.07891000062227249,0.7595199942588806,4
PSX,2025-10-30,-0.9247099757194519,0.0,1
PTC,2025-09-30,-0.3387399911880493,0.0,1
PTC,2025-10-06,0.26287999749183655,0.0,1
PTC,2025-10-08,0.8311100006103516,0.12364000082015991,2
PTC,2025-10-13,0.8950700163841248,0.00011999999696854502,2
PTC,2025-10-14,-0.8789799809455872,0.0,1
PTC,2025-10-16,-0.8825200200080872,0.0,1
PTC,2025-10-19,-0.02394000068306923,0.0,1
PTC,2025-10-21,0.885420024394989,0.015860000625252724,2
PTC,2025-10-24,0.16870999336242676,0.0,1
PTC,2025-10-27,0.8753899931907654,0.0,1
PTC,2025-10-30,0.8635900020599365,0.0,1
PWR,2025-10-27,0.8139899969100952,0.0,1
PWR,2025-10-28,0.7653399705886841,0.2335200011730194,4
PWR,2025-10-29,0.8682100176811218,0.042479999363422394,2
PWR,2025-10-30,0.18570999801158905,0.8861700296401978,8
PYPL,2025-10-29,-0.24398000538349152,0.6301800012588501,8
PYPL,2025-10-30,0.5298100113868713,0.192780002951622,4
QCOM,2025-10-28,0.3755599856376648,0.0,1
QCOM,2025-10-29,0.38436999917030334,0.4073199927806854,4
QCOM,2025-10-30,-0.1250700056552887,0.8900099992752075,3
RCL,2025-10-28,0.29565000534057617,0.4697299897670746,6
RCL,2025-10-29,0.062300000339746475,0.5896400213241577,6
RCL,2025-10-30,-0.21950000524520874,0.3609899878501892,2
REG,2025-08-14,0.8857200145721436,0.0,1
REG,2025-08-27,0.8801800012588501,0.0,1
REG,2025-08-28,-0.6785100102424622,0.0,1
REG,2025-09-02,0.8522700071334839,0.0,1
REG,2025-09-03,0.8914600014686584,0.0,1
REG,2025-09-15,-0.5092300176620483,0.0,1
REG,2025-09-29,0.11129999905824661,0.0,1
REG,2025-09-30,0.8741300106048584,0.03206999972462654,2
REG,2025-10-09,0.8802599906921387,0.0,1
REG,2025-10-10,0.5656399726867676,0.0,1
REG,2025-10-22,0.8368399739265442,0.0,1
REG,2025-10-28,0.03723999857902527,0.8064900040626526,3
REG,2025-10-29,-0.11395999789237976,0.3951300084590912,3
REG,2025-10-30,-0.2389799952507019,0.0,1
REGN,2025-10-28,-0.18522000312805176,0.7498000264167786,5
REGN,2025-10-29,0.05829000100493431,0.4292300045490265,4
REGN,2025-10-30,0.4243899881839752,0.62295001745224,2
RF,2025-10-17,-0.40755000710487366,0.8968300223350525,3
RF,2025-10-18,0.8995599746704102,0.0,1
RF,2025-10-20,0.11005000025033951,0.7216899991035461,2
RF,2025-10-22,-0.8159199953079224,0.0,1
RF,2025-10-24,0.695900022983551,0.09702000021934509,2
RF,2025-10-29,0.014039999805390835,0.0,1
RF,2025-10-30,0.04869,0.75139,10
RJF,2025-10-14,0.12087000161409378,0.0,1
RJF,2025-10-15,-0.0852700024843216,0.0,1
RJF,2025-10-19,0.8100500106811523,0.0,1
RJF,2025-10-21,0.6481500267982483,0.0,1
RJF,2025-10-22,0.42548999190330505,0.44290998578071594,3
RJF,2025-10-23,-0.2481600046157837,0.6938199996948242,6
RJF,2025-10-29,0.5498499870300293,0.0,1
RJF,2025-10-30,0.7310799956321716,0.0,1
RL,2025-10-22,0.8884099721908569,0.028149999678134918,2
RL,2025-10-24,0.7873899936676025,0.11874999850988388,2
RL,2025-10-28,0.09444999694824219,0.0,1
RL,2025-10-29,0.8941500186920166,0.0,1
RL,2025-10-30,0.055799998342990875,1.1345700025558472,2
RMD,2025-10-20,0.39136001467704773,0.7236999869346619,2
RMD,2025-10-21,0.8994600176811218,0.0,1
RMD,2025-10-22,0.8971999883651733,0.0,1
RMD,2025-10-23,0.8489000201225281,0.008569999597966671,2
RMD,2025-10-27,0.8744300007820129,0.0,1
RMD,2025-10-29,0.8450199961662292,0.08506999909877777,2
RMD,2025-10-30,0.76018,0.3325,9
ROK,2025-10-07,-0.7456499934196472,0.0,1
ROK,2025-10-08,0.8118699789047241,0.0,1
ROK,2025-10-15,0.8956199884414673,0.0,1
ROK,2025-10-21,0.3666299879550934,0.0,1
ROK,2025-10-22,0.34567999839782715,0.4889799952507019,2
ROK,2025-10-23,0.7186300158500671,0.22699999809265137,2
ROK,2025-10-24,0.8946099877357483,0.0,1
ROK,2025-10-27,0.28817999362945557,0.0,1
ROK,2025-10-28,0.04163999855518341,0.9467700123786926,2
ROK,2025-10-29,0.5746899843215942,0.0,1
ROK,2025-10-30,-0.0067900000140070915,1.2000600099563599,2
ROL,2025-10-06,0.8971499800682068,0.0,1
ROL,2025-10-07,-0.8176199793815613,0.0,1
ROL,2025-10-08,0.8769999742507935,0.017090000212192535,2
ROL,2025-10-20,-0.9034600257873535,0.0,1
ROL,2025-10-22,-0.5745700001716614,0.0,1
ROL,2025-10-27,0.8799300193786621,0.0,1
ROL,2025-10-28,0.014700000174343586,1.2578699588775635,2
ROL,2025-10-29,-0.09967999905347824,0.8765900135040283,4
ROL,2025-10-30,0.7824900150299072,0.0,1
ROP,2025-10-04,-0.572409987449646,0.0,1
ROP,2025-10-16,0.2179500013589859,0.0,1
ROP,2025-10-18,0.8466899991035461,0.0,1
ROP,2025-10-21,0.7058799862861633,0.0,1
ROP,2025-10-23,0.059579998254776,0.8245199918746948,6
ROP,2025-10-24,-0.9177200198173523,0.0,1
ROP,2025-10-27,-0.7651799917221069,0.0,1
ROP,2025-10-29,0.02290000021457672,0.0,1
ROP,2025-10-30,0.21336999535560608,0.0,1
ROST,2025-10-10,0.23868000507354736,0.0,1
ROST,2025-10-11,0.7567099928855896,0.0,1
ROST,2025-10-13,0.44168999791145325,0.0,1
ROST,2025-10-14,0.00774999987334013,1.2336000204086304,2
ROST,2025-10-15,0.7906299829483032,0.0911799967288971,3
ROST,2025-10-20,0.011420000344514847,0.0,1
ROST,2025-10-22,0.7952499985694885,0.0,1
ROST,2025-10-27,0.8480799794197083,0.037379998713731766,3
ROST,2025-10-28,0.5664399862289429,0.4113999903202057,2
ROST,2025-10-30,0.55388,0.48112,15
RSG,2025-10-01,-0.7027400135993958,0.07699000090360641,2
RSG,2025-10-02,-0.8448799848556519,0.0,1
RSG,2025-10-16,0.028699999675154686,0.0,1
RSG,2025-10-17,0.41269001364707947,0.6547099947929382,2
RSG,2025-10-19,0.5932999849319458,0.01343000028282404,2
RSG,2025-10-22,-0.7500799894332886,0.0,1
RSG,2025-10-23,0.18931999802589417,0.0,1
RSG,2025-10-27,0.8999699950218201,0.0,1
RSG,2025-10-28,0.40709999203681946,0.0,1
RSG,2025-10-29,0.9156500101089478,0.0,1
RSG,2025-10-30,0.11171,0.67281,13
RTX,2025-10-26,-0.04580000042915344,0.5301200151443481,2
RTX,2025-10-27,-0.01606000028550625,0.853630006313324,3
RTX,2025-10-28,0.7081999778747559,0.23096999526023865,2
RTX,2025-10-29,0.9162600040435791,0.0,1
RTX,2025-10-30,0.9101799726486206,0.0,1
RVTY,2025-10-20,0.021709999069571495,0.0,1
RVTY,2025-10-22,0.9000800251960754,0.0,1
RVTY,2025-10-23,0.3806299865245819,0.1584700047969818,2
RVTY,2025-10-26,0.02670999988913536,1.247499942779541,2
RVTY,2025-10-27,-0.14760999381542206,0.8416299819946289,8
RVTY,2025-10-28,0.2534500062465668,1.0295000076293945,3
RVTY,2025-10-30,0.07741,0.79161,17
SBAC,2025-08-04,0.8995199799537659,0.0,1
SBAC,2025-08-05,-0.6703199744224548,0.4487699866294861,3
SBAC,2025-08-20,0.8967000246047974,0.0,1
SBAC,2025-08-21,0.9104800224304199,0.0,1
SBAC,2025-08-26,0.8890399932861328,0.0,1
SBAC,2025-09-08,0.9005500078201294,0.0,1
SBAC,2025-09-09,0.5779500007629395,0.0,1
SBAC,2025-09-18,0.3860200047492981,0.0,1
SBAC,2025-10-02,-0.9252200126647949,0.0,1
SBAC,2025-10-08,0.9043300151824951,0.0,1
SBAC,2025-10-13,0.9071800112724304,0.0,1
SBAC,2025-10-14,0.8106099963188171,0.0,1
SBAC,2025-10-20,0.8859300017356873,0.0,1
SBAC,2025-10-29,0.8617799878120422,0.0,1
SBAC,2025-10-30,0.43087,0.72977,16
SBUX,2025-10-29,0.1875,0.8364400267601013,4
SBUX,2025-10-30,-0.10920000076293945,0.624210000038147,12
SCHW,2025-10-17,-0.8512499928474426,0.0,1
SCHW,2025-10-18,0.7668099999427795,0.0,1
SCHW,2025-10-21,-0.8589299917221069,0.0,1
SCHW,2025-10-22,0.8853600025177002,0.0,1
SCHW,2025-10-23,0.7997199892997742,0.15414999425411224,2
SCHW,2025-10-27,0.4918299913406372,0.0,1
SCHW,2025-10-28,-0.28626999258995056,0.0,1
SCHW,2025-10-29,0.37224000692367554,0.47613000869750977,2
SCHW,2025-10-30,0.24915,0.69475,10
SHW,2025-10-27,0.21393999457359314,0.2768400013446808,2
SHW,2025-10-28,-0.016140000894665718,0.808709979057312,11
SHW,2025-10-29,-0.9232500195503235,0.0,1
SHW,2025-10-30,0.6889700293540955,0.0,1
SJM,2025-10-03,0.6976900100708008,0.0,1
SJM,2025-10-06,-0.16901999711990356,0.0,1
SJM,2025-10-10,-0.33177998661994934,0.6652299761772156,2
SJM,2025-10-19,0.6890400052070618,0.0,1
SJM,2025-10-23,0.9191100001335144,0.0,1
SJM,2025-10-30,0.24554,0.65358,6
SLB,2025-10-19,-0.7274699807167053,0.0,1
SLB,2025-10-21,0.43571001291275024,0.3913100063800812,2
SLB,2025-10-23,0.8058300018310547,0.07673999667167664,2
SLB,2025-10-27,-0.7100899815559387,0.0,1
SLB,2025-10-28,0.05821000039577484,0.8390499949455261,2
SLB,2025-10-30,0.0015800000401213765,1.052970051765442,2
SMCI,2025-10-28,0.1954900026321411,0.8343600034713745,6
SMCI,2025-10-29,0.31077998876571655,0.7237399816513062,4
SMCI,2025-10-30,-0.27856001257896423,0.8745999932289124,2
SNA,2025-10-07,0.7901700139045715,0.0,1
SNA,2025-10-09,-0.6112099885940552,0.0,1
SNA,2025-10-10,0.6090700030326843,0.0,1
SNA,2025-10-13,0.8731600046157837,0.0,1
SNA,2025-10-15,0.8716999888420105,0.0,1
SNA,2025-10-16,-0.10198000073432922,0.6521900296211243,7
SNA,2025-10-17,0.31981998682022095,0.7324399948120117,2
SNA,2025-10-18,0.031690001487731934,0.0,1
SNA,2025-10-23,0.7872899770736694,0.0,1
SNA,2025-10-30,0.20485,0.64325,16
SNPS,2025-10-16,0.5971500277519226,0.3360399901866913,2
SNPS,2025-10-17,0.7692999839782715,0.11393000185489655,3
SNPS,2025-10-18,0.30180999636650085,0.0,1
SNPS,2025-10-20,0.6214100122451782,0.0,1
SNPS,2025-10-22,0.47200000286102295,0.0,1
SNPS,2025-10-23,-0.7831799983978271,0.0,1
SNPS,2025-10-24,0.8159899711608887,0.07102999836206436,2
SNPS,2025-10-25,-0.46007999777793884,0.0,1
SNPS,2025-10-28,0.8519999980926514,0.03540999814867973,2
SNPS,2025-10-29,0.8091099858283997,0.060350000858306885,2
SNPS,2025-10-30,0.53802,0.49152,16
SO,2025-10-23,-0.03928999975323677,1.172950029373169,2
SO,2025-10-24,0.5727400183677673,0.4745999872684479,2
SO,2025-10-25,0.9064800143241882,0.0,1
SO,2025-10-27,0.8152099847793579,0.06165999919176102,2
SO,2025-10-28,0.8887900114059448,0.0,1
SO,2025-10-29,0.03733000159263611,1.179319977760315,2
SO,2025-10-30,0.2512100040912628,0.7807400226593018,4
SOLV,2025-10-14,0.6420300006866455,0.0,1
SOLV,2025-10-16,0.9106199741363525,0.0,1
SOLV,2025-10-21,0.8981500267982483,0.0,1
SOLV,2025-10-22,0.8774399757385254,0.0,1
SOLV,2025-10-23,0.8519399762153625,0.0,1
SOLV,2025-10-24,0.9005799889564514,0.0,1
SOLV,2025-10-26,0.7933200001716614,0.0,1
SOLV,2025-10-28,0.19404999911785126,1.0168299674987793,2
SOLV,2025-10-29,0.3803200125694275,0.0,1
SOLV,2025-10-30,0.11480999737977982,0.0,1
SPG,2025-09-04,0.8313500285148621,0.0,1
SPG,2025-09-10,-0.38444000482559204,0.0,1
SPG,2025-09-19,-0.6417800188064575,0.0,1
SPG,2025-09-24,0.20837000012397766,0.0,1
SPG,2025-10-02,0.8108900189399719,0.13745999336242676,2
SPG,2025-10-06,0.3613300025463104,0.0,1
SPG,2025-10-15,0.7183799743652344,0.0,1
SPG,2025-10-17,0.286190003156662,0.0,1
SPG,2025-10-29,0.8830400109291077,0.020500000566244125,2
SPG,2025-10-30,-0.5163499712944031,0.0,1
SPGI,2025-10-27,0.8121200203895569,0.10234999656677246,3
SPGI,2025-10-28,-0.8524799942970276,0.0,1
SPGI,2025-10-29,0.2639800012111664,0.8995400071144104,2
SPGI,2025-10-30,0.0010400000028312206,0.7903800010681152,8
SRE,2025-09-24,0.3503499925136566,0.6515600085258484,2
SRE,2025-09-25,0.8103399872779846,0.0,1
SRE,2025-09-26,0.6946799755096436,0.0,1
SRE,2025-09-30,0.8670399785041809,0.0,1
SRE,2025-10-06,0.8453599810600281,0.004040000028908253,2
SRE,2025-10-08,-0.9036499857902527,0.0,1
SRE,2025-10-15,0.8493300080299377,0.0,1
SRE,2025-10-22,0.9014599919319153,0.0,1
SRE,2025-10-23,0.7201300263404846,0.0,1
SRE,2025-10-29,-0.837660014629364,0.0,1
SRE,2025-10-30,0.45776,0.67734,12
STE,2025-08-27,-0.5680500268936157,0.0,1
STE,2025-09-04,0.8893899917602539,0.0,1
STE,2025-09-09,0.10655000060796738,0.0,1
STE,2025-09-12,0.03689999878406525,0.0,1
STE,2025-09-15,0.211899995803833,0.0,1
STE,2025-09-17,0.540340006351471,0.0,1
STE,2025-09-23,0.9134100079536438,0.0,1
STE,2025-09-25,0.6311200261116028,0.34817999601364136,2
STE,2025-10-21,0.9000700116157532,0.0,1
STE,2025-10-22,0.9066699743270874,0.008220000192523003,2
STE,2025-10-23,0.737559974193573,0.21404999494552612,2
STE,2025-10-24,0.1908400058746338,0.0,1
STE,2025-10-29,0.757319986820221,0.0,1
STE,2025-10-30,0.53309,0.43716,16
STLD,2025-10-17,0.8797600269317627,0.0,1
STLD,2025-10-20,0.34498000144958496,0.726830005645752,5
STLD,2025-10-21,-0.822700023651123,0.16450999677181244,3
STLD,2025-10-22,0.1712000072002411,0.25854000449180603,2
STLD,2025-10-26,-0.9232800006866455,0.0,1
STLD,2025-10-27,0.7960500121116638,0.0,1
STLD,2025-10-30,0.02706,0.77292,13
STT,2025-10-17,-0.2544200122356415,0.7305600047111511,10
STT,2025-10-19,-0.92180997133255,0.0,1
STT,2025-10-20,-0.34718000888824463,0.770550012588501,2
STT,2025-10-23,0.8862000107765198,0.0,1
STT,2025-10-24,0.8219199776649475,0.10300999879837036,2
STT,2025-10-27,0.8831599950790405,0.0,1
STT,2025-10-30,0.8571900129318237,0.0,1
STX,2025-10-28,0.8650000095367432,0.0,1
STX,2025-10-29,-0.13728000223636627,0.6246600151062012,9
STX,2025-10-30,-0.9198799729347229,0.015790000557899475,2
STZ,2025-10-10,0.47115999460220337,0.36695000529289246,2
STZ,2025-10-13,0.7946599721908569,0.0,1
STZ,2025-10-15,0.8949400186538696,0.0,1
STZ,2025-10-18,0.018200000748038292,0.0,1
STZ,2025-10-20,0.8884099721908569,0.0,1
STZ,2025-10-23,-0.04152999818325043,0.0,1
STZ,2025-10-29,0.5081700086593628,0.0,1
STZ,2025-10-30,0.50065,0.3883,8
SW,2025-10-10,-0.8599399924278259,0.0,1
SW,2025-10-11,-0.041030000895261765,1.1894299983978271,2
SW,2025-10-15,-0.5942400097846985,0.0,1
SW,2025-10-22,-0.3194600045681,0.6736699938774109,2
SW,2025-10-23,0.9057199954986572,0.0,1
SW,2025-10-27,0.7301300168037415,0.17746999859809875,3
SW,2025-10-29,0.35732001066207886,0.391400009393692,6
SW,2025-10-30,-0.027820000424981117,0.0,1
SWK,2025-10-10,0.4747200012207031,0.0,1
SWK,2025-10-15,0.2503100037574768,0.7637500166893005,4
SWK,2025-10-17,0.8896499872207642,0.0,1
SWK,2025-10-19,0.7168200016021729,0.0,1
SWK,2025-10-27,0.06882999837398529,0.7516999840736389,3
SWK,2025-10-28,0.013910000212490559,0.0,1
SWK,2025-10-30,0.30026,0.60696,11
SWKS,2025-10-28,0.3482699990272522,0.6166499853134155,7
SWKS,2025-10-29,0.022840000689029694,0.6810799837112427,4
SWKS,2025-10-30,0.8945800065994263,0.0,1
SYF,2025-10-15,-0.2144400030374527,0.9459599852561951,5
SYF,2025-10-16,-0.556439995765686,0.5274999737739563,2
SYF,2025-10-20,0.7270200252532959,0.21190999448299408,2
SYF,2025-10-22,0.6918799877166748,0.0,1
SYF,2025-10-23,0.8363100290298462,0.0,1
SYF,2025-10-24,0.910830020904541,0.0,1
SYF,2025-10-25,0.8563100099563599,0.0,1
SYF,2025-10-28,0.4337800145149231,0.5516300201416016,2
SYF,2025-10-30,0.22879,0.77668,15
SYK,2025-10-14,0.32558000087738037,0.0,1
SYK,2025-10-17,0.9020699858665466,0.0,1
SYK,2025-10-18,0.8786200284957886,0.0,1
SYK,2025-10-20,0.9030900001525879,0.0,1
SYK,2025-10-22,0.9108700156211853,0.0,1
SYK,2025-10-23,0.7630400061607361,0.11027000099420547,2
SYK,2025-10-24,-0.5723900198936462,0.0,1
SYK,2025-10-25,-0.8742799758911133,0.0,1
SYK,2025-10-27,0.9162600040435791,0.0,1
SYK,2025-10-29,0.9105600118637085,0.0,1
SYK,2025-10-30,0.52968,0.64715,11
SYY,2025-10-21,0.8825200200080872,0.0,1
SYY,2025-10-22,0.19020000100135803,0.8410900235176086,3
SYY,2025-10-23,0.7828099727630615,0.0909700021147728,2
SYY,2025-10-27,0.5645300149917603,0.16455000638961792,2
SYY,2025-10-28,0.11469999700784683,0.8043100237846375,7
SYY,2025-10-29,0.0021299999207258224,0.0,1
SYY,2025-10-30,0.30955,0.66538,16
T,2025-10-29,0.1383100003004074,0.6075199842453003,13
T,2025-10-30,0.4011699855327606,0.5690600275993347,7
TAP,2025-10-20,0.0825200006365776,0.09238000214099884,4
TAP,2025-10-21,0.15826000273227692,0.16270999610424042,3
TAP,2025-10-22,0.01607000082731247,0.0,1
TAP,2025-10-23,0.9027900099754333,0.0,1
TAP,2025-10-24,0.377020001411438,0.0,1
TAP,2025-10-28,0.1513800024986267,0.1856900006532669,2
TAP,2025-10-29,0.7799000144004822,0.0,1
TAP,2025-10-30,0.8377699851989746,0.0,1
TDG,2025-09-25,-0.6152200102806091,0.0,1
TDG,2025-09-28,0.8881000280380249,0.0,1
TDG,2025-10-01,0.7252900004386902,0.0,1
TDG,2025-10-02,-0.9216399788856506,0.0,1
TDG,2025-10-06,0.7518799901008606,0.0,1
TDG,2025-10-07,-0.8224999904632568,0.0,1
TDG,2025-10-09,0.8243200182914734,0.0,1
TDG,2025-10-10,0.9175900220870972,0.0,1
TDG,2025-10-13,0.8951799869537354,0.0,1
TDG,2025-10-15,0.24442000687122345,0.0,1
TDG,2025-10-18,0.865090012550354,0.0,1
TDG,2025-10-21,0.9015399813652039,0.0,1
TDG,2025-10-22,0.9038000106811523,0.0,1
TDG,2025-10-24,0.8982999920845032,0.0,1
TDG,2025-10-26,0.8831800222396851,0.0,1
TDG,2025-10-27,0.7289100289344788,0.0,1
TDG,2025-10-30,0.8377100229263306,0.0,1
TDY,2025-10-20,-0.21639999747276306,0.0,1
TDY,2025-10-21,0.9019100069999695,0.0026599999982863665,2
TDY,2025-10-22,-0.06168999895453453,0.7763000130653381,10
TDY,2025-10-23,0.004550000187009573,0.0,1
TDY,2025-10-24,-0.9189199805259705,0.0,1
TDY,2025-10-27,0.7547699809074402,0.0,1
TDY,2025-10-28,-0.18021999299526215,0.836139976978302,3
TDY,2025-10-29,0.4890500009059906,0.0,1
TDY,2025-10-30,0.03796,0.73469,20
TECH,2025-09-30,0.7483800053596497,0.0,1
TECH,2025-10-02,0.698140025138855,0.26444000005722046,2
TECH,2025-10-09,-0.8615300059318542,0.0,1
TECH,2025-10-10,-0.4699000120162964,0.0,1
TECH,2025-10-14,0.8805800080299377,0.007739999797195196,2
TECH,2025-10-15,0.23430000245571136,0.9483299851417542,2
TECH,2025-10-16,0.9031000137329102,0.0,1
TECH,2025-10-19,-0.6963899731636047,0.0,1
TECH,2025-10-23,0.8520600199699402,0.0,1
TECH,2025-10-28,0.7161800265312195,0.1384499967098236,2
TECH,2025-10-29,0.9193500280380249,0.0,1
TECH,2025-10-30,0.43023,0.66912,15
TEL,2025-10-15,0.8933299779891968,0.0,1
TEL,2025-10-18,0.48363998532295227,0.0,1
TEL,2025-10-24,0.7530099749565125,0.0,1
TEL,2025-10-27,0.8673099875450134,0.0,1
TEL,2025-10-28,-0.18538999557495117,0.266400009393692,2
TEL,2025-10-29,-0.30893999338150024,0.7762200236320496,7
TEL,2025-10-30,0.38874000310897827,0.44005998969078064,4
TER,2025-10-28,-0.0003100000030826777,1.2884199619293213,2
TER,2025-10-29,-0.19357000291347504,0.640749990940094,8
TER,2025-10-30,-0.2925899922847748,0.6949999928474426,7
TFC,2025-10-28,-0.7769700288772583,0.0,1
TFC,2025-10-29,-0.5233399868011475,0.5180100202560425,6
TFC,2025-10-30,0.3050599992275238,0.36608999967575073,3
TGT,2025-10-28,0.3096599876880646,0.4262399971485138,3
TGT,2025-10-29,0.4300900101661682,0.7606899738311768,4
TGT,2025-10-30,0.21874000132083893,0.9025300145149231,3
TJX,2025-10-18,-0.2544899880886078,0.0,1
TJX,2025-10-20,0.3071100115776062,0.17490999400615692,2
TJX,2025-10-24,0.5983800292015076,0.24634000658988953,2
TJX,2025-10-27,0.8958100080490112,0.0,1
TJX,2025-10-28,-0.7641800045967102,0.0,1
TJX,2025-10-29,0.8504199981689453,0.004530000034719706,2
TJX,2025-10-30,0.37655,0.57201,9
TKO,2025-09-11,0.8798499703407288,0.0,1
TKO,2025-09-15,0.6578099727630615,0.0,1
TKO,2025-09-17,-0.8970100283622742,0.0,1
TKO,2025-09-25,0.5403599739074707,0.0,1
TKO,2025-10-07,0.607200026512146,0.28248000144958496,2
TKO,2025-10-12,0.8926500082015991,0.0,1
TKO,2025-10-16,-0.5726699829101562,0.0,1
TKO,2025-10-22,0.8839600086212158,0.0,1
TKO,2025-10-26,0.3891400098800659,0.0,1
TKO,2025-10-29,-0.6587200164794922,0.3021099865436554,2
TKO,2025-10-30,0.22259,0.70985,12
TMO,2025-10-22,-0.9307799935340881,0.0,1
TMO,2025-10-23,-0.1357100009918213,0.8499000072479248,4
TMO,2025-10-25,0.32725998759269714,0.0,1
TMO,2025-10-27,-0.6970800161361694,0.0,1
TMO,2025-10-28,-0.3123599886894226,0.0,1
TMO,2025-10-29,0.3928999900817871,0.7799800038337708,7
TMO,2025-10-30,0.03964,0.77942,15
TMUS,2025-10-27,0.8686500191688538,0.0,1
TMUS,2025-10-28,0.29695001244544983,0.0,1
TMUS,2025-10-29,0.78302001953125,0.10439000278711319,2
TMUS,2025-10-30,-0.3932400047779083,0.27241000533103943,2
TPL,2025-08-07,0.09284000098705292,0.0,1
TPL,2025-08-08,0.4202499985694885,0.0,1
TPL,2025-08-13,0.8861200213432312,0.0,1
TPL,2025-08-14,0.05795999988913536,1.20278000831604,2
TPL,2025-08-18,0.8680800199508667,0.0,1
TPL,2025-08-27,0.9028099775314331,0.0,1
TPL,2025-08-29,0.7806100249290466,0.0,1
TPL,2025-09-25,0.0871099978685379,0.0,1
TPL,2025-09-29,-0.9111700057983398,0.0,1
TPL,2025-10-02,-0.12964999675750732,0.0,1
TPL,2025-10-03,-0.09990999847650528,0.0,1
TPL,2025-10-09,0.9077200293540955,0.0,1
TPL,2025-10-24,0.871209979057312,0.0,1
TPL,2025-10-27,-0.7817100286483765,0.0,1
TPL,2025-10-30,0.26735,0.686,15
TPR,2025-10-16,0.8979499936103821,0.0,1
TPR,2025-10-17,0.8646000027656555,0.0,1
TPR,2025-10-22,0.10294000059366226,0.0,1
TPR,2025-10-23,-0.009560000151395798,0.0,1
TPR,2025-10-24,0.40775999426841736,0.0,1
TPR,2025-10-26,0.7169700264930725,0.0,1
TPR,2025-10-28,0.8979200124740601,0.0,1
TPR,2025-10-30,-0.549809992313385,0.0,1
TRGP,2025-09-03,-0.4505699872970581,0.0,1
TRGP,2025-09-15,0.8905799984931946,0.0,1
TRGP,2025-09-16,0.0326399989426136,0.0,1
TRGP,2025-09-19,-0.08781000226736069,0.0,1
TRGP,2025-09-24,0.6253399848937988,0.0,1
TRGP,2025-09-30,-0.39184001088142395,0.4771899878978729,2
TRGP,2025-10-01,-0.8692200183868408,0.0,1
TRGP,2025-10-06,0.020640000700950623,0.0,1
TRGP,2025-10-08,-0.8037700057029724,0.0,1
TRGP,2025-10-10,0.5540099740028381,0.0,1
TRGP,2025-10-15,0.8659800291061401,0.0,1
TRGP,2025-10-16,0.897159993648529,0.0,1
TRGP,2025-10-17,0.8900700211524963,0.0,1
TRGP,2025-10-18,0.8674399852752686,0.0,1
TRGP,2025-10-21,0.3617999851703644,0.11196999996900558,2
TRGP,2025-10-30,0.19838,0.62971,17
TRMB,2025-09-02,0.02118000015616417,0.0,1
TRMB,2025-09-04,0.8605999946594238,0.0,1
TRMB,2025-09-05,0.8955600261688232,0.0,1
TRMB,2025-09-10,-0.04324999824166298,1.1610499620437622,2
TRMB,2025-09-16,-0.500190019607544,0.4877299964427948,2
TRMB,2025-09-18,0.8285199999809265,0.0,1
TRMB,2025-09-23,0.0837400034070015,0.0,1
TRMB,2025-09-25,0.15992000699043274,0.0,1
TRMB,2025-10-02,-0.17086000740528107,0.0,1
TRMB,2025-10-13,-0.8909000158309937,0.0,1
TRMB,2025-10-22,0.899429976940155,0.0,1
TRMB,2025-10-23,0.42124998569488525,0.0,1
TRMB,2025-10-26,-0.7228099703788757,0.0,1
TRMB,2025-10-28,0.8460599780082703,0.0,1
TRMB,2025-10-30,0.13405,0.68859,16
TROW,2025-10-24,0.5799000263214111,0.48816001415252686,3
TROW,2025-10-26,0.8190299868583679,0.0,1
TROW,2025-10-28,0.7145900130271912,0.1498199999332428,2
TROW,2025-10-29,0.7972999811172485,0.14712999761104584,3
TROW,2025-10-30,0.8975899815559387,0.0,1
TRV,2025-10-22,0.8833299875259399,0.0,1
TRV,2025-10-23,0.6857799887657166,0.3312399983406067,3
TRV,2025-10-27,0.8986700177192688,0.0,1
TRV,2025-10-29,0.6559600234031677,0.0,1
TRV,2025-10-30,0.888159990310669,0.0,1
TSCO,2025-10-23,-0.21748000383377075,0.7879199981689453,8
TSCO,2025-10-24,0.2056400030851364,0.2037999927997589,3
TSCO,2025-10-27,0.8818600177764893,0.0,1
TSCO,2025-10-28,0.611020028591156,0.0,1
TSCO,2025-10-30,0.07487999647855759,1.0489399433135986,2
TSLA,2025-10-30,0.4256899952888489,0.5666300058364868,2
TSN,2025-10-15,0.8871399760246277,0.015530000440776348,2
TSN,2025-10-16,0.26883000135421753,0.36785000562667847,2
TSN,2025-10-17,0.331930011510849,0.0,1
TSN,2025-10-18,0.5435699820518494,0.0,1
TSN,2025-10-23,0.13985000550746918,0.0,1
TSN,2025-10-24,0.8810999989509583,0.03452000021934509,2
TSN,2025-10-26,-0.9133999943733215,0.0,1
TSN,2025-10-27,0.7452499866485596,0.0,1
TSN,2025-10-28,0.8711000084877014,0.0022700000554323196,2
TSN,2025-10-29,0.8573099970817566,0.006870000157505274,2
TSN,2025-10-30,0.55854,0.50221,15
TT,2025-10-20,0.644569993019104,0.0,1
TT,2025-10-21,0.7153900265693665,0.0,1
TT,2025-10-23,-0.8060299754142761,0.0,1
TT,2025-10-24,-0.2008800059556961,0.0,1
TT,2025-10-27,0.6737899780273438,0.0,1
TT,2025-10-28,0.7165899872779846,0.24550999701023102,2
TT,2025-10-29,0.8801100254058838,0.028750000521540642,2
TT,2025-10-30,0.038029998540878296,0.9012100100517273,7
TTD,2025-10-16,0.879830002784729,0.0,1
TTD,2025-10-17,-0.08643999695777893,1.065850019454956,2
TTD,2025-10-20,0.8929299712181091,0.0,1
TTD,2025-10-21,0.5875700116157532,0.4299300014972687,3
TTD,2025-10-22,0.8952699899673462,0.0,1
TTD,2025-10-23,0.5864999890327454,0.4880099892616272,3
TTD,2025-10-24,0.038989998400211334,0.0,1
TTD,2025-10-25,0.8751299977302551,0.0,1
TTD,2025-10-28,0.4536600112915039,0.0,1
TTD,2025-10-29,-0.3633500039577484,0.0,1
TTD,2025-10-30,0.46812,0.55134,15
TTWO,2025-10-09,0.7298499941825867,0.2321700006723404,2
TTWO,2025-10-10,0.4710400104522705,0.0,1
TTWO,2025-10-13,0.852400004863739,0.0,1
TTWO,2025-10-15,0.8135799765586853,0.0,1
TTWO,2025-10-16,-0.513260006904602,0.0,1
TTWO,2025-10-17,0.850629985332489,0.0,1
TTWO,2025-10-19,0.8744199872016907,0.0,1
TTWO,2025-10-22,0.7517600059509277,0.16801999509334564,2
TTWO,2025-10-25,0.578980028629303,0.0,1
TTWO,2025-10-28,0.44422999024391174,0.47666001319885254,2
TTWO,2025-10-30,0.6885600090026855,0.19713999330997467,2
TXN,2025-10-22,0.6786900162696838,0.0,1
TXN,2025-10-23,-0.055799998342990875,0.007089999970048666,2
TXN,2025-10-24,0.3040600121021271,0.35418999195098877,2
TXN,2025-10-25,0.42798998951911926,0.04360999912023544,2
TXN,2025-10-27,0.7755600214004517,0.0,1
TXN,2025-10-28,0.41488999128341675,0.5085200071334839,4
TXN,2025-10-30,0.37219,0.37525,12
TXT,2025-10-23,-0.39107999205589294,0.7869399785995483,5
TXT,2025-10-24,0.3862999975681305,0.5480499863624573,2
TXT,2025-10-28,-0.28255000710487366,0.0,1
TXT,2025-10-29,-0.1919499933719635,0.0,1
TXT,2025-10-30,0.4008600115776062,0.0,1
TYL,2025-09-04,0.6085900068283081,0.0,1
TYL,2025-09-08,0.6751999855041504,0.0,1
TYL,2025-09-11,-0.3275899887084961,0.0,1
TYL,2025-09-18,0.03294999897480011,0.0,1
TYL,2025-10-06,0.9018399715423584,0.0,1
TYL,2025-10-08,-0.12290000170469284,0.2703000009059906,2
TYL,2025-10-09,0.13422000408172607,0.0,1
TYL,2025-10-16,0.12046000361442566,1.128119945526123,2
TYL,2025-10-20,0.03829000145196915,0.0,1
TYL,2025-10-22,-0.3666900098323822,0.0,1
TYL,2025-10-24,0.901889979839325,0.0,1
TYL,2025-10-29,0.13387000560760498,0.9593499898910522,5
TYL,2025-10-30,-0.926829993724823,0.0,1
UAL,2025-10-21,-0.02638000063598156,1.1777299642562866,2
UAL,2025-10-22,0.8754500150680542,0.0,1
UAL,2025-10-23,0.5816400051116943,0.3475100100040436,2
UAL,2025-10-24,0.866599977016449,0.0,1
UAL,2025-10-25,0.6756299734115601,0.0,1
UAL,2025-10-29,-0.5849499702453613,0.0,1
UAL,2025-10-30,-0.014809999614953995,0.9185000061988831,2
UBER,2025-10-29,0.26357001066207886,0.6375899910926819,5
UBER,2025-10-30,-0.4158399999141693,0.8890299797058105,4
UDR,2025-10-08,0.9183800220489502,0.0,1
UDR,2025-10-10,0.9047300219535828,0.0,1
UDR,2025-10-14,0.9113500118255615,0.0,1
UDR,2025-10-16,0.35541999340057373,0.0,1
UDR,2025-10-27,0.8756300210952759,0.0,1
UDR,2025-10-29,0.24668000638484955,0.7253199815750122,5
UDR,2025-10-30,0.874239981174469,0.016739999875426292,2
UHS,2025-10-26,0.9055699706077576,0.0,1
UHS,2025-10-27,-0.04515000060200691,0.9140700101852417,6
UHS,2025-10-28,0.0693499967455864,0.706059992313385,5
UHS,2025-10-29,-0.1253799945116043,1.1432499885559082,2
UHS,2025-10-30,0.44249001145362854,0.0,1
ULTA,2025-10-16,0.8718299865722656,0.043859999626874924,3
ULTA,2025-10-17,0.09031999856233597,1.161679983139038,2
ULTA,2025-10-22,0.3895300030708313,0.4499100148677826,3
ULTA,2025-10-24,0.623420000076294,0.4484899938106537,3
ULTA,2025-10-27,0.8818600177764893,0.0,1
ULTA,2025-10-28,0.8958200216293335,0.0,1
ULTA,2025-10-30,0.49145999550819397,0.0,1
UNH,2025-10-29,-0.032499998807907104,0.6307200193405151,6
UNH,2025-10-30,-0.6292799711227417,0.0,1
UNP,2025-10-23,-0.20572000741958618,0.639769971370697,3
UNP,2025-10-24,0.04270000010728836,0.8812400102615356,3
UNP,2025-10-25,-0.9079999923706055,0.0,1
UNP,2025-10-27,0.8344299793243408,0.0,1
UNP,2025-10-29,-0.923550009727478,0.0,1
UNP,2025-10-30,0.7853400111198425,0.0,1
UPS,2025-10-29,0.30553001165390015,0.5888800024986267,8
UPS,2025-10-30,0.0328500010073185,0.04258999973535538,2
URI,2025-10-22,0.1074799969792366,0.7760300040245056,6
URI,2025-10-23,-0.3733200132846832,0.4979200065135956,5
URI,2025-10-24,-0.0022799998987466097,0.0,1
URI,2025-10-29,0.8214899897575378,0.0,1
URI,2025-10-30,-0.03096,0.67276,13
USB,2025-10-19,0.8581900000572205,0.0,1
USB,2025-10-20,0.8211899995803833,0.0,1
USB,2025-10-21,-0.16571000218391418,0.6136599779129028,3
USB,2025-10-22,-0.865880012512207,0.0,1
USB,2025-10-23,0.7293199896812439,0.1387300044298172,2
USB,2025-10-26,0.378930002450943,0.0,1
USB,2025-10-27,0.38683998584747314,0.0,1
USB,2025-10-29,0.037769999355077744,0.0,1
USB,2025-10-30,-0.5429499745368958,0.0,1
V,2025-10-29,0.05090000107884407,0.7234200239181519,8
V,2025-10-30,0.1088000014424324,0.6315699815750122,7
VICI,2025-10-10,-0.012090000323951244,0.0,1
VICI,2025-10-12,0.8862199783325195,0.0,1
VICI,2025-10-14,0.9014999866485596,0.0,1
VICI,2025-10-16,0.5695199966430664,0.0,1
VICI,2025-10-19,0.5620499849319458,0.0,1
VICI,2025-10-20,0.8555799722671509,0.04651999846100807,2
VICI,2025-10-28,0.8972300291061401,0.0,1
VICI,2025-10-30,0.407370001077652,0.5824699997901917,2
VLO,2025-10-23,-0.6695799827575684,0.0,1
VLO,2025-10-24,0.03350000083446503,0.035599999129772186,2
VLO,2025-10-28,0.6804500222206116,0.309469997882843,2
VLO,2025-10-29,0.8457199931144714,0.05981000140309334,3
VLO,2025-10-30,0.7285100221633911,0.15458999574184418,2
VLTO,2025-10-01,-0.9116700291633606,0.0,1
VLTO,2025-10-03,0.8871399760246277,0.0,1
VLTO,2025-10-08,0.7838600277900696,0.0,1
VLTO,2025-10-11,0.4406000077724457,0.0,1
VLTO,2025-10-27,0.8952599763870239,0.01351999957114458,2
VLTO,2025-10-28,0.0840499997138977,0.9095500111579895,5
VLTO,2025-10-29,-0.3946399986743927,0.7492200136184692,2
VLTO,2025-10-30,-0.9400799870491028,0.0,1
VMC,2025-10-21,0.3070099949836731,0.0,1
VMC,2025-10-23,0.8503199815750122,0.0,1
VMC,2025-10-28,0.9060699939727783,0.0,1
VMC,2025-10-29,0.8460400104522705,0.0708099976181984,3
VMC,2025-10-30,0.2821100056171417,0.8378300070762634,7
VRSK,2025-10-21,-0.0920799970626831,0.6737099885940552,3
VRSK,2025-10-22,-0.4282200038433075,0.5749599933624268,2
VRSK,2025-10-23,-0.3169200122356415,0.0,1
VRSK,2025-10-24,0.8981000185012817,0.0,1
VRSK,2025-10-28,0.9010400176048279,0.0,1
VRSK,2025-10-29,0.06943999975919724,0.7526999711990356,7
VRSK,2025-10-30,0.8070999979972839,0.0,1
VRSN,2025-10-01,0.7892500162124634,0.0,1
VRSN,2025-10-08,0.8676400184631348,0.0,1
VRSN,2025-10-09,0.35912999510765076,0.0,1
VRSN,2025-10-22,0.9158099889755249,0.0,1
VRSN,2025-10-23,0.15731999278068542,0.9559100270271301,3
VRSN,2025-10-24,0.1709199994802475,0.796750009059906,4
VRSN,2025-10-25,0.0026400000788271427,0.0,1
VRSN,2025-10-30,0.8729000091552734,0.0,1
VRTX,2025-10-17,0.6033099889755249,0.0,1
VRTX,2025-10-18,0.8074600100517273,0.0,1
VRTX,2025-10-22,0.879289984703064,0.0,1
VRTX,2025-10-23,0.18100999295711517,0.6616500020027161,3
VRTX,2025-10-27,0.3682200014591217,0.48072999715805054,3
VRTX,2025-10-28,0.227400004863739,0.9968500137329102,3
VRTX,2025-10-29,0.8104400038719177,0.03970000147819519,2
VRTX,2025-10-30,0.44577,0.57564,14
VST,2025-10-22,-3.9999998989515007e-05,1.2409800291061401,2
VST,2025-10-23,0.8370199799537659,0.0,1
VST,2025-10-24,-0.1227400004863739,0.8867499828338623,3
VST,2025-10-26,0.1471800059080124,0.7542799711227417,2
VST,2025-10-27,0.7861400246620178,0.0,1
VST,2025-10-28,0.7250499725341797,0.0,1
VST,2025-10-30,-0.014109999872744083,0.7640600204467773,3
VTR,2025-10-23,0.7488899827003479,0.0,1
VTR,2025-10-26,-0.4242500066757202,0.0,1
VTR,2025-10-27,0.7103000283241272,0.0,1
VTR,2025-10-28,-0.1441899985074997,0.0,1
VTR,2025-10-29,0.46004000306129456,0.5180100202560425,4
VTR,2025-10-30,-0.8746200203895569,0.0,1
VTRS,2025-10-09,-0.41718998551368713,0.0,1
VTRS,2025-10-13,0.7319300174713135,0.0,1
VTRS,2025-10-15,0.4340899884700775,0.6992599964141846,2
VTRS,2025-10-16,-0.0225600004196167,0.8520200252532959,2
VTRS,2025-10-17,0.7743800282478333,0.0,1
VTRS,2025-10-21,0.42570000886917114,0.7387700080871582,3
VTRS,2025-10-22,0.9079200029373169,0.0,1
VTRS,2025-10-24,0.8339899778366089,0.0872500017285347,2
VTRS,2025-10-28,-0.0017999999690800905,0.33142000436782837,2
VTRS,2025-10-30,-0.7024999856948853,0.0,1
VZ,2025-10-29,0.00851999968290329,0.6210200190544128,8
VZ,2025-10-30,-0.26600998640060425,1.0222699642181396,3
WAB,2025-10-20,0.8815100193023682,0.0,1
WAB,2025-10-21,0.8877099752426147,0.0,1
WAB,2025-10-22,-0.04112999886274338,0.7270100116729736,10
WAB,2025-10-23,-0.4542100131511688,0.6703299880027771,2
WAB,2025-10-28,0.7385799884796143,0.0,1
WAB,2025-10-29,0.8199599981307983,0.0,1
WAB,2025-10-30,0.1255,0.73787,16
WAT,2025-09-03,-0.9247499704360962,0.0,1
WAT,2025-09-10,0.8969900012016296,0.0,1
WAT,2025-09-19,0.022019999101758003,0.13059000670909882,2
WAT,2025-09-30,0.8652899861335754,0.0,1
WAT,2025-10-01,0.8801400065422058,0.0,1
WAT,2025-10-08,0.3170599937438965,0.6944800019264221,3
WAT,2025-10-13,-0.46244001388549805,0.0,1
WAT,2025-10-19,-0.9097099900245667,0.0,1
WAT,2025-10-20,0.8266500234603882,0.0,1
WAT,2025-10-25,0.9057700037956238,0.0,1
WAT,2025-10-28,-0.5288400053977966,0.0,1
WAT,2025-10-30,0.18174,0.72482,14
WBD,2025-10-25,0.7371900081634521,0.0,1
WBD,2025-10-27,0.2511900067329407,0.713949978351593,6
WBD,2025-10-28,-0.05874999985098839,0.6991199851036072,4
WBD,2025-10-29,0.7922599911689758,0.11954999715089798,2
WBD,2025-10-30,-0.8822100162506104,0.0,1
WDAY,2025-10-28,0.4585700035095215,0.0,1
WDAY,2025-10-29,0.8805500268936157,0.0,1
WDAY,2025-10-30,0.66956,0.29839,2
WDC,2025-10-21,-0.9136800169944763,0.0,1
WDC,2025-10-23,-0.18768000602722168,0.9073100090026855,2
WDC,2025-10-24,0.6239799857139587,0.25314000248908997,2
WDC,2025-10-28,0.6198400259017944,0.38940000534057617,3
WDC,2025-10-29,0.9093300104141235,0.0,1
WDC,2025-10-30,-0.5578699707984924,0.46110999584198,2
WEC,2025-09-24,0.7691500186920166,0.0,1
WEC,2025-09-30,0.11692000180482864,0.0,1
WEC,2025-10-04,0.15012000501155853,0.0,1
WEC,2025-10-15,0.9047099947929382,0.0,1
WEC,2025-10-16,0.2708300054073334,0.0,1
WEC,2025-10-18,0.9039899706840515,0.0,1
WEC,2025-10-23,0.266510009765625,0.5288599729537964,3
WEC,2025-10-26,-0.004019999876618385,1.263450026512146,2
WEC,2025-10-29,0.8854100108146667,0.0,1
WEC,2025-10-30,0.0008999999845400453,0.8217999935150146,3
WELL,2025-10-22,0.885670006275177,0.0,1
WELL,2025-10-26,0.8747400045394897,0.0,1
WELL,2025-10-27,0.10902000218629837,0.7941499948501587,8
WELL,2025-10-28,-0.3353700041770935,0.7623599767684937,4
WELL,2025-10-30,0.14533,0.78948,15
WFC,2025-10-23,0.2807700037956238,1.0216699838638306,3
WFC,2025-10-24,0.23543000221252441,0.9725000262260437,3
WFC,2025-10-26,0.7814099788665771,0.0,1
WFC,2025-10-27,-0.8726000189781189,0.0,1
WFC,2025-10-28,0.44352999329566956,0.6289299726486206,3
WFC,2025-10-29,0.2585099935531616,0.0,1
WFC,2025-10-30,0.6892799735069275,0.3114300072193146,2
WM,2025-10-25,-0.3901500105857849,0.0,1
WM,2025-10-26,0.8803899884223938,0.0,1
WM,2025-10-27,0.4496299922466278,0.3853699862957001,6
WM,2025-10-28,-0.42322999238967896,0.6318600177764893,2
WM,2025-10-29,0.011800000444054604,0.017349999397993088,3
WM,2025-10-30,0.8719199895858765,0.0,1
WMB,2025-10-03,0.7368800044059753,0.0,1
WMB,2025-10-09,-0.08459000289440155,1.185979962348938,2
WMB,2025-10-11,-0.41405999660491943,0.7194200158119202,2
WMB,2025-10-14,0.9050599932670593,0.0,1
WMB,2025-10-19,-0.6923999786376953,0.0,1
WMB,2025-10-22,0.18100999295711517,1.0108100175857544,2
WMB,2025-10-24,0.18528999388217926,0.0,1
WMB,2025-10-27,-0.7106999754905701,0.0,1
WMB,2025-10-28,0.798829972743988,0.07311999797821045,2
WMB,2025-10-30,0.8688899874687195,0.0,1
WMT,2025-10-29,0.21868999302387238,0.3959699869155884,3
WMT,2025-10-30,0.5213099718093872,0.2712700068950653,6
WRB,2025-10-20,0.809220016002655,0.0,1
WRB,2025-10-21,-0.48104000091552734,0.886389970779419,4
WRB,2025-10-22,-0.01489999983459711,1.2965500354766846,2
WRB,2025-10-27,0.01583999954164028,1.1484299898147583,2
WRB,2025-10-30,-0.12368,0.922,9
WSM,2025-10-10,0.6398800015449524,0.29142001271247864,2
WSM,2025-10-13,-0.7352799773216248,0.0,1
WSM,2025-10-14,-0.6985800266265869,0.0,1
WSM,2025-10-16,-0.10408999770879745,0.0,1
WSM,2025-10-17,0.11387000232934952,0.16755999624729156,2
WSM,2025-10-22,0.8052700161933899,0.0,1
WSM,2025-10-27,-0.021859999746084213,1.2488199472427368,2
WSM,2025-10-30,0.07311,0.67928,10
WST,2025-10-22,0.9007999897003174,0.0,1
WST,2025-10-23,-0.2724300026893616,0.7849299907684326,9
WST,2025-10-24,-0.08150999993085861,1.1222800016403198,2
WST,2025-10-26,-0.8589100241661072,0.09939000010490417,2
WST,2025-10-27,-0.11025000363588333,0.0,1
WST,2025-10-30,0.8670200109481812,0.0,1
WTW,2025-10-14,0.8999999761581421,0.0,1
WTW,2025-10-16,0.2978900074958801,0.0,1
WTW,2025-10-18,0.6824100017547607,0.05345999822020531,2
WTW,2025-10-22,0.27900999784469604,0.0,1
WTW,2025-10-23,0.13300000131130219,0.0,1
WTW,2025-10-24,0.21413999795913696,0.0,1
WTW,2025-10-27,0.8911799788475037,0.0,1
WTW,2025-10-28,-0.8206800222396851,0.0,1
WTW,2025-10-29,0.8298100233078003,0.0,1
WTW,2025-10-30,0.34442999958992004,0.8083099722862244,4
WY,2025-08-08,0.25075000524520874,0.0,1
WY,2025-08-12,0.03497999906539917,0.0,1
WY,2025-08-13,-0.8614599704742432,0.0,1
WY,2025-08-16,0.8726400136947632,0.0,1
WY,2025-08-21,0.1428000032901764,0.0,1
WY,2025-09-02,0.8082600235939026,0.0,1
WY,2025-09-10,0.6395099759101868,0.0,1
WY,2025-09-17,0.030810000374913216,0.0,1
WY,2025-09-23,0.9033700227737427,0.0,1
WY,2025-09-25,0.9170399904251099,0.0,1
WY,2025-10-06,0.7702900171279907,0.0,1
WY,2025-10-07,0.8943899869918823,0.0,1
WY,2025-10-10,0.7535799741744995,0.0,1
WY,2025-10-23,0.010820000432431698,0.0,1
WY,2025-10-30,0.44056,0.52274,14
WYNN,2025-10-07,0.013050000183284283,0.0,1
WYNN,2025-10-10,0.772599995136261,0.1996700018644333,2
WYNN,2025-10-16,0.8849499821662903,0.0,1
WYNN,2025-10-19,0.8864799737930298,0.0,1
WYNN,2025-10-20,0.7184900045394897,0.0,1
WYNN,2025-10-21,0.5001999735832214,0.0,1
WYNN,2025-10-24,-0.47773000597953796,0.0,1
WYNN,2025-10-28,-0.8573600053787231,0.0,1
WYNN,2025-10-29,0.7099800109863281,0.0,1
WYNN,2025-10-30,-0.733430027961731,0.0,1
XEL,2025-09-28,-0.9319400191307068,0.0,1
XEL,2025-10-01,0.40411001443862915,0.0,1
XEL,2025-10-06,0.8784099817276001,0.0,1
XEL,2025-10-14,0.9053300023078918,0.0,1
XEL,2025-10-16,0.3463900089263916,0.46417999267578125,2
XEL,2025-10-21,0.8947499990463257,0.0181099995970726,2
XEL,2025-10-23,0.6256700158119202,0.0,1
XEL,2025-10-24,0.8789499998092651,0.0,1
XEL,2025-10-28,0.6811500191688538,0.2864300012588501,2
XEL,2025-10-30,0.5606300234794617,0.35576000809669495,5
XOM,2025-10-29,0.8673400282859802,0.030939999967813492,3
XOM,2025-10-30,0.46768,0.79971,4
XYL,2025-10-22,0.8965499997138977,0.0,1
XYL,2025-10-23,-0.3360300064086914,0.7622900009155273,2
XYL,2025-10-24,0.7787600159645081,0.0,1
XYL,2025-10-27,0.9046900272369385,0.0,1
XYL,2025-10-28,-0.12646999955177307,0.8445900082588196,6
XYL,2025-10-29,0.14643000066280365,0.8490999937057495,3
XYL,2025-10-30,0.09365999698638916,0.6223499774932861,2
XYZ,2025-10-30,0.010180000215768814,0.0,1
YUM,2025-10-21,0.7456300258636475,0.2384900003671646,3
YUM,2025-10-28,0.15243999660015106,0.9738900065422058,2
YUM,2025-10-30,0.50836,0.60919,5
ZBH,2025-10-08,-0.39322999119758606,0.0,1
ZBH,2025-10-10,-0.3229599893093109,0.8561999797821045,2
ZBH,2025-10-13,0.8987500071525574,0.0,1
ZBH,2025-10-20,-0.3646399974822998,0.0,1
ZBH,2025-10-21,0.5378100275993347,0.6855199933052063,4
ZBH,2025-10-23,-0.5030900239944458,0.0,1
ZBH,2025-10-25,0.47644999623298645,0.0,1
ZBH,2025-10-28,-0.7733299732208252,0.0,1
ZBH,2025-10-29,0.5136500000953674,0.0,1
ZBH,2025-10-30,0.1046,0.69543,13
ZBRA,2025-10-16,0.7641800045967102,0.0,1
ZBRA,2025-10-20,0.0035200000274926424,0.0,1
ZBRA,2025-10-23,0.07259000092744827,0.0,1
ZBRA,2025-10-27,0.7874600291252136,0.15661999583244324,2
ZBRA,2025-10-28,0.03139999881386757,0.7439000010490417,10
ZBRA,2025-10-29,-0.6297399997711182,0.0,1
ZBRA,2025-10-30,-0.6037799715995789,0.4230700135231018,2
ZTS,2025-10-14,-0.8229100108146667,0.0,1
ZTS,2025-10-15,-0.3715200126171112,0.5715199708938599,2
ZTS,2025-10-21,0.8956400156021118,0.0,1
ZTS,2025-10-22,0.8843600153923035,0.0,1
ZTS,2025-10-25,0.067610003054142,0.0,1
ZTS,2025-10-27,0.824429988861084,0.06300000101327896,2
ZTS,2025-10-28,-0.07325000315904617,0.8918799757957458,3
ZTS,2025-10-29,0.04309999942779541,1.179479956626892,2
ZTS,2025-10-30,0.836430013179779,0.046549998223781586,2
