Ticker,Company,Predicted_Price,Sentiment_Mean_Scaled,Sentiment_Std_Scaled,Count,Date
A,Agilent Technologies,142.7884,9.004499912261963,0.155800003558397,2,2025-10-24 02:00:00
A,Agilent Technologies,140.8941,8.924413965620278,0.15648189837731186,2,2025-10-24 04:00:00
A,Agilent Technologies,142.2642,8.938607502280638,0.1560620800372261,2,2025-10-24 06:00:00
A,Agilent Technologies,141.2639,9.016855833224245,0.15570198019602002,2,2025-10-24 08:00:00
A,Agilent Technologies,140.3498,9.054954411503676,0.15498778801366608,2,2025-10-24 10:00:00
A,Agilent Technologies,140.352,9.12042475322615,0.15516387476606336,2,2025-10-24 12:00:00
A,Agilent Technologies,141.1552,9.157164997859054,0.15424023410287047,2,2025-10-24 14:00:00
A,Agilent Technologies,140.6645,9.091636284313717,0.15407847689323123,2,2025-10-24 16:00:00
A,Agilent Technologies,141.0053,9.17706550943057,0.1534517853660929,2,2025-10-24 18:00:00
A,Agilent Technologies,141.5693,9.151102797535057,0.15368668457695842,2,2025-10-24 20:00:00
A,Agilent Technologies,140.9305,9.09784165838691,0.15510374789840506,2,2025-10-24 22:00:00
A,Agilent Technologies,140.4621,9.121056556469528,0.15394286084137138,2,2025-10-25 00:00:00
AAPL,Apple Inc.,256.3031,4.457199871540069,4.35149997472763,7,2025-10-24 02:00:00
AAPL,Apple Inc.,249.7825,4.501650489718676,4.329140882359101,7,2025-10-24 04:00:00
AAPL,Apple Inc.,249.6158,4.5143417363986345,4.318687169918736,7,2025-10-24 06:00:00
AAPL,Apple Inc.,254.5541,4.532955987043196,4.275991691036428,7,2025-10-24 08:00:00
AAPL,Apple Inc.,255.9323,4.5391095801473575,4.315022184291949,7,2025-10-24 10:00:00
AAPL,Apple Inc.,254.9852,4.558516228061335,4.292487578933914,7,2025-10-24 12:00:00
AAPL,Apple Inc.,253.9125,4.580186540751882,4.295246505040608,7,2025-10-24 14:00:00
AAPL,Apple Inc.,253.8186,4.618825483734322,4.2902986220471595,7,2025-10-24 16:00:00
AAPL,Apple Inc.,253.3285,4.60527794353331,4.290301493583334,7,2025-10-24 18:00:00
AAPL,Apple Inc.,253.2461,4.5809670425933655,4.270800923151959,7,2025-10-24 20:00:00
AAPL,Apple Inc.,254.2706,4.6196414473657565,4.259368831189575,7,2025-10-24 22:00:00
AAPL,Apple Inc.,254.6953,4.63723630803303,4.222482916297094,7,2025-10-25 00:00:00
ABBV,AbbVie,223.3787,8.261100053787231,0.0,1,2025-10-24 02:00:00
ABBV,AbbVie,219.0476,8.18745958250332,0.0,1,2025-10-24 04:00:00
ABBV,AbbVie,218.6018,8.159307606321633,0.0,1,2025-10-24 06:00:00
ABBV,AbbVie,222.5106,8.239360527396174,0.0,1,2025-10-24 08:00:00
ABBV,AbbVie,223.1618,8.198189305465801,0.0,1,2025-10-24 10:00:00
ABBV,AbbVie,222.3435,8.267206693710836,0.0,1,2025-10-24 12:00:00
ABBV,AbbVie,222.5448,8.251049951718047,0.0,1,2025-10-24 14:00:00
ABBV,AbbVie,222.9258,8.179633506371422,0.0,1,2025-10-24 16:00:00
ABBV,AbbVie,222.1011,8.249019751495043,0.0,1,2025-10-24 18:00:00
ABBV,AbbVie,222.235,8.253395573723301,0.0,1,2025-10-24 20:00:00
ABBV,AbbVie,222.5582,8.263077193717052,0.0,1,2025-10-24 22:00:00
ABBV,AbbVie,222.9626,8.309681999638311,0.0,1,2025-10-25 00:00:00
ABNB,Airbnb,127.8998,6.105800271034241,3.562000095844269,5,2025-10-24 02:00:00
ABNB,Airbnb,127.5219,6.166128751420258,3.572032375507198,5,2025-10-24 04:00:00
ABNB,Airbnb,127.4901,6.133502744360174,3.5543019624159657,5,2025-10-24 06:00:00
ABNB,Airbnb,127.6885,6.113088886362273,3.5269380901315897,5,2025-10-24 08:00:00
ABNB,Airbnb,127.8103,6.089467438029613,3.5288823819043156,5,2025-10-24 10:00:00
ABNB,Airbnb,127.6921,6.143767027138386,3.522859604614482,5,2025-10-24 12:00:00
ABNB,Airbnb,127.6829,6.126756615105451,3.5374740247338763,5,2025-10-24 14:00:00
ABNB,Airbnb,127.7852,6.094838380800283,3.534619215137703,5,2025-10-24 16:00:00
ABNB,Airbnb,127.5168,6.129404342063358,3.550675514819306,5,2025-10-24 18:00:00
ABNB,Airbnb,127.5293,6.18717347147756,3.546075137395629,5,2025-10-24 20:00:00
ABNB,Airbnb,127.6834,6.23224729670673,3.5538605435195763,5,2025-10-24 22:00:00
ABNB,Airbnb,127.7971,6.235997039192653,3.5659497107272764,5,2025-10-25 00:00:00
ABT,Abbott Laboratories,128.2278,-6.94599986076355,0.0,1,2025-10-24 02:00:00
ABT,Abbott Laboratories,129.1487,-6.956830481572428,0.0,1,2025-10-24 04:00:00
ABT,Abbott Laboratories,128.8529,-6.9018481980230595,0.0,1,2025-10-24 06:00:00
ABT,Abbott Laboratories,127.9299,-6.966485214541601,0.0,1,2025-10-24 08:00:00
ABT,Abbott Laboratories,128.002,-6.927248043742119,0.0,1,2025-10-24 10:00:00
ABT,Abbott Laboratories,127.9377,-6.912395793523728,0.0,1,2025-10-24 12:00:00
ABT,Abbott Laboratories,128.2819,-6.869211776899991,0.0,1,2025-10-24 14:00:00
ABT,Abbott Laboratories,128.178,-6.933283875145545,0.0,1,2025-10-24 16:00:00
ABT,Abbott Laboratories,128.3898,-7.000927796665272,0.0,1,2025-10-24 18:00:00
ABT,Abbott Laboratories,128.4797,-6.9819818495470285,0.0,1,2025-10-24 20:00:00
ABT,Abbott Laboratories,128.1849,-7.005589979076085,0.0,1,2025-10-24 22:00:00
ABT,Abbott Laboratories,128.1715,-7.037213360713531,0.0,1,2025-10-25 00:00:00
ACGL,Arch Capital Group,91.5021,-8.524199724197388,0.0,1,2025-10-24 02:00:00
ACGL,Arch Capital Group,93.4347,-8.480881596187775,0.0,1,2025-10-24 04:00:00
ACGL,Arch Capital Group,93.1192,-8.425430655602053,0.0,1,2025-10-24 06:00:00
ACGL,Arch Capital Group,92.3858,-8.450942790967316,0.0,1,2025-10-24 08:00:00
ACGL,Arch Capital Group,92.2234,-8.463032508495385,0.0,1,2025-10-24 10:00:00
ACGL,Arch Capital Group,92.4313,-8.537514714605823,0.0,1,2025-10-24 12:00:00
ACGL,Arch Capital Group,92.6012,-8.577575337840013,0.0,1,2025-10-24 14:00:00
ACGL,Arch Capital Group,92.5949,-8.496357151901524,0.0,1,2025-10-24 16:00:00
ACGL,Arch Capital Group,92.7137,-8.530230010099672,0.0,1,2025-10-24 18:00:00
ACGL,Arch Capital Group,92.7713,-8.480999093294265,0.0,1,2025-10-24 20:00:00
ACGL,Arch Capital Group,92.5994,-8.536815792183319,0.0,1,2025-10-24 22:00:00
ACGL,Arch Capital Group,92.4301,-8.4735280643774,0.0,1,2025-10-25 00:00:00
ACN,Accenture,261.5364,7.503399848937988,0.0,1,2025-10-24 02:00:00
ACN,Accenture,270.0936,7.445857471038653,0.0,1,2025-10-24 04:00:00
ACN,Accenture,267.9173,7.431747265757917,0.0,1,2025-10-24 06:00:00
ACN,Accenture,262.7954,7.388584582301574,0.0,1,2025-10-24 08:00:00
ACN,Accenture,262.9155,7.335734022687616,0.0,1,2025-10-24 10:00:00
ACN,Accenture,262.9486,7.357996210219304,0.0,1,2025-10-24 12:00:00
ACN,Accenture,262.5352,7.347887601628893,0.0,1,2025-10-24 14:00:00
ACN,Accenture,261.6564,7.344935321376175,0.0,1,2025-10-24 16:00:00
ACN,Accenture,261.9142,7.336462724371233,0.0,1,2025-10-24 18:00:00
ACN,Accenture,262.2518,7.330735220111882,0.0,1,2025-10-24 20:00:00
ACN,Accenture,262.4155,7.340188903755882,0.0,1,2025-10-24 22:00:00
ACN,Accenture,262.0421,7.305130888553607,0.0,1,2025-10-25 00:00:00
ADBE,Adobe Inc.,323.9278,-0.99490001797676,6.6620999574661255,8,2025-10-24 02:00:00
ADBE,Adobe Inc.,323.1672,-0.9865811072240729,6.713755351046796,8,2025-10-24 04:00:00
ADBE,Adobe Inc.,332.2096,-0.9880276237674825,6.716107317301704,8,2025-10-24 06:00:00
ADBE,Adobe Inc.,340.9801,-0.9859257633653774,6.754244105322742,8,2025-10-24 08:00:00
ADBE,Adobe Inc.,339.8203,-0.9900254773098762,6.732474712738548,8,2025-10-24 10:00:00
ADBE,Adobe Inc.,324.9553,-0.9957523853106377,6.674284451423845,8,2025-10-24 12:00:00
ADBE,Adobe Inc.,327.8842,-0.9898731595775137,6.612496707893128,8,2025-10-24 14:00:00
ADBE,Adobe Inc.,334.7059,-0.9908985552383905,6.619598910202143,8,2025-10-24 16:00:00
ADBE,Adobe Inc.,340.0095,-0.9958714789809436,6.58494935047487,8,2025-10-24 18:00:00
ADBE,Adobe Inc.,338.4223,-1.0028052982888251,6.534395155222911,8,2025-10-24 20:00:00
ADBE,Adobe Inc.,327.1391,-0.9945278170769598,6.57599226544422,8,2025-10-24 22:00:00
ADBE,Adobe Inc.,329.2979,-0.9849632480406469,6.547072433514662,8,2025-10-25 00:00:00
ADI,Analog Devices,239.349,-2.3389999568462367,0.0,1,2025-10-24 02:00:00
ADI,Analog Devices,242.7249,-2.3199509358958292,0.0,1,2025-10-24 04:00:00
ADI,Analog Devices,243.568,-2.3359882602184463,0.0,1,2025-10-24 06:00:00
ADI,Analog Devices,243.1726,-2.3358855932905986,0.0,1,2025-10-24 08:00:00
ADI,Analog Devices,242.438,-2.3281634762839114,0.0,1,2025-10-24 10:00:00
ADI,Analog Devices,242.2932,-2.3065417820588787,0.0,1,2025-10-24 12:00:00
ADI,Analog Devices,242.5906,-2.302917151509533,0.0,1,2025-10-24 14:00:00
ADI,Analog Devices,243.0645,-2.309267238852646,0.0,1,2025-10-24 16:00:00
ADI,Analog Devices,242.5584,-2.2995090493997266,0.0,1,2025-10-24 18:00:00
ADI,Analog Devices,242.025,-2.287746579630027,0.0,1,2025-10-24 20:00:00
ADI,Analog Devices,242.4292,-2.2761074683308187,0.0,1,2025-10-24 22:00:00
ADI,Analog Devices,242.6471,-2.2586042922975795,0.0,1,2025-10-25 00:00:00
ADM,Archer Daniels Midland,63.2785,8.78470003604889,0.23600000888109202,3,2025-10-24 02:00:00
ADM,Archer Daniels Midland,63.184,8.745825824603662,0.2337728316134296,3,2025-10-24 04:00:00
ADM,Archer Daniels Midland,63.1783,8.692335777657613,0.23474693368408278,3,2025-10-24 06:00:00
ADM,Archer Daniels Midland,62.5036,8.743904254890092,0.2337248123036692,3,2025-10-24 08:00:00
ADM,Archer Daniels Midland,62.6635,8.712681231960762,0.23502578633163204,3,2025-10-24 10:00:00
ADM,Archer Daniels Midland,62.8801,8.736679346831066,0.23639070213922356,3,2025-10-24 12:00:00
ADM,Archer Daniels Midland,62.894,8.773231284423655,0.23738967792575752,3,2025-10-24 14:00:00
ADM,Archer Daniels Midland,62.9833,8.741811417121065,0.2382234913940221,3,2025-10-24 16:00:00
ADM,Archer Daniels Midland,63.0751,8.699006238804095,0.23987156849288763,3,2025-10-24 18:00:00
ADM,Archer Daniels Midland,63.1417,8.697344152918415,0.240599271522906,3,2025-10-24 20:00:00
ADM,Archer Daniels Midland,62.5036,8.754632465062501,0.241449778958328,3,2025-10-24 22:00:00
ADM,Archer Daniels Midland,62.6866,8.71562966244487,0.23948331250614663,3,2025-10-25 00:00:00
ADP,Automatic Data Processing,293.6764,3.944000005722046,6.305599808692932,2,2025-10-24 02:00:00
ADP,Automatic Data Processing,301.6704,3.960593969866143,6.280261254307748,2,2025-10-24 04:00:00
ADP,Automatic Data Processing,303.3894,3.993707432089197,6.228374250969958,2,2025-10-24 06:00:00
ADP,Automatic Data Processing,300.3427,3.959794237029016,6.191581285411534,2,2025-10-24 08:00:00
ADP,Automatic Data Processing,297.3074,3.9485618605698107,6.2362770928539275,2,2025-10-24 10:00:00
ADP,Automatic Data Processing,297.6013,3.967519221998704,6.255305862009506,2,2025-10-24 12:00:00
ADP,Automatic Data Processing,298.1876,3.9379216673063384,6.3049966336364465,2,2025-10-24 14:00:00
ADP,Automatic Data Processing,298.7895,3.932594994900571,6.329456613988076,2,2025-10-24 16:00:00
ADP,Automatic Data Processing,298.9107,3.914277591022066,6.383380378799565,2,2025-10-24 18:00:00
ADP,Automatic Data Processing,299.5203,3.917371641890265,6.441135552140863,2,2025-10-24 20:00:00
ADP,Automatic Data Processing,298.1078,3.937364141015803,6.381858441639996,2,2025-10-24 22:00:00
ADP,Automatic Data Processing,297.747,3.971173974300826,6.359550306905388,2,2025-10-25 00:00:00
ADSK,Autodesk,323.2907,7.735700011253357,0.0,1,2025-10-24 02:00:00
ADSK,Autodesk,326.1558,7.660133382536827,0.0,1,2025-10-24 04:00:00
ADSK,Autodesk,324.1998,7.588219049517425,0.0,1,2025-10-24 06:00:00
ADSK,Autodesk,321.226,7.52343461337563,0.0,1,2025-10-24 08:00:00
ADSK,Autodesk,320.578,7.453216107625078,0.0,1,2025-10-24 10:00:00
ADSK,Autodesk,321.7814,7.444452033323413,0.0,1,2025-10-24 12:00:00
ADSK,Autodesk,322.8774,7.378096050832253,0.0,1,2025-10-24 14:00:00
ADSK,Autodesk,322.7563,7.405848616561434,0.0,1,2025-10-24 16:00:00
ADSK,Autodesk,321.9742,7.428527644893685,0.0,1,2025-10-24 18:00:00
ADSK,Autodesk,321.8618,7.419692245843106,0.0,1,2025-10-24 20:00:00
ADSK,Autodesk,321.6833,7.39314152261503,0.0,1,2025-10-24 22:00:00
ADSK,Autodesk,321.8652,7.367735279621491,0.0,1,2025-10-25 00:00:00
AEE,Ameren,105.7686,7.945700287818909,0.0,1,2025-10-24 02:00:00
AEE,Ameren,106.9153,7.962514443586335,0.0,1,2025-10-24 04:00:00
AEE,Ameren,106.8257,7.97774104771556,0.0,1,2025-10-24 06:00:00
AEE,Ameren,105.9766,8.051651273048758,0.0,1,2025-10-24 08:00:00
AEE,Ameren,105.5916,8.077114060876482,0.0,1,2025-10-24 10:00:00
AEE,Ameren,105.7524,8.014027182357399,0.0,1,2025-10-24 12:00:00
AEE,Ameren,106.0027,7.975346584354033,0.0,1,2025-10-24 14:00:00
AEE,Ameren,106.0778,8.020521694986797,0.0,1,2025-10-24 16:00:00
AEE,Ameren,106.138,7.965375768808517,0.0,1,2025-10-24 18:00:00
AEE,Ameren,106.1709,8.03520085711891,0.0,1,2025-10-24 20:00:00
AEE,Ameren,106.0034,8.082239336538645,0.0,1,2025-10-24 22:00:00
AEE,Ameren,105.8259,8.159087377706324,0.0,1,2025-10-25 00:00:00
AEP,American Electric Power,116.7338,6.905900239944458,1.6988000273704529,2,2025-10-24 02:00:00
AEP,American Electric Power,117.1826,6.961169727113263,1.7015084522845085,2,2025-10-24 04:00:00
AEP,American Electric Power,117.0047,6.928058068925926,1.6938917877014987,2,2025-10-24 06:00:00
AEP,American Electric Power,116.8225,6.988558987845062,1.7067070773046462,2,2025-10-24 08:00:00
AEP,American Electric Power,116.756,6.9717719679126775,1.7190456725105336,2,2025-10-24 10:00:00
AEP,American Electric Power,116.7624,7.006383048762841,1.7022481462105024,2,2025-10-24 12:00:00
AEP,American Electric Power,116.8513,7.009420654840801,1.7158384121354335,2,2025-10-24 14:00:00
AEP,American Electric Power,116.8739,7.052578790779263,1.7169846001654125,2,2025-10-24 16:00:00
AEP,American Electric Power,116.9089,7.075611604226993,1.7159875587268332,2,2025-10-24 18:00:00
AEP,American Electric Power,116.8878,7.098790446218711,1.703403896805494,2,2025-10-24 20:00:00
AEP,American Electric Power,116.6956,7.104639674024058,1.7190255382442494,2,2025-10-24 22:00:00
AEP,American Electric Power,116.8861,7.136139212221824,1.7037421165285078,2,2025-10-25 00:00:00
AES,AES Corporation,14.4123,1.4986999332904811,10.754899978637695,2,2025-10-24 02:00:00
AES,AES Corporation,14.0987,1.4970683212432263,10.773847668503938,2,2025-10-24 04:00:00
AES,AES Corporation,13.8833,1.5066689931326127,10.85743797785319,2,2025-10-24 06:00:00
AES,AES Corporation,14.0248,1.5048754765896906,10.96494823962127,2,2025-10-24 08:00:00
AES,AES Corporation,14.3463,1.497109332704731,11.004992008188868,2,2025-10-24 10:00:00
AES,AES Corporation,14.3966,1.4822337572687352,10.91080390621489,2,2025-10-24 12:00:00
AES,AES Corporation,14.2478,1.4897276405556859,10.942074638720904,2,2025-10-24 14:00:00
AES,AES Corporation,14.1049,1.4844271027644529,10.8769927743179,2,2025-10-24 16:00:00
AES,AES Corporation,14.0887,1.489457814785249,10.88505225717414,2,2025-10-24 18:00:00
AES,AES Corporation,14.1998,1.493393209037615,10.90581003550463,2,2025-10-24 20:00:00
AES,AES Corporation,14.3196,1.5000883716423479,11.002047127788687,2,2025-10-24 22:00:00
AES,AES Corporation,14.3235,1.4962638701885673,11.083385812055234,2,2025-10-25 00:00:00
AFL,Aflac,110.9789,8.94540011882782,0.0,1,2025-10-24 02:00:00
AFL,Aflac,112.3534,9.016231530648103,0.0,1,2025-10-24 04:00:00
AFL,Aflac,111.6368,9.00520524231142,0.0,1,2025-10-24 06:00:00
AFL,Aflac,111.5827,9.07498244847958,0.0,1,2025-10-24 08:00:00
AFL,Aflac,111.8592,9.165036042422921,0.0,1,2025-10-24 10:00:00
AFL,Aflac,111.8697,9.079661045172745,0.0,1,2025-10-24 12:00:00
AFL,Aflac,111.9714,9.052432433256145,0.0,1,2025-10-24 14:00:00
AFL,Aflac,111.8374,9.00979006142303,0.0,1,2025-10-24 16:00:00
AFL,Aflac,112.098,8.939353695607995,0.0,1,2025-10-24 18:00:00
AFL,Aflac,111.9564,8.925915703274237,0.0,1,2025-10-24 20:00:00
AFL,Aflac,111.8136,9.013382959322541,0.0,1,2025-10-24 22:00:00
AFL,Aflac,111.8743,9.065730575109699,0.0,1,2025-10-25 00:00:00
AIG,American International Group,78.8996,1.982800066471099,4.54910010099411,4,2025-10-24 02:00:00
AIG,American International Group,79.1251,1.9880145038404253,4.54810449168215,4,2025-10-24 04:00:00
AIG,American International Group,79.2939,2.0001569270567328,4.593330887405845,4,2025-10-24 06:00:00
AIG,American International Group,78.9957,2.0155999930617035,4.601031630349446,4,2025-10-24 08:00:00
AIG,American International Group,79.147,2.018896290915049,4.605869740498655,4,2025-10-24 10:00:00
AIG,American International Group,78.9484,2.0335071274004677,4.577832176310878,4,2025-10-24 12:00:00
AIG,American International Group,78.6938,2.0376923157908484,4.535938118388897,4,2025-10-24 14:00:00
AIG,American International Group,78.6178,2.0255883974722138,4.522510190223325,4,2025-10-24 16:00:00
AIG,American International Group,79.0162,2.023210317259843,4.552071547168622,4,2025-10-24 18:00:00
AIG,American International Group,79.2863,2.033240446133061,4.536528061219737,4,2025-10-24 20:00:00
AIG,American International Group,79.009,2.0391086109435497,4.49351525498776,4,2025-10-24 22:00:00
AIG,American International Group,79.1512,2.045711270478664,4.4531499545499384,4,2025-10-25 00:00:00
AIZ,Assurant,209.7046,9.01390016078949,0.0,1,2025-10-24 02:00:00
AIZ,Assurant,208.8966,9.05360418586648,0.0,1,2025-10-24 04:00:00
AIZ,Assurant,209.5397,9.083151850969577,0.0,1,2025-10-24 06:00:00
AIZ,Assurant,209.3551,9.020625848454253,0.0,1,2025-10-24 08:00:00
AIZ,Assurant,208.9558,9.078231187265157,0.0,1,2025-10-24 10:00:00
AIZ,Assurant,208.8228,9.052439542776272,0.0,1,2025-10-24 12:00:00
AIZ,Assurant,208.8649,8.986734294800694,0.0,1,2025-10-24 14:00:00
AIZ,Assurant,209.0057,8.946549732744398,0.0,1,2025-10-24 16:00:00
AIZ,Assurant,209.4793,8.910078657011063,0.0,1,2025-10-24 18:00:00
AIZ,Assurant,209.5471,8.957765473726106,0.0,1,2025-10-24 20:00:00
AIZ,Assurant,209.317,8.923615780122411,0.0,1,2025-10-24 22:00:00
AIZ,Assurant,208.9062,8.999896292964227,0.0,1,2025-10-25 00:00:00
AJG,Arthur J. Gallagher & Co.,298.0633,8.468199968338013,0.0,1,2025-10-24 02:00:00
AJG,Arthur J. Gallagher & Co.,309.8308,8.490473573174066,0.0,1,2025-10-24 04:00:00
AJG,Arthur J. Gallagher & Co.,309.5719,8.50362173495395,0.0,1,2025-10-24 06:00:00
AJG,Arthur J. Gallagher & Co.,304.9264,8.521878934064137,0.0,1,2025-10-24 08:00:00
AJG,Arthur J. Gallagher & Co.,301.7866,8.511897710985794,0.0,1,2025-10-24 10:00:00
AJG,Arthur J. Gallagher & Co.,303.0698,8.545317412857266,0.0,1,2025-10-24 12:00:00
AJG,Arthur J. Gallagher & Co.,303.9946,8.52902776542161,0.0,1,2025-10-24 14:00:00
AJG,Arthur J. Gallagher & Co.,303.6854,8.446998148318684,0.0,1,2025-10-24 16:00:00
AJG,Arthur J. Gallagher & Co.,304.9766,8.402393937398664,0.0,1,2025-10-24 18:00:00
AJG,Arthur J. Gallagher & Co.,304.7119,8.395166936276995,0.0,1,2025-10-24 20:00:00
AJG,Arthur J. Gallagher & Co.,303.8701,8.434334956156082,0.0,1,2025-10-24 22:00:00
AJG,Arthur J. Gallagher & Co.,303.996,8.48787171709624,0.0,1,2025-10-25 00:00:00
AKAM,Akamai Technologies,77.8623,9.06029999256134,0.0,1,2025-10-24 02:00:00
AKAM,Akamai Technologies,80.4618,9.042078355379443,0.0,1,2025-10-24 04:00:00
AKAM,Akamai Technologies,80.831,8.986003894155997,0.0,1,2025-10-24 06:00:00
AKAM,Akamai Technologies,77.9679,9.038016619063177,0.0,1,2025-10-24 08:00:00
AKAM,Akamai Technologies,76.4498,9.02095802396209,0.0,1,2025-10-24 10:00:00
AKAM,Akamai Technologies,77.3895,9.019967254028307,0.0,1,2025-10-24 12:00:00
AKAM,Akamai Technologies,79.1733,8.979726957507125,0.0,1,2025-10-24 14:00:00
AKAM,Akamai Technologies,79.8568,8.892834680560284,0.0,1,2025-10-24 16:00:00
AKAM,Akamai Technologies,78.5581,8.938858436124542,0.0,1,2025-10-24 18:00:00
AKAM,Akamai Technologies,77.2116,8.957407577500868,0.0,1,2025-10-24 20:00:00
AKAM,Akamai Technologies,77.565,8.99433015360802,0.0,1,2025-10-24 22:00:00
AKAM,Akamai Technologies,78.4962,8.943117375772113,0.0,1,2025-10-25 00:00:00
ALB,Albemarle Corporation,99.7932,0.553900003433227,3.256199955940246,2,2025-10-24 02:00:00
ALB,Albemarle Corporation,92.0679,0.5491042411516863,3.2316507742942044,2,2025-10-24 04:00:00
ALB,Albemarle Corporation,90.7538,0.544330536325526,3.257546157040756,2,2025-10-24 06:00:00
ALB,Albemarle Corporation,92.1462,0.5465506836997479,3.2584175068256265,2,2025-10-24 08:00:00
ALB,Albemarle Corporation,96.831,0.5470134439253397,3.2841915387832064,2,2025-10-24 10:00:00
ALB,Albemarle Corporation,98.5193,0.5510937570842057,3.311391736768302,2,2025-10-24 12:00:00
ALB,Albemarle Corporation,97.6451,0.5466921906351129,3.3420563947579693,2,2025-10-24 14:00:00
ALB,Albemarle Corporation,94.6797,0.5518228335972536,3.3579517244793005,2,2025-10-24 16:00:00
ALB,Albemarle Corporation,93.6908,0.5507892820261756,3.3885661343693725,2,2025-10-24 18:00:00
ALB,Albemarle Corporation,95.1582,0.5471628186330542,3.412661220383623,2,2025-10-24 20:00:00
ALB,Albemarle Corporation,95.4112,0.5521237366746564,3.389445272577463,2,2025-10-24 22:00:00
ALB,Albemarle Corporation,95.5761,0.5509192716207957,3.414762938910175,2,2025-10-25 00:00:00
ALGN,Align Technology,117.3045,8.553500175476074,0.0,1,2025-10-24 02:00:00
ALGN,Align Technology,115.8782,8.504524696078137,0.0,1,2025-10-24 04:00:00
ALGN,Align Technology,119.9006,8.422351879862637,0.0,1,2025-10-24 06:00:00
ALGN,Align Technology,132.0215,8.360138447434887,0.0,1,2025-10-24 08:00:00
ALGN,Align Technology,139.2058,8.296212074512855,0.0,1,2025-10-24 10:00:00
ALGN,Align Technology,132.9592,8.336083452244042,0.0,1,2025-10-24 12:00:00
ALGN,Align Technology,119.7689,8.307080695338495,0.0,1,2025-10-24 14:00:00
ALGN,Align Technology,117.6376,8.2367450224857,0.0,1,2025-10-24 16:00:00
ALGN,Align Technology,121.0098,8.168781164557263,0.0,1,2025-10-24 18:00:00
ALGN,Align Technology,126.7674,8.20548439259322,0.0,1,2025-10-24 20:00:00
ALGN,Align Technology,133.5451,8.228225983438662,0.0,1,2025-10-24 22:00:00
ALGN,Align Technology,133.5136,8.2616694147376,0.0,1,2025-10-25 00:00:00
ALL,Allstate,198.6924,6.627500057220459,0.0,1,2025-10-24 02:00:00
ALL,Allstate,202.4309,6.660818804687441,0.0,1,2025-10-24 04:00:00
ALL,Allstate,201.9713,6.653885634048969,0.0,1,2025-10-24 06:00:00
ALL,Allstate,199.9693,6.5942230101363295,0.0,1,2025-10-24 08:00:00
ALL,Allstate,199.5354,6.654059168010281,0.0,1,2025-10-24 10:00:00
ALL,Allstate,199.9312,6.670258680178379,0.0,1,2025-10-24 12:00:00
ALL,Allstate,200.5774,6.624273865580049,0.0,1,2025-10-24 14:00:00
ALL,Allstate,200.5479,6.665822017015678,0.0,1,2025-10-24 16:00:00
ALL,Allstate,200.1231,6.6558730546760305,0.0,1,2025-10-24 18:00:00
ALL,Allstate,200.148,6.603081440000028,0.0,1,2025-10-24 20:00:00
ALL,Allstate,199.9751,6.539882742622109,0.0,1,2025-10-24 22:00:00
ALL,Allstate,199.9632,6.519971283595043,0.0,1,2025-10-25 00:00:00
ALLE,Allegion,169.1112,-9.07140016555786,0.047699999995529,2,2025-10-24 02:00:00
ALLE,Allegion,173.2726,-9.135921949084201,0.047410926594606335,2,2025-10-24 04:00:00
ALLE,Allegion,173.2542,-9.220293408562748,0.04725542108095229,2,2025-10-24 06:00:00
ALLE,Allegion,172.581,-9.2465095724599,0.047196453269816724,2,2025-10-24 08:00:00
ALLE,Allegion,172.1161,-9.209543400891455,0.047526978869185166,2,2025-10-24 10:00:00
ALLE,Allegion,172.4311,-9.237241549203121,0.04710047077316249,2,2025-10-24 12:00:00
ALLE,Allegion,172.7968,-9.230380829337879,0.04734788092121927,2,2025-10-24 14:00:00
ALLE,Allegion,172.7766,-9.236446925504703,0.04762556237851234,2,2025-10-24 16:00:00
ALLE,Allegion,172.4393,-9.298529271164645,0.0475688978195269,2,2025-10-24 18:00:00
ALLE,Allegion,172.4491,-9.248975174685876,0.0477685662836931,2,2025-10-24 20:00:00
ALLE,Allegion,172.4608,-9.158902030590651,0.04804696667507313,2,2025-10-24 22:00:00
ALLE,Allegion,172.5215,-9.247647623933855,0.04831804882576166,2,2025-10-25 00:00:00
AMAT,Applied Materials,223.5747,0.179299991577863,0.0,1,2025-10-24 02:00:00
AMAT,Applied Materials,219.6123,0.1804849857313823,0.0,1,2025-10-24 04:00:00
AMAT,Applied Materials,220.5984,0.18131851016687256,0.0,1,2025-10-24 06:00:00
AMAT,Applied Materials,223.2049,0.180315159731708,0.0,1,2025-10-24 08:00:00
AMAT,Applied Materials,224.0891,0.1796645444971252,0.0,1,2025-10-24 10:00:00
AMAT,Applied Materials,223.5179,0.18044450789928798,0.0,1,2025-10-24 12:00:00
AMAT,Applied Materials,222.3927,0.1808559439248656,0.0,1,2025-10-24 14:00:00
AMAT,Applied Materials,222.1713,0.17996310659832412,0.0,1,2025-10-24 16:00:00
AMAT,Applied Materials,223.0121,0.17874843790028944,0.0,1,2025-10-24 18:00:00
AMAT,Applied Materials,223.8148,0.17962956015206974,0.0,1,2025-10-24 20:00:00
AMAT,Applied Materials,223.307,0.1805828787481812,0.0,1,2025-10-24 22:00:00
AMAT,Applied Materials,222.2531,0.18199175614105412,0.0,1,2025-10-25 00:00:00
AMCR,Amcor,9.3569,9.128000140190125,0.040600001811981,2,2025-10-24 02:00:00
AMCR,Amcor,9.5459,9.180814226243113,0.0409569287342297,2,2025-10-24 04:00:00
AMCR,Amcor,9.4409,9.135525171298182,0.04092772157929843,2,2025-10-24 06:00:00
AMCR,Amcor,9.3542,9.132402869462412,0.04085314423694391,2,2025-10-24 08:00:00
AMCR,Amcor,9.3699,9.153705866692844,0.04059108148352766,2,2025-10-24 10:00:00
AMCR,Amcor,9.4059,9.123901353169138,0.040740347063580436,2,2025-10-24 12:00:00
AMCR,Amcor,9.4053,9.173801376318279,0.040475505211408865,2,2025-10-24 14:00:00
AMCR,Amcor,9.4004,9.240303134016152,0.040753365115196234,2,2025-10-24 16:00:00
AMCR,Amcor,9.4061,9.191808266062857,0.04060659934206241,2,2025-10-24 18:00:00
AMCR,Amcor,9.4072,9.211883405062698,0.04081652436261036,2,2025-10-24 20:00:00
AMCR,Amcor,9.3974,9.218891487064893,0.04059461717877975,2,2025-10-24 22:00:00
AMCR,Amcor,9.3958,9.297009898889698,0.040798024144899,2,2025-10-25 00:00:00
AMD,Advanced Micro Devices,225.035,7.0594000816345215,0.0,1,2025-10-24 02:00:00
AMD,Advanced Micro Devices,209.4641,7.059176153907895,0.0,1,2025-10-24 04:00:00
AMD,Advanced Micro Devices,210.9913,7.002133152643452,0.0,1,2025-10-24 06:00:00
AMD,Advanced Micro Devices,222.6134,7.040339944797,0.0,1,2025-10-24 08:00:00
AMD,Advanced Micro Devices,222.0405,7.075675147707416,0.0,1,2025-10-24 10:00:00
AMD,Advanced Micro Devices,221.0416,7.0501393401004275,0.0,1,2025-10-24 12:00:00
AMD,Advanced Micro Devices,221.1274,7.092550696729088,0.0,1,2025-10-24 14:00:00
AMD,Advanced Micro Devices,221.5468,7.137846518082721,0.0,1,2025-10-24 16:00:00
AMD,Advanced Micro Devices,220.9752,7.110458197519116,0.0,1,2025-10-24 18:00:00
AMD,Advanced Micro Devices,220.099,7.083239712314372,0.0,1,2025-10-24 20:00:00
AMD,Advanced Micro Devices,220.8379,7.122262829450876,0.0,1,2025-10-24 22:00:00
AMD,Advanced Micro Devices,222.0866,7.073157331791999,0.0,1,2025-10-25 00:00:00
AME,Ametek,180.8525,-0.496999993920326,12.364699840545654,2,2025-10-24 02:00:00
AME,Ametek,179.3095,-0.4960477473763212,12.312120516120165,2,2025-10-24 04:00:00
AME,Ametek,180.1915,-0.49637746991188164,12.291654563093749,2,2025-10-24 06:00:00
AME,Ametek,180.9559,-0.49256131221257404,12.280135635872547,2,2025-10-24 08:00:00
AME,Ametek,180.9179,-0.4906522110077497,12.182853401820502,2,2025-10-24 10:00:00
AME,Ametek,180.832,-0.4874661343488151,12.147719759448048,2,2025-10-24 12:00:00
AME,Ametek,180.6817,-0.4839676797961962,12.096164866291746,2,2025-10-24 14:00:00
AME,Ametek,180.8212,-0.48486674836929555,11.99553856511859,2,2025-10-24 16:00:00
AME,Ametek,180.5905,-0.48251157411941736,12.090402824329917,2,2025-10-24 18:00:00
AME,Ametek,180.5377,-0.4848982943949879,12.071942968663967,2,2025-10-24 20:00:00
AME,Ametek,180.8217,-0.4892718914396756,12.0951290969253,2,2025-10-24 22:00:00
AME,Ametek,180.8406,-0.4894428337119635,12.050687956680429,2,2025-10-25 00:00:00
AMGN,Amgen,300.1398,9.219899773597716,0.0,1,2025-10-24 02:00:00
AMGN,Amgen,303.0086,9.166288521056309,0.0,1,2025-10-24 04:00:00
AMGN,Amgen,302.6462,9.107761323494923,0.0,1,2025-10-24 06:00:00
AMGN,Amgen,301.1697,9.098536304207082,0.0,1,2025-10-24 08:00:00
AMGN,Amgen,301.5069,9.095580005494451,0.0,1,2025-10-24 10:00:00
AMGN,Amgen,301.3124,9.164771337133308,0.0,1,2025-10-24 12:00:00
AMGN,Amgen,301.0004,9.252301801164144,0.0,1,2025-10-24 14:00:00
AMGN,Amgen,301.0713,9.257149555483414,0.0,1,2025-10-24 16:00:00
AMGN,Amgen,301.6285,9.213506731107879,0.0,1,2025-10-24 18:00:00
AMGN,Amgen,301.74,9.166701127257536,0.0,1,2025-10-24 20:00:00
AMGN,Amgen,301.1615,9.143577210920768,0.0,1,2025-10-24 22:00:00
AMGN,Amgen,300.9961,9.152833997728576,0.0,1,2025-10-25 00:00:00
AMP,Ameriprise Financial,506.0232,4.340400099754333,0.0,1,2025-10-24 02:00:00
AMP,Ameriprise Financial,520.8382,4.341119745912807,0.0,1,2025-10-24 04:00:00
AMP,Ameriprise Financial,518.4642,4.35193105384877,0.0,1,2025-10-24 06:00:00
AMP,Ameriprise Financial,510.8396,4.352666974932778,0.0,1,2025-10-24 08:00:00
AMP,Ameriprise Financial,513.0012,4.359242345349805,0.0,1,2025-10-24 10:00:00
AMP,Ameriprise Financial,511.4674,4.321533934452643,0.0,1,2025-10-24 12:00:00
AMP,Ameriprise Financial,511.0779,4.289757510671505,0.0,1,2025-10-24 14:00:00
AMP,Ameriprise Financial,511.0183,4.298762386407415,0.0,1,2025-10-24 16:00:00
AMP,Ameriprise Financial,512.2019,4.2734653650258885,0.0,1,2025-10-24 18:00:00
AMP,Ameriprise Financial,511.9274,4.295279127513022,0.0,1,2025-10-24 20:00:00
AMP,Ameriprise Financial,511.1802,4.337522968691404,0.0,1,2025-10-24 22:00:00
AMP,Ameriprise Financial,511.037,4.314297400128377,0.0,1,2025-10-25 00:00:00
AMT,American Tower,199.0032,8.891199827194214,0.0,1,2025-10-24 02:00:00
AMT,American Tower,201.1959,8.836671478293988,0.0,1,2025-10-24 04:00:00
AMT,American Tower,201.2844,8.775826692564666,0.0,1,2025-10-24 06:00:00
AMT,American Tower,200.0341,8.754965745485373,0.0,1,2025-10-24 08:00:00
AMT,American Tower,199.6513,8.75308077648922,0.0,1,2025-10-24 10:00:00
AMT,American Tower,199.9036,8.758767868983792,0.0,1,2025-10-24 12:00:00
AMT,American Tower,200.1261,8.787613758453121,0.0,1,2025-10-24 14:00:00
AMT,American Tower,200.392,8.723702269503507,0.0,1,2025-10-24 16:00:00
AMT,American Tower,200.2011,8.685891803604518,0.0,1,2025-10-24 18:00:00
AMT,American Tower,200.1049,8.615003591412876,0.0,1,2025-10-24 20:00:00
AMT,American Tower,199.9696,8.626934791083515,0.0,1,2025-10-24 22:00:00
AMT,American Tower,200.1301,8.67335725516189,0.0,1,2025-10-25 00:00:00
AMZN,Amazon,225.8166,6.39710009098053,2.952899932861328,7,2025-10-24 02:00:00
AMZN,Amazon,226.9791,6.360103714240544,2.9621106776461787,7,2025-10-24 04:00:00
AMZN,Amazon,226.6918,6.4074815329643995,2.9355858232490815,7,2025-10-24 06:00:00
AMZN,Amazon,225.2888,6.443381051144752,2.952853993606112,7,2025-10-24 08:00:00
AMZN,Amazon,225.134,6.404434570142598,2.9661915380245043,7,2025-10-24 10:00:00
AMZN,Amazon,226.4484,6.459421828782272,2.950976654272515,7,2025-10-24 12:00:00
AMZN,Amazon,227.519,6.484321411202324,2.952559587256804,7,2025-10-24 14:00:00
AMZN,Amazon,225.4004,6.51046479501249,2.9712911351638085,7,2025-10-24 16:00:00
AMZN,Amazon,224.9559,6.55723254479851,2.997544821237118,7,2025-10-24 18:00:00
AMZN,Amazon,226.0327,6.514764012086984,2.9806571036716614,7,2025-10-24 20:00:00
AMZN,Amazon,225.8973,6.458459851005531,2.995484228800837,7,2025-10-24 22:00:00
AMZN,Amazon,225.6622,6.412043703883538,2.9911354590809847,7,2025-10-25 00:00:00
ANET,Arista Networks,150.8499,3.811500072479248,6.6234999895095825,2,2025-10-24 02:00:00
ANET,Arista Networks,146.0228,3.841810774628082,6.63335476022449,2,2025-10-24 04:00:00
ANET,Arista Networks,145.2737,3.8487426488694583,6.601495121134098,2,2025-10-24 06:00:00
ANET,Arista Networks,149.8855,3.853549037986315,6.666664889036141,2,2025-10-24 08:00:00
ANET,Arista Networks,150.0305,3.826402263541897,6.622892416209907,2,2025-10-24 10:00:00
ANET,Arista Networks,150.223,3.8106540073100827,6.570478000205546,2,2025-10-24 12:00:00
ANET,Arista Networks,149.8739,3.8460784266240102,6.554964872961976,2,2025-10-24 14:00:00
ANET,Arista Networks,149.8281,3.879210499177154,6.593591297637485,2,2025-10-24 16:00:00
ANET,Arista Networks,149.8457,3.8907163429394718,6.636616322383204,2,2025-10-24 18:00:00
ANET,Arista Networks,149.9367,3.8885450312076952,6.653941437001624,2,2025-10-24 20:00:00
ANET,Arista Networks,150.0497,3.8950146352464787,6.60503476655457,2,2025-10-24 22:00:00
ANET,Arista Networks,150.0403,3.895642352178932,6.546512527603428,2,2025-10-25 00:00:00
AON,Aon plc,349.7203,8.538600206375122,0.216000005602836,2,2025-10-24 02:00:00
AON,Aon plc,356.9699,8.53321543262339,0.21535501075984223,2,2025-10-24 04:00:00
AON,Aon plc,355.0356,8.528056739977815,0.21504356088950902,2,2025-10-24 06:00:00
AON,Aon plc,352.0497,8.47242644892668,0.21332733393391223,2,2025-10-24 08:00:00
AON,Aon plc,351.423,8.404661846594294,0.21442337165427994,2,2025-10-24 10:00:00
AON,Aon plc,352.5963,8.459529169364291,0.21418735545578735,2,2025-10-24 12:00:00
AON,Aon plc,352.7802,8.401044538129046,0.21554119658064003,2,2025-10-24 14:00:00
AON,Aon plc,352.534,8.389954037465346,0.21767237758446797,2,2025-10-24 16:00:00
AON,Aon plc,352.6821,8.353076462358349,0.21621071659698646,2,2025-10-24 18:00:00
AON,Aon plc,353.0317,8.331191750050705,0.2175478206853044,2,2025-10-24 20:00:00
AON,Aon plc,352.5248,8.34392168264116,0.21763022715182972,2,2025-10-24 22:00:00
AON,Aon plc,352.291,8.33050071233009,0.21709473543181895,2,2025-10-25 00:00:00
AOS,A. O. Smith,69.7644,6.247100234031677,0.0,1,2025-10-24 02:00:00
AOS,A. O. Smith,70.6586,6.240300160396474,0.0,1,2025-10-24 04:00:00
AOS,A. O. Smith,70.7866,6.201064081055832,0.0,1,2025-10-24 06:00:00
AOS,A. O. Smith,70.2675,6.244988976393878,0.0,1,2025-10-24 08:00:00
AOS,A. O. Smith,70.1013,6.301245418450756,0.0,1,2025-10-24 10:00:00
AOS,A. O. Smith,70.2317,6.283813646323205,0.0,1,2025-10-24 12:00:00
AOS,A. O. Smith,70.3128,6.295641550181739,0.0,1,2025-10-24 14:00:00
AOS,A. O. Smith,70.3899,6.291208829548872,0.0,1,2025-10-24 16:00:00
AOS,A. O. Smith,70.7847,6.346236062969698,0.0,1,2025-10-24 18:00:00
AOS,A. O. Smith,70.8894,6.342773865791443,0.0,1,2025-10-24 20:00:00
AOS,A. O. Smith,70.2242,6.349100288663665,0.0,1,2025-10-24 22:00:00
AOS,A. O. Smith,70.0261,6.362695025925225,0.0,1,2025-10-25 00:00:00
APA,APA Corporation,21.9086,7.707800269126892,0.0,1,2025-10-24 02:00:00
APA,APA Corporation,21.7632,7.682923931031636,0.0,1,2025-10-24 04:00:00
APA,APA Corporation,22.3938,7.666418529385269,0.0,1,2025-10-24 06:00:00
APA,APA Corporation,22.8028,7.72026878704049,0.0,1,2025-10-24 08:00:00
APA,APA Corporation,22.9883,7.651122036358671,0.0,1,2025-10-24 10:00:00
APA,APA Corporation,22.8672,7.6186675471779886,0.0,1,2025-10-24 12:00:00
APA,APA Corporation,22.3692,7.652475841346939,0.0,1,2025-10-24 14:00:00
APA,APA Corporation,21.9351,7.583087460600671,0.0,1,2025-10-24 16:00:00
APA,APA Corporation,22.0361,7.571518993057233,0.0,1,2025-10-24 18:00:00
APA,APA Corporation,22.6546,7.557306200913678,0.0,1,2025-10-24 20:00:00
APA,APA Corporation,22.8028,7.569976810806958,0.0,1,2025-10-24 22:00:00
APA,APA Corporation,22.8386,7.50347567955813,0.0,1,2025-10-25 00:00:00
APD,Air Products,269.8573,8.950200080871582,0.0,1,2025-10-24 02:00:00
APD,Air Products,276.1599,9.002502474229928,0.0,1,2025-10-24 04:00:00
APD,Air Products,274.8975,9.020754787035184,0.0,1,2025-10-24 06:00:00
APD,Air Products,272.929,9.061383362709996,0.0,1,2025-10-24 08:00:00
APD,Air Products,272.0761,9.131892797991965,0.0,1,2025-10-24 10:00:00
APD,Air Products,272.3029,9.107493867288165,0.0,1,2025-10-24 12:00:00
APD,Air Products,271.6627,9.11100594628702,0.0,1,2025-10-24 14:00:00
APD,Air Products,271.3836,9.200155777994027,0.0,1,2025-10-24 16:00:00
APD,Air Products,271.3809,9.199805870934474,0.0,1,2025-10-24 18:00:00
APD,Air Products,271.4008,9.24827647135968,0.0,1,2025-10-24 20:00:00
APD,Air Products,271.6858,9.260589635457421,0.0,1,2025-10-24 22:00:00
APD,Air Products,271.6641,9.169338500445388,0.0,1,2025-10-25 00:00:00
APH,Amphenol,129.8898,-0.19120000302791498,0.0,1,2025-10-24 02:00:00
APH,Amphenol,126.393,-0.19121096309653793,0.0,1,2025-10-24 04:00:00
APH,Amphenol,126.6631,-0.19298425491649485,0.0,1,2025-10-24 06:00:00
APH,Amphenol,131.7563,-0.19272056193104012,0.0,1,2025-10-24 08:00:00
APH,Amphenol,130.7813,-0.19297806706444098,0.0,1,2025-10-24 10:00:00
APH,Amphenol,131.0466,-0.19486754948564375,0.0,1,2025-10-24 12:00:00
APH,Amphenol,131.6744,-0.19361796713488982,0.0,1,2025-10-24 14:00:00
APH,Amphenol,131.9727,-0.19367945743452156,0.0,1,2025-10-24 16:00:00
APH,Amphenol,132.8487,-0.1944832309390734,0.0,1,2025-10-24 18:00:00
APH,Amphenol,133.5418,-0.19285269674871325,0.0,1,2025-10-24 20:00:00
APH,Amphenol,132.3234,-0.19126385660501097,0.0,1,2025-10-24 22:00:00
APH,Amphenol,131.2574,-0.19245050356359378,0.0,1,2025-10-25 00:00:00
APO,Apollo Global Management,132.4464,-4.054200053215027,0.0,1,2025-10-24 02:00:00
APO,Apollo Global Management,134.4944,-4.079587230851183,0.0,1,2025-10-24 04:00:00
APO,Apollo Global Management,133.0495,-4.090288391619596,0.0,1,2025-10-24 06:00:00
APO,Apollo Global Management,130.3661,-4.1105940504057425,0.0,1,2025-10-24 08:00:00
APO,Apollo Global Management,129.8625,-4.094766121814344,0.0,1,2025-10-24 10:00:00
APO,Apollo Global Management,131.2338,-4.075129860230335,0.0,1,2025-10-24 12:00:00
APO,Apollo Global Management,131.9332,-4.088554888398719,0.0,1,2025-10-24 14:00:00
APO,Apollo Global Management,131.8344,-4.125470703711933,0.0,1,2025-10-24 16:00:00
APO,Apollo Global Management,131.3749,-4.1575171286472425,0.0,1,2025-10-24 18:00:00
APO,Apollo Global Management,131.0775,-4.141733580563815,0.0,1,2025-10-24 20:00:00
APO,Apollo Global Management,130.995,-4.168218530567782,0.0,1,2025-10-24 22:00:00
APO,Apollo Global Management,131.2617,-4.139458899895708,0.0,1,2025-10-25 00:00:00
APP,AppLovin,664.5258,3.003999888896942,6.66920006275177,6,2025-10-24 02:00:00
APP,AppLovin,667.2541,3.0150360545492862,6.726445703704956,6,2025-10-24 04:00:00
APP,AppLovin,661.0099,3.0252760445158806,6.730530425358734,6,2025-10-24 06:00:00
APP,AppLovin,649.5424,3.0078778120530116,6.7338991306964875,6,2025-10-24 08:00:00
APP,AppLovin,614.2539,2.9836914524135936,6.715326825669167,6,2025-10-24 10:00:00
APP,AppLovin,592.7581,3.0108959128955495,6.700767726477445,6,2025-10-24 12:00:00
APP,AppLovin,619.0668,3.013519410567856,6.679355590220977,6,2025-10-24 14:00:00
APP,AppLovin,665.4328,3.0325038078495328,6.635869158542481,6,2025-10-24 16:00:00
APP,AppLovin,667.2541,3.0124683846543037,6.6620432277425214,6,2025-10-24 18:00:00
APP,AppLovin,659.8076,3.0395365925796645,6.63575736172405,6,2025-10-24 20:00:00
APP,AppLovin,645.4921,3.05544171105815,6.675811428977293,6,2025-10-24 22:00:00
APP,AppLovin,608.325,3.0405894326791154,6.698615937327221,6,2025-10-25 00:00:00
APTV,Aptiv,83.8449,8.674799799919128,0.700699985027313,2,2025-10-24 02:00:00
APTV,Aptiv,82.909,8.663223119903124,0.7075465485274567,2,2025-10-24 04:00:00
APTV,Aptiv,83.6597,8.727130241536573,0.7046971637240024,2,2025-10-24 06:00:00
APTV,Aptiv,83.4196,8.725326209953224,0.7098101987188438,2,2025-10-24 08:00:00
APTV,Aptiv,83.8121,8.80547247972512,0.7102173415443451,2,2025-10-24 10:00:00
APTV,Aptiv,83.6788,8.874974324886347,0.7037860960886821,2,2025-10-24 12:00:00
APTV,Aptiv,83.9893,8.921898319059045,0.7018717230697835,2,2025-10-24 14:00:00
APTV,Aptiv,83.2828,8.94143852016045,0.7038423706930327,2,2025-10-24 16:00:00
APTV,Aptiv,83.7,8.979596946069732,0.7040613821510913,2,2025-10-24 18:00:00
APTV,Aptiv,84.3577,8.9676462651996,0.7085928485082079,2,2025-10-24 20:00:00
APTV,Aptiv,83.3837,8.891304115783033,0.709032409578158,2,2025-10-24 22:00:00
APTV,Aptiv,83.6297,8.926638733755011,0.7100155767185172,2,2025-10-25 00:00:00
ARE,Alexandria Real Estate Equities,76.622,4.585599899291992,6.707000136375427,5,2025-10-24 02:00:00
ARE,Alexandria Real Estate Equities,76.2125,4.574332747740767,6.693621825322225,5,2025-10-24 04:00:00
ARE,Alexandria Real Estate Equities,75.8291,4.528625612962074,6.7294825554234805,5,2025-10-24 06:00:00
ARE,Alexandria Real Estate Equities,75.4877,4.534478363802861,6.771637631797385,5,2025-10-24 08:00:00
ARE,Alexandria Real Estate Equities,75.8722,4.502016604071987,6.834513862321584,5,2025-10-24 10:00:00
ARE,Alexandria Real Estate Equities,76.282,4.5033882512548775,6.8731227309510246,5,2025-10-24 12:00:00
ARE,Alexandria Real Estate Equities,76.2683,4.465995462765266,6.938863964712168,5,2025-10-24 14:00:00
ARE,Alexandria Real Estate Equities,75.6925,4.46823689366808,6.9174402954887935,5,2025-10-24 16:00:00
ARE,Alexandria Real Estate Equities,76.1489,4.51131214599506,6.880494423292032,5,2025-10-24 18:00:00
ARE,Alexandria Real Estate Equities,76.7771,4.472484383917552,6.921798915270435,5,2025-10-24 20:00:00
ARE,Alexandria Real Estate Equities,76.2297,4.4401748740631835,6.8656374331236805,5,2025-10-24 22:00:00
ARE,Alexandria Real Estate Equities,75.3775,4.416005432653321,6.911648507527219,5,2025-10-25 00:00:00
ATO,Atmos Energy,176.6907,4.621999859809875,6.179900169372559,2,2025-10-24 02:00:00
ATO,Atmos Energy,177.3231,4.6008725315457,6.184892499048693,2,2025-10-24 04:00:00
ATO,Atmos Energy,177.1492,4.570553576516804,6.200868317875512,2,2025-10-24 06:00:00
ATO,Atmos Energy,176.6633,4.580408100429772,6.239063965031622,2,2025-10-24 08:00:00
ATO,Atmos Energy,176.5971,4.564017398091863,6.255814958354637,2,2025-10-24 10:00:00
ATO,Atmos Energy,176.6368,4.556894335198318,6.276328057307408,2,2025-10-24 12:00:00
ATO,Atmos Energy,176.6785,4.584573293537613,6.2559907004408295,2,2025-10-24 14:00:00
ATO,Atmos Energy,176.6581,4.54984047495169,6.279453465842851,2,2025-10-24 16:00:00
ATO,Atmos Energy,176.9362,4.59406805244955,6.308238234655432,2,2025-10-24 18:00:00
ATO,Atmos Energy,177.148,4.638106526223739,6.25598918510693,2,2025-10-24 20:00:00
ATO,Atmos Energy,176.8648,4.6627563648824655,6.281207485050491,2,2025-10-24 22:00:00
ATO,Atmos Energy,176.7144,4.619989899943182,6.325669832238513,2,2025-10-25 00:00:00
AVB,AvalonBay Communities,195.52,8.860700130462646,0.0,1,2025-10-24 02:00:00
AVB,AvalonBay Communities,198.7116,8.785165581951176,0.0,1,2025-10-24 04:00:00
AVB,AvalonBay Communities,199.3179,8.843288443259102,0.0,1,2025-10-24 06:00:00
AVB,AvalonBay Communities,197.7858,8.82388591168532,0.0,1,2025-10-24 08:00:00
AVB,AvalonBay Communities,196.6363,8.880544708000956,0.0,1,2025-10-24 10:00:00
AVB,AvalonBay Communities,196.7902,8.83496479445553,0.0,1,2025-10-24 12:00:00
AVB,AvalonBay Communities,197.2067,8.900323343385736,0.0,1,2025-10-24 14:00:00
AVB,AvalonBay Communities,197.6921,8.860549609025796,0.0,1,2025-10-24 16:00:00
AVB,AvalonBay Communities,197.8983,8.926624452302411,0.0,1,2025-10-24 18:00:00
AVB,AvalonBay Communities,197.9036,8.956260635613194,0.0,1,2025-10-24 20:00:00
AVB,AvalonBay Communities,197.0972,8.879140200929015,0.0,1,2025-10-24 22:00:00
AVB,AvalonBay Communities,196.9111,8.908896488136575,0.0,1,2025-10-25 00:00:00
AVGO,Broadcom,397.3408,8.15750002861023,1.372199952602386,3,2025-10-24 02:00:00
AVGO,Broadcom,403.5276,8.20798160060136,1.374905932683893,3,2025-10-24 04:00:00
AVGO,Broadcom,401.3901,8.27551338769915,1.3879341768080813,3,2025-10-24 06:00:00
AVGO,Broadcom,394.7562,8.312480182432626,1.3916948847854915,3,2025-10-24 08:00:00
AVGO,Broadcom,385.5851,8.264715063505594,1.3993304639546917,3,2025-10-24 10:00:00
AVGO,Broadcom,378.7458,8.293605309902365,1.411339654225085,3,2025-10-24 12:00:00
AVGO,Broadcom,382.2067,8.339655863648083,1.4233827853733059,3,2025-10-24 14:00:00
AVGO,Broadcom,396.8049,8.27523038878598,1.411114894010872,3,2025-10-24 16:00:00
AVGO,Broadcom,401.5812,8.34713478035913,1.418494726313838,3,2025-10-24 18:00:00
AVGO,Broadcom,402.4899,8.402507968703146,1.4246978068597207,3,2025-10-24 20:00:00
AVGO,Broadcom,397.2601,8.406038987052776,1.4266429533680125,3,2025-10-24 22:00:00
AVGO,Broadcom,389.75,8.349172772403671,1.416368099908446,3,2025-10-25 00:00:00
AVY,Avery Dennison,185.9902,7.01170027256012,1.690099984407425,2,2025-10-24 02:00:00
AVY,Avery Dennison,189.6613,7.069553891301906,1.694364791862654,2,2025-10-24 04:00:00
AVY,Avery Dennison,189.4025,7.0723726682814885,1.6790881701869473,2,2025-10-24 06:00:00
AVY,Avery Dennison,188.0435,7.024160364109777,1.6922767207961031,2,2025-10-24 08:00:00
AVY,Avery Dennison,187.6103,7.064465062222884,1.7021367337452067,2,2025-10-24 10:00:00
AVY,Avery Dennison,187.9962,7.089724515859893,1.6877279534803487,2,2025-10-24 12:00:00
AVY,Avery Dennison,188.2383,7.111323748933937,1.6956621186172975,2,2025-10-24 14:00:00
AVY,Avery Dennison,188.2315,7.118077419243094,1.6911290486111827,2,2025-10-24 16:00:00
AVY,Avery Dennison,188.226,7.079578840218325,1.687220044261662,2,2025-10-24 18:00:00
AVY,Avery Dennison,188.2305,7.092874256441642,1.687070452383933,2,2025-10-24 20:00:00
AVY,Avery Dennison,188.1015,7.069982491901288,1.6974496766592928,2,2025-10-24 22:00:00
AVY,Avery Dennison,188.0225,7.116681851616279,1.7137018427632806,2,2025-10-25 00:00:00
AWK,American Water Works,143.4268,8.448399901390076,0.8709999918937681,5,2025-10-24 02:00:00
AWK,American Water Works,144.1411,8.384967772719387,0.872357733559761,5,2025-10-24 04:00:00
AWK,American Water Works,143.7529,8.369494128554933,0.8678226165268649,5,2025-10-24 06:00:00
AWK,American Water Works,143.7312,8.41304961482114,0.8706106265663387,5,2025-10-24 08:00:00
AWK,American Water Works,143.8475,8.403710205363778,0.869295883634479,5,2025-10-24 10:00:00
AWK,American Water Works,143.8559,8.474164749349995,0.8705267587090043,5,2025-10-24 12:00:00
AWK,American Water Works,143.8482,8.448912565668529,0.8634395112364607,5,2025-10-24 14:00:00
AWK,American Water Works,143.819,8.370552835575022,0.8668240485870624,5,2025-10-24 16:00:00
AWK,American Water Works,143.7882,8.426469273733739,0.8582703033489167,5,2025-10-24 18:00:00
AWK,American Water Works,143.8076,8.49680552292421,0.850162450645018,5,2025-10-24 20:00:00
AWK,American Water Works,143.84,8.432702013175028,0.8535662280609625,5,2025-10-24 22:00:00
AWK,American Water Works,143.8288,8.430222894473937,0.8602649593560202,5,2025-10-25 00:00:00
AXON,Axon Enterprise,788.1723,3.359799981117248,7.620300054550171,4,2025-10-24 02:00:00
AXON,Axon Enterprise,829.7595,3.374512806481615,7.597671823424955,4,2025-10-24 04:00:00
AXON,Axon Enterprise,821.2986,3.386924590840568,7.652887059187939,4,2025-10-24 06:00:00
AXON,Axon Enterprise,771.7246,3.3819475729397017,7.703381458171167,4,2025-10-24 08:00:00
AXON,Axon Enterprise,730.9256,3.4092845577631308,7.767874771487614,4,2025-10-24 10:00:00
AXON,Axon Enterprise,732.0723,3.4073641068713476,7.696707840885103,4,2025-10-24 12:00:00
AXON,Axon Enterprise,783.9053,3.4177641889748664,7.720002918755963,4,2025-10-24 14:00:00
AXON,Axon Enterprise,819.1971,3.4444174759572137,7.74270481979338,4,2025-10-24 16:00:00
AXON,Axon Enterprise,810.7675,3.4564987864211494,7.8082594668527,4,2025-10-24 18:00:00
AXON,Axon Enterprise,785.4339,3.476876026569521,7.819030321547544,4,2025-10-24 20:00:00
AXON,Axon Enterprise,745.1088,3.459549458967002,7.829968163127261,4,2025-10-24 22:00:00
AXON,Axon Enterprise,736.8425,3.4904676606090765,7.822668595668439,4,2025-10-25 00:00:00
AXP,American Express,357.0728,8.328700065612793,0.0,1,2025-10-24 02:00:00
AXP,American Express,356.4431,8.279894454171883,0.0,1,2025-10-24 04:00:00
AXP,American Express,356.3863,8.355546969489623,0.0,1,2025-10-24 06:00:00
AXP,American Express,355.9703,8.393243324604603,0.0,1,2025-10-24 08:00:00
AXP,American Express,355.7171,8.397798701114189,0.0,1,2025-10-24 10:00:00
AXP,American Express,355.8457,8.393746427187102,0.0,1,2025-10-24 12:00:00
AXP,American Express,355.5527,8.364912117044831,0.0,1,2025-10-24 14:00:00
AXP,American Express,355.3995,8.367253065334479,0.0,1,2025-10-24 16:00:00
AXP,American Express,355.847,8.447986697043605,0.0,1,2025-10-24 18:00:00
AXP,American Express,356.6342,8.438966432351185,0.0,1,2025-10-24 20:00:00
AXP,American Express,356.717,8.452720581165057,0.0,1,2025-10-24 22:00:00
AXP,American Express,356.1375,8.536997771904417,0.0,1,2025-10-25 00:00:00
AZO,AutoZone,3466.7578,0.120599996298551,0.0,1,2025-10-24 02:00:00
AZO,AutoZone,3474.6644,0.11957860799926849,0.0,1,2025-10-24 04:00:00
AZO,AutoZone,3605.4716,0.1184541368546728,0.0,1,2025-10-24 06:00:00
AZO,AutoZone,3686.6996,0.11802517319480514,0.0,1,2025-10-24 08:00:00
AZO,AutoZone,3728.5901,0.1183122584563606,0.0,1,2025-10-24 10:00:00
AZO,AutoZone,3564.6449,0.11735256851651335,0.0,1,2025-10-24 12:00:00
AZO,AutoZone,3596.5654,0.11759445664392468,0.0,1,2025-10-24 14:00:00
AZO,AutoZone,3518.8947,0.11815663516408965,0.0,1,2025-10-24 16:00:00
AZO,AutoZone,3541.0165,0.11779394756237903,0.0,1,2025-10-24 18:00:00
AZO,AutoZone,3604.1055,0.11804185987597293,0.0,1,2025-10-24 20:00:00
AZO,AutoZone,3649.2905,0.11785244854180447,0.0,1,2025-10-24 22:00:00
AZO,AutoZone,3720.8461,0.11706591075919877,0.0,1,2025-10-25 00:00:00
BA,Boeing,224.345,-0.300099998712539,0.793199986219406,4,2025-10-24 02:00:00
BA,Boeing,223.3709,-0.2997168619265965,0.7883310837905944,4,2025-10-24 04:00:00
BA,Boeing,221.7751,-0.2987915727831164,0.7932142325988029,4,2025-10-24 06:00:00
BA,Boeing,222.5209,-0.2992380286560489,0.7859706503619711,4,2025-10-24 08:00:00
BA,Boeing,223.6363,-0.29883826097536614,0.7907627693021676,4,2025-10-24 10:00:00
BA,Boeing,224.1002,-0.297415793288837,0.7895730017014909,4,2025-10-24 12:00:00
BA,Boeing,223.6561,-0.3002518272508573,0.7877701713898574,4,2025-10-24 14:00:00
BA,Boeing,223.1645,-0.2996041738098624,0.7820596728163695,4,2025-10-24 16:00:00
BA,Boeing,222.0549,-0.3012185150293672,0.7796112359099593,4,2025-10-24 18:00:00
BA,Boeing,221.6637,-0.29952859498301865,0.7853320366095952,4,2025-10-24 20:00:00
BA,Boeing,223.0766,-0.29684272115342425,0.7775285073351874,4,2025-10-24 22:00:00
BA,Boeing,224.3171,-0.2966834288859363,0.7835985967576523,4,2025-10-25 00:00:00
BAC,Bank of America,50.9121,8.928800225257874,0.0,1,2025-10-24 02:00:00
BAC,Bank of America,49.2312,8.992157646622472,0.0,1,2025-10-24 04:00:00
BAC,Bank of America,48.954,9.002792173693878,0.0,1,2025-10-24 06:00:00
BAC,Bank of America,50.1961,8.958985384922782,0.0,1,2025-10-24 08:00:00
BAC,Bank of America,50.9,8.982795236355122,0.0,1,2025-10-24 10:00:00
BAC,Bank of America,50.8472,8.9484926523554,0.0,1,2025-10-24 12:00:00
BAC,Bank of America,50.4489,8.873729087302008,0.0,1,2025-10-24 14:00:00
BAC,Bank of America,50.3148,8.789802898352868,0.0,1,2025-10-24 16:00:00
BAC,Bank of America,50.7146,8.862917842612934,0.0,1,2025-10-24 18:00:00
BAC,Bank of America,50.9669,8.807497917976304,0.0,1,2025-10-24 20:00:00
BAC,Bank of America,50.5488,8.841842253087668,0.0,1,2025-10-24 22:00:00
BAC,Bank of America,50.3895,8.813998261669688,0.0,1,2025-10-25 00:00:00
BALL,Ball Corporation,53.463,8.265299797058105,0.0,1,2025-10-24 02:00:00
BALL,Ball Corporation,55.2715,8.27569659671298,0.0,1,2025-10-24 04:00:00
BALL,Ball Corporation,54.9091,8.215592267727162,0.0,1,2025-10-24 06:00:00
BALL,Ball Corporation,54.5081,8.221656768859436,0.0,1,2025-10-24 08:00:00
BALL,Ball Corporation,54.5076,8.230799124736885,0.0,1,2025-10-24 10:00:00
BALL,Ball Corporation,54.6939,8.242236389288184,0.0,1,2025-10-24 12:00:00
BALL,Ball Corporation,54.7534,8.237180524955017,0.0,1,2025-10-24 14:00:00
BALL,Ball Corporation,54.7398,8.2513133335732,0.0,1,2025-10-24 16:00:00
BALL,Ball Corporation,54.9025,8.311925436950105,0.0,1,2025-10-24 18:00:00
BALL,Ball Corporation,54.9435,8.23554698321078,0.0,1,2025-10-24 20:00:00
BALL,Ball Corporation,54.7537,8.191891057753915,0.0,1,2025-10-24 22:00:00
BALL,Ball Corporation,54.5647,8.271031119973431,0.0,1,2025-10-25 00:00:00
BAX,Baxter International,26.2818,8.519399762153625,0.0,1,2025-10-24 02:00:00
BAX,Baxter International,28.5207,8.525944960621475,0.0,1,2025-10-24 04:00:00
BAX,Baxter International,28.5025,8.466045213212592,0.0,1,2025-10-24 06:00:00
BAX,Baxter International,25.9735,8.42936024455807,0.0,1,2025-10-24 08:00:00
BAX,Baxter International,26.0086,8.42858708354812,0.0,1,2025-10-24 10:00:00
BAX,Baxter International,26.2555,8.48681568589315,0.0,1,2025-10-24 12:00:00
BAX,Baxter International,26.512,8.566370425543179,0.0,1,2025-10-24 14:00:00
BAX,Baxter International,26.6216,8.494565839263368,0.0,1,2025-10-24 16:00:00
BAX,Baxter International,26.7376,8.424542312334728,0.0,1,2025-10-24 18:00:00
BAX,Baxter International,26.7737,8.439980911541301,0.0,1,2025-10-24 20:00:00
BAX,Baxter International,26.2845,8.50646805303994,0.0,1,2025-10-24 22:00:00
BAX,Baxter International,26.1491,8.461495621006245,0.0,1,2025-10-25 00:00:00
BBY,Best Buy,84.2196,4.113700091838836,0.0,1,2025-10-24 02:00:00
BBY,Best Buy,84.4485,4.104305304359643,0.0,1,2025-10-24 04:00:00
BBY,Best Buy,84.2034,4.111972313317378,0.0,1,2025-10-24 06:00:00
BBY,Best Buy,83.7758,4.1116449239963435,0.0,1,2025-10-24 08:00:00
BBY,Best Buy,83.7045,4.09618439360378,0.0,1,2025-10-24 10:00:00
BBY,Best Buy,83.8031,4.0637963536087005,0.0,1,2025-10-24 12:00:00
BBY,Best Buy,84.0556,4.055464863288432,0.0,1,2025-10-24 14:00:00
BBY,Best Buy,84.0502,4.084007028500162,0.0,1,2025-10-24 16:00:00
BBY,Best Buy,83.9318,4.078887528883774,0.0,1,2025-10-24 18:00:00
BBY,Best Buy,84.0028,4.059772555419802,0.0,1,2025-10-24 20:00:00
BBY,Best Buy,83.9869,4.094567983291042,0.0,1,2025-10-24 22:00:00
BBY,Best Buy,83.8924,4.066643922068943,0.0,1,2025-10-25 00:00:00
BDX,Becton Dickinson,180.0708,-7.852299809455872,0.0,1,2025-10-24 02:00:00
BDX,Becton Dickinson,179.2789,-7.869619358314959,0.0,1,2025-10-24 04:00:00
BDX,Becton Dickinson,180.2448,-7.839975260575537,0.0,1,2025-10-24 06:00:00
BDX,Becton Dickinson,179.5657,-7.7621399727425535,0.0,1,2025-10-24 08:00:00
BDX,Becton Dickinson,178.9209,-7.736842169155202,0.0,1,2025-10-24 10:00:00
BDX,Becton Dickinson,178.9109,-7.683341175268355,0.0,1,2025-10-24 12:00:00
BDX,Becton Dickinson,179.1881,-7.69490778305737,0.0,1,2025-10-24 14:00:00
BDX,Becton Dickinson,179.188,-7.712612989064425,0.0,1,2025-10-24 16:00:00
BDX,Becton Dickinson,179.969,-7.783009147633613,0.0,1,2025-10-24 18:00:00
BDX,Becton Dickinson,180.3178,-7.726703682468543,0.0,1,2025-10-24 20:00:00
BDX,Becton Dickinson,179.3586,-7.77985918914607,0.0,1,2025-10-24 22:00:00
BDX,Becton Dickinson,178.9289,-7.81808901951652,0.0,1,2025-10-25 00:00:00
BEN,Franklin Resources,21.7703,8.358399868011475,0.0,1,2025-10-24 02:00:00
BEN,Franklin Resources,21.3972,8.391374582805037,0.0,1,2025-10-24 04:00:00
BEN,Franklin Resources,21.5597,8.378341227638671,0.0,1,2025-10-24 06:00:00
BEN,Franklin Resources,21.7861,8.40275723012507,0.0,1,2025-10-24 08:00:00
BEN,Franklin Resources,21.822,8.374873927919662,0.0,1,2025-10-24 10:00:00
BEN,Franklin Resources,21.695,8.301141608641737,0.0,1,2025-10-24 12:00:00
BEN,Franklin Resources,21.6196,8.334643362285293,0.0,1,2025-10-24 14:00:00
BEN,Franklin Resources,21.6456,8.274997611761234,0.0,1,2025-10-24 16:00:00
BEN,Franklin Resources,21.7643,8.246839066996198,0.0,1,2025-10-24 18:00:00
BEN,Franklin Resources,21.8253,8.235803290872328,0.0,1,2025-10-24 20:00:00
BEN,Franklin Resources,21.6942,8.293793547275019,0.0,1,2025-10-24 22:00:00
BEN,Franklin Resources,21.6196,8.22588323893773,0.0,1,2025-10-25 00:00:00
BF-B,Brown–Forman,26.1928,9.014100000000001,0.0381,2,2025-10-24 02:00:00
BF-B,Brown–Forman,27.425,8.943987088217897,0.03794495322489623,2,2025-10-24 04:00:00
BF-B,Brown–Forman,29.5914,9.004394366254452,0.03767105660826078,2,2025-10-24 06:00:00
BF-B,Brown–Forman,30.0839,8.920350112363762,0.03747851269002432,2,2025-10-24 08:00:00
BF-B,Brown–Forman,27.0829,9.006833818701029,0.03772263895665723,2,2025-10-24 10:00:00
BF-B,Brown–Forman,26.9589,9.041676156899353,0.03772522830983208,2,2025-10-24 12:00:00
BF-B,Brown–Forman,26.1783,9.113879105813963,0.03764140916086321,2,2025-10-24 14:00:00
BF-B,Brown–Forman,27.0767,9.190344019374631,0.03798060083399389,2,2025-10-24 16:00:00
BF-B,Brown–Forman,29.5831,9.209720245998371,0.037760466759625126,2,2025-10-24 18:00:00
BF-B,Brown–Forman,31.0307,9.203223391917906,0.03803029394000997,2,2025-10-24 20:00:00
BF-B,Brown–Forman,29.4276,9.13243555388233,0.03831228841336351,2,2025-10-24 22:00:00
BF-B,Brown–Forman,26.6801,9.181173317051199,0.038440420203351026,2,2025-10-25 00:00:00
BG,Bunge Global,95.8577,8.931999802589417,0.07899999618530201,2,2025-10-24 02:00:00
BG,Bunge Global,94.1973,8.940098048455443,0.07883470165055577,2,2025-10-24 04:00:00
BG,Bunge Global,94.2563,9.004238337505788,0.0792537045826418,2,2025-10-24 06:00:00
BG,Bunge Global,94.9179,8.976883976243183,0.07890322535982748,2,2025-10-24 08:00:00
BG,Bunge Global,94.9914,8.894667781139486,0.07852945420733103,2,2025-10-24 10:00:00
BG,Bunge Global,94.6011,8.979068689156323,0.0785961914874136,2,2025-10-24 12:00:00
BG,Bunge Global,94.3371,9.03210307542001,0.07912156349754398,2,2025-10-24 14:00:00
BG,Bunge Global,94.7316,8.997791621234974,0.07835095722946635,2,2025-10-24 16:00:00
BG,Bunge Global,95.3766,8.991004741325176,0.07776183031834652,2,2025-10-24 18:00:00
BG,Bunge Global,95.4515,9.020338717983487,0.07796112341555754,2,2025-10-24 20:00:00
BG,Bunge Global,95.2304,9.075065987767188,0.07767869560268385,2,2025-10-24 22:00:00
BG,Bunge Global,94.7731,9.003441464313369,0.0769760770823618,2,2025-10-25 00:00:00
BIIB,Biogen,136.9114,-2.44949996471405,6.040099859237671,4,2025-10-24 02:00:00
BIIB,Biogen,127.9216,-2.461801056721816,6.021202967731169,4,2025-10-24 04:00:00
BIIB,Biogen,126.1185,-2.4677515542965893,6.07129853473983,4,2025-10-24 06:00:00
BIIB,Biogen,130.5649,-2.4573948099215843,6.128500178864827,4,2025-10-24 08:00:00
BIIB,Biogen,136.0203,-2.475512351583621,6.093322110458989,4,2025-10-24 10:00:00
BIIB,Biogen,139.1753,-2.464806782249264,6.136099719154962,4,2025-10-24 12:00:00
BIIB,Biogen,136.6123,-2.473982418672004,6.158114294348427,4,2025-10-24 14:00:00
BIIB,Biogen,130.1261,-2.473739521707667,6.206330946578357,4,2025-10-24 16:00:00
BIIB,Biogen,128.6114,-2.472701741645636,6.153364525173671,4,2025-10-24 18:00:00
BIIB,Biogen,129.6264,-2.452769255623837,6.2071252041736225,4,2025-10-24 20:00:00
BIIB,Biogen,133.9646,-2.440155932357793,6.214348532207338,4,2025-10-24 22:00:00
BIIB,Biogen,135.5308,-2.4413162419478422,6.15418264817743,4,2025-10-25 00:00:00
BK,BNY Mellon,117.5086,8.75469982624054,0.0,1,2025-10-24 02:00:00
BK,BNY Mellon,117.1511,8.767057438227635,0.0,1,2025-10-24 04:00:00
BK,BNY Mellon,115.3492,8.684234307074776,0.0,1,2025-10-24 06:00:00
BK,BNY Mellon,113.662,8.742127635753016,0.0,1,2025-10-24 08:00:00
BK,BNY Mellon,114.1367,8.691005044323397,0.0,1,2025-10-24 10:00:00
BK,BNY Mellon,116.4626,8.71817744936795,0.0,1,2025-10-24 12:00:00
BK,BNY Mellon,117.0674,8.76315723176207,0.0,1,2025-10-24 14:00:00
BK,BNY Mellon,116.3005,8.818156072531847,0.0,1,2025-10-24 16:00:00
BK,BNY Mellon,115.9264,8.817324563788294,0.0,1,2025-10-24 18:00:00
BK,BNY Mellon,116.0879,8.743205993521677,0.0,1,2025-10-24 20:00:00
BK,BNY Mellon,116.1577,8.65922704711344,0.0,1,2025-10-24 22:00:00
BK,BNY Mellon,116.2851,8.728684646006386,0.0,1,2025-10-25 00:00:00
BKNG,Booking Holdings,4735.5553,-3.926700055599212,7.011299729347229,7,2025-10-24 02:00:00
BKNG,Booking Holdings,4566.1432,-3.9006157856681587,6.946870928989554,7,2025-10-24 04:00:00
BKNG,Booking Holdings,4625.6993,-3.9008510227119153,6.979209733128034,7,2025-10-24 06:00:00
BKNG,Booking Holdings,4753.282,-3.885926067357709,7.018880301212665,7,2025-10-24 08:00:00
BKNG,Booking Holdings,4797.3037,-3.883171277848391,7.086815250929778,7,2025-10-24 10:00:00
BKNG,Booking Holdings,4715.6273,-3.9078228256836804,7.087581136335051,7,2025-10-24 12:00:00
BKNG,Booking Holdings,4542.5372,-3.872692629115678,7.146808330573573,7,2025-10-24 14:00:00
BKNG,Booking Holdings,4550.3649,-3.897647602308453,7.111478142865851,7,2025-10-24 16:00:00
BKNG,Booking Holdings,4760.9842,-3.925462118261608,7.1735089096264595,7,2025-10-24 18:00:00
BKNG,Booking Holdings,4855.598,-3.8972841168847436,7.2437952280600095,7,2025-10-24 20:00:00
BKNG,Booking Holdings,4760.1897,-3.919338108211996,7.220400269822015,7,2025-10-24 22:00:00
BKNG,Booking Holdings,4593.3022,-3.8950862376220226,7.16321900479742,7,2025-10-25 00:00:00
BKR,Baker Hughes,44.6072,-5.472999811172485,7.371199727058411,5,2025-10-24 02:00:00
BKR,Baker Hughes,44.0317,-5.519501992256778,7.377937954896469,5,2025-10-24 04:00:00
BKR,Baker Hughes,45.1691,-5.530341998271293,7.402312700576631,5,2025-10-24 06:00:00
BKR,Baker Hughes,45.2208,-5.542505810354541,7.461238473404345,5,2025-10-24 08:00:00
BKR,Baker Hughes,45.3906,-5.544372134211345,7.524039243113459,5,2025-10-24 10:00:00
BKR,Baker Hughes,45.4114,-5.550045491255083,7.449424395942544,5,2025-10-24 12:00:00
BKR,Baker Hughes,45.3488,-5.508634563877769,7.499534321940994,5,2025-10-24 14:00:00
BKR,Baker Hughes,45.3783,-5.4857268158127805,7.570237494214302,5,2025-10-24 16:00:00
BKR,Baker Hughes,45.7048,-5.510157369816827,7.572436537664391,5,2025-10-24 18:00:00
BKR,Baker Hughes,45.784,-5.552869056880571,7.526027336651598,5,2025-10-24 20:00:00
BKR,Baker Hughes,45.3779,-5.604985564089905,7.583809528692633,5,2025-10-24 22:00:00
BKR,Baker Hughes,45.6245,-5.647712304297871,7.541944427691235,5,2025-10-25 00:00:00
BLDR,Builders FirstSource,125.2983,0.089400000870227,0.0,1,2025-10-24 02:00:00
BLDR,Builders FirstSource,126.5417,0.08922957194076837,0.0,1,2025-10-24 04:00:00
BLDR,Builders FirstSource,127.4117,0.08866406627710037,0.0,1,2025-10-24 06:00:00
BLDR,Builders FirstSource,126.3623,0.0879954752262537,0.0,1,2025-10-24 08:00:00
BLDR,Builders FirstSource,125.0857,0.08731846390308708,0.0,1,2025-10-24 10:00:00
BLDR,Builders FirstSource,124.7501,0.08656799859989735,0.0,1,2025-10-24 12:00:00
BLDR,Builders FirstSource,125.4398,0.08630694915568077,0.0,1,2025-10-24 14:00:00
BLDR,Builders FirstSource,126.2571,0.08690831669023857,0.0,1,2025-10-24 16:00:00
BLDR,Builders FirstSource,126.4943,0.08621150546054708,0.0,1,2025-10-24 18:00:00
BLDR,Builders FirstSource,126.3065,0.08668973303960287,0.0,1,2025-10-24 20:00:00
BLDR,Builders FirstSource,125.5184,0.08618380220324245,0.0,1,2025-10-24 22:00:00
BLDR,Builders FirstSource,125.1098,0.08583695685416626,0.0,1,2025-10-25 00:00:00
BLK,BlackRock,1111.9364,8.38509976863861,0.0,1,2025-10-24 02:00:00
BLK,BlackRock,1103.8245,8.383752404374377,0.0,1,2025-10-24 04:00:00
BLK,BlackRock,1111.4898,8.458017723592791,0.0,1,2025-10-24 06:00:00
BLK,BlackRock,1108.9633,8.416282003713993,0.0,1,2025-10-24 08:00:00
BLK,BlackRock,1110.9169,8.414683279839076,0.0,1,2025-10-24 10:00:00
BLK,BlackRock,1105.7409,8.465370211474104,0.0,1,2025-10-24 12:00:00
BLK,BlackRock,1109.235,8.38118524594701,0.0,1,2025-10-24 14:00:00
BLK,BlackRock,1106.0787,8.392115981592084,0.0,1,2025-10-24 16:00:00
BLK,BlackRock,1112.0971,8.448452581798016,0.0,1,2025-10-24 18:00:00
BLK,BlackRock,1112.212,8.512441828911953,0.0,1,2025-10-24 20:00:00
BLK,BlackRock,1108.2727,8.571841420702247,0.0,1,2025-10-24 22:00:00
BLK,BlackRock,1108.7301,8.613046549186135,0.0,1,2025-10-25 00:00:00
BMY,Bristol Myers Squibb,46.7934,9.063400030136108,0.0,1,2025-10-24 02:00:00
BMY,Bristol Myers Squibb,48.1469,9.028174507809835,0.0,1,2025-10-24 04:00:00
BMY,Bristol Myers Squibb,47.9489,8.946849029013531,0.0,1,2025-10-24 06:00:00
BMY,Bristol Myers Squibb,47.3157,8.885071189665746,0.0,1,2025-10-24 08:00:00
BMY,Bristol Myers Squibb,47.1471,8.848721520524144,0.0,1,2025-10-24 10:00:00
BMY,Bristol Myers Squibb,47.2819,8.763697131187731,0.0,1,2025-10-24 12:00:00
BMY,Bristol Myers Squibb,47.3826,8.833612027536343,0.0,1,2025-10-24 14:00:00
BMY,Bristol Myers Squibb,47.3487,8.800429985069512,0.0,1,2025-10-24 16:00:00
BMY,Bristol Myers Squibb,47.4876,8.850022548909402,0.0,1,2025-10-24 18:00:00
BMY,Bristol Myers Squibb,47.5826,8.79012556408201,0.0,1,2025-10-24 20:00:00
BMY,Bristol Myers Squibb,47.4747,8.825566021065763,0.0,1,2025-10-24 22:00:00
BMY,Bristol Myers Squibb,47.3409,8.88685430080124,0.0,1,2025-10-25 00:00:00
BR,Broadridge Financial Solutions,236.165,-8.957099914550781,0.345400013029575,2,2025-10-24 02:00:00
BR,Broadridge Financial Solutions,238.9155,-9.042160670068675,0.34427689160029684,2,2025-10-24 04:00:00
BR,Broadridge Financial Solutions,239.6839,-8.995087111914827,0.3429261564315955,2,2025-10-24 06:00:00
BR,Broadridge Financial Solutions,237.2978,-8.92557393030684,0.342921139145201,2,2025-10-24 08:00:00
BR,Broadridge Financial Solutions,236.2962,-8.961482334019715,0.34344419582957064,2,2025-10-24 10:00:00
BR,Broadridge Financial Solutions,238.2015,-9.045310686504479,0.3442271110976211,2,2025-10-24 12:00:00
BR,Broadridge Financial Solutions,238.1534,-9.12723912440557,0.3422013786719518,2,2025-10-24 14:00:00
BR,Broadridge Financial Solutions,236.9601,-9.174321993051148,0.33974724077350776,2,2025-10-24 16:00:00
BR,Broadridge Financial Solutions,237.1411,-9.142546222146548,0.3395595342003795,2,2025-10-24 18:00:00
BR,Broadridge Financial Solutions,237.6133,-9.060340826946764,0.33883198270837744,2,2025-10-24 20:00:00
BR,Broadridge Financial Solutions,237.1553,-9.100090457475947,0.3394603410043219,2,2025-10-24 22:00:00
BR,Broadridge Financial Solutions,236.5661,-9.087680805341629,0.34160592692882213,2,2025-10-25 00:00:00
BRK-B,Berkshire Hathaway,505.2028,9.041500091552734,0.0,1,2025-10-24 02:00:00
BRK-B,Berkshire Hathaway,512.9605,8.977508309599195,0.0,1,2025-10-24 04:00:00
BRK-B,Berkshire Hathaway,512.124,9.008459891610041,0.0,1,2025-10-24 06:00:00
BRK-B,Berkshire Hathaway,506.5841,8.942268220109465,0.0,1,2025-10-24 08:00:00
BRK-B,Berkshire Hathaway,504.7672,8.89261446323956,0.0,1,2025-10-24 10:00:00
BRK-B,Berkshire Hathaway,506.1433,8.919955065466551,0.0,1,2025-10-24 12:00:00
BRK-B,Berkshire Hathaway,506.7113,8.882603292883097,0.0,1,2025-10-24 14:00:00
BRK-B,Berkshire Hathaway,506.2533,8.880629490718652,0.0,1,2025-10-24 16:00:00
BRK-B,Berkshire Hathaway,507.4533,8.890695853593096,0.0,1,2025-10-24 18:00:00
BRK-B,Berkshire Hathaway,508.0422,8.821132982694929,0.0,1,2025-10-24 20:00:00
BRK-B,Berkshire Hathaway,506.2877,8.837761344656213,0.0,1,2025-10-24 22:00:00
BRK-B,Berkshire Hathaway,505.9858,8.879858322047253,0.0,1,2025-10-25 00:00:00
BRO,Brown & Brown,91.3065,1.068900004029274,0.9331999719142909,2,2025-10-24 02:00:00
BRO,Brown & Brown,94.3308,1.069634034929197,0.9277142626562374,2,2025-10-24 04:00:00
BRO,Brown & Brown,94.7684,1.0664462974350735,0.9357269677246198,2,2025-10-24 06:00:00
BRO,Brown & Brown,92.947,1.0707149192839547,0.9368986403697039,2,2025-10-24 08:00:00
BRO,Brown & Brown,91.8718,1.0739048795355337,0.938565622050513,2,2025-10-24 10:00:00
BRO,Brown & Brown,92.1667,1.0781628918530433,0.9385509175748993,2,2025-10-24 12:00:00
BRO,Brown & Brown,92.8216,1.0721503437416433,0.9449135389400058,2,2025-10-24 14:00:00
BRO,Brown & Brown,93.0124,1.0654601373926105,0.9432940452008691,2,2025-10-24 16:00:00
BRO,Brown & Brown,93.0762,1.0577175460594692,0.9431851385703887,2,2025-10-24 18:00:00
BRO,Brown & Brown,92.795,1.0657144613779268,0.9348167522828837,2,2025-10-24 20:00:00
BRO,Brown & Brown,92.1839,1.07399206796484,0.9273668074060292,2,2025-10-24 22:00:00
BRO,Brown & Brown,92.0093,1.0783926467168394,0.9351283882550927,2,2025-10-25 00:00:00
BSX,Boston Scientific,106.7173,3.968900144100189,8.81600022315979,4,2025-10-24 02:00:00
BSX,Boston Scientific,109.7163,3.976252705653597,8.844991833030114,4,2025-10-24 04:00:00
BSX,Boston Scientific,109.2238,3.9864153047078563,8.84037775964014,4,2025-10-24 06:00:00
BSX,Boston Scientific,108.2702,3.9919544587484537,8.912502610448522,4,2025-10-24 08:00:00
BSX,Boston Scientific,108.0167,3.999002813255314,8.833505328676399,4,2025-10-24 10:00:00
BSX,Boston Scientific,108.3685,3.9646601576948157,8.788537949014577,4,2025-10-24 12:00:00
BSX,Boston Scientific,108.3747,3.975696121537019,8.855352319929233,4,2025-10-24 14:00:00
BSX,Boston Scientific,108.3875,4.014860892184837,8.911057830316643,4,2025-10-24 16:00:00
BSX,Boston Scientific,108.5535,4.005153486045345,8.951294297379725,4,2025-10-24 18:00:00
BSX,Boston Scientific,108.4954,4.029947578591869,8.975913105042014,4,2025-10-24 20:00:00
BSX,Boston Scientific,108.4424,4.012203525815232,8.965473573998787,4,2025-10-24 22:00:00
BSX,Boston Scientific,108.3872,3.9924698714394946,9.025404860045212,4,2025-10-25 00:00:00
BX,Blackstone Inc.,167.3954,7.216299772262573,1.503999978303909,2,2025-10-24 02:00:00
BX,Blackstone Inc.,171.7064,7.200351372812408,1.501422886864859,2,2025-10-24 04:00:00
BX,Blackstone Inc.,170.5565,7.1522237651577765,1.4937332521241542,2,2025-10-24 06:00:00
BX,Blackstone Inc.,168.659,7.09508003971899,1.4943137034097584,2,2025-10-24 08:00:00
BX,Blackstone Inc.,168.3862,7.0554148904415,1.4984665501648071,2,2025-10-24 10:00:00
BX,Blackstone Inc.,169.1033,7.068007790618205,1.4922759488208024,2,2025-10-24 12:00:00
BX,Blackstone Inc.,169.8705,7.052227048784869,1.492380759240573,2,2025-10-24 14:00:00
BX,Blackstone Inc.,169.7473,7.011440899877386,1.487552384874457,2,2025-10-24 16:00:00
BX,Blackstone Inc.,169.2904,7.052159237562189,1.498284101240913,2,2025-10-24 18:00:00
BX,Blackstone Inc.,169.1878,7.116052702821171,1.4999325515274669,2,2025-10-24 20:00:00
BX,Blackstone Inc.,169.0097,7.11695924780002,1.4850335499737986,2,2025-10-24 22:00:00
BX,Blackstone Inc.,169.2839,7.146784783621578,1.4942754572584653,2,2025-10-25 00:00:00
BXP,"BXP, Inc.",76.5011,3.8295000791549683,0.0,1,2025-10-24 02:00:00
BXP,"BXP, Inc.",77.3143,3.8239887658244034,0.0,1,2025-10-24 04:00:00
BXP,"BXP, Inc.",77.4257,3.853283124516235,0.0,1,2025-10-24 06:00:00
BXP,"BXP, Inc.",77.1659,3.846938111517292,0.0,1,2025-10-24 08:00:00
BXP,"BXP, Inc.",77.0833,3.864626379742628,0.0,1,2025-10-24 10:00:00
BXP,"BXP, Inc.",77.0743,3.8913399288633337,0.0,1,2025-10-24 12:00:00
BXP,"BXP, Inc.",77.177,3.871261049802107,0.0,1,2025-10-24 14:00:00
BXP,"BXP, Inc.",77.3574,3.851540634492922,0.0,1,2025-10-24 16:00:00
BXP,"BXP, Inc.",77.3845,3.824006694261465,0.0,1,2025-10-24 18:00:00
BXP,"BXP, Inc.",77.1807,3.825127346691665,0.0,1,2025-10-24 20:00:00
BXP,"BXP, Inc.",77.0291,3.8257412768615917,0.0,1,2025-10-24 22:00:00
BXP,"BXP, Inc.",77.0833,3.7902289657644044,0.0,1,2025-10-25 00:00:00
C,Citigroup,100.468,5.7972002029418945,0.0,1,2025-10-24 02:00:00
C,Citigroup,101.2682,5.7431651636560375,0.0,1,2025-10-24 04:00:00
C,Citigroup,102.4857,5.77784162011978,0.0,1,2025-10-24 06:00:00
C,Citigroup,102.1808,5.766455697227346,0.0,1,2025-10-24 08:00:00
C,Citigroup,101.7895,5.805509327290734,0.0,1,2025-10-24 10:00:00
C,Citigroup,101.1641,5.828546606095728,0.0,1,2025-10-24 12:00:00
C,Citigroup,101.1085,5.796450640500969,0.0,1,2025-10-24 14:00:00
C,Citigroup,101.3714,5.740219673170683,0.0,1,2025-10-24 16:00:00
C,Citigroup,102.5124,5.7610790048027765,0.0,1,2025-10-24 18:00:00
C,Citigroup,102.7652,5.761915854262659,0.0,1,2025-10-24 20:00:00
C,Citigroup,102.2057,5.774263173703108,0.0,1,2025-10-24 22:00:00
C,Citigroup,101.5924,5.770387317197469,0.0,1,2025-10-25 00:00:00
CAG,Conagra Brands,21.5921,4.149999916553496,6.936900019645691,2,2025-10-24 02:00:00
CAG,Conagra Brands,23.421,4.1728946993005,6.913517156665042,2,2025-10-24 04:00:00
CAG,Conagra Brands,23.4706,4.202982096397154,6.889806123112227,2,2025-10-24 06:00:00
CAG,Conagra Brands,21.6865,4.22815683323434,6.866951518355099,2,2025-10-24 08:00:00
CAG,Conagra Brands,21.1086,4.268028510920006,6.872032267961325,2,2025-10-24 10:00:00
CAG,Conagra Brands,21.4208,4.305237408618609,6.933355723510411,2,2025-10-24 12:00:00
CAG,Conagra Brands,21.8972,4.27294644829998,6.995794283667434,2,2025-10-24 14:00:00
CAG,Conagra Brands,21.9461,4.288642563105137,6.963824650483395,2,2025-10-24 16:00:00
CAG,Conagra Brands,21.7379,4.300453459243668,6.910793888117665,2,2025-10-24 18:00:00
CAG,Conagra Brands,21.7014,4.338729935886236,6.972777478155058,2,2025-10-24 20:00:00
CAG,Conagra Brands,21.6299,4.303553381403606,6.9899457138237135,2,2025-10-24 22:00:00
CAG,Conagra Brands,21.6312,4.294240431678935,6.982158702440186,2,2025-10-25 00:00:00
CAH,Cardinal Health,163.8076,8.639600276947021,0.0,1,2025-10-24 02:00:00
CAH,Cardinal Health,163.0708,8.614960781035782,0.0,1,2025-10-24 04:00:00
CAH,Cardinal Health,162.3294,8.535996709296937,0.0,1,2025-10-24 06:00:00
CAH,Cardinal Health,163.3171,8.462168754496824,0.0,1,2025-10-24 08:00:00
CAH,Cardinal Health,163.9512,8.4353819068473,0.0,1,2025-10-24 10:00:00
CAH,Cardinal Health,163.4601,8.495261976007079,0.0,1,2025-10-24 12:00:00
CAH,Cardinal Health,163.7135,8.46993917883736,0.0,1,2025-10-24 14:00:00
CAH,Cardinal Health,163.6564,8.543405572765112,0.0,1,2025-10-24 16:00:00
CAH,Cardinal Health,162.8129,8.48257539972862,0.0,1,2025-10-24 18:00:00
CAH,Cardinal Health,162.5831,8.489365875528863,0.0,1,2025-10-24 20:00:00
CAH,Cardinal Health,163.4658,8.499173053063574,0.0,1,2025-10-24 22:00:00
CAH,Cardinal Health,163.9208,8.573784446534098,0.0,1,2025-10-25 00:00:00
CARR,Carrier Global,62.9704,0.225099995732307,7.720699906349182,4,2025-10-24 02:00:00
CARR,Carrier Global,64.9974,0.2259323659788237,7.739344768706311,4,2025-10-24 04:00:00
CARR,Carrier Global,64.2692,0.22674185427251273,7.677535980273599,4,2025-10-24 06:00:00
CARR,Carrier Global,63.5964,0.22833760400372427,7.6283055625349085,4,2025-10-24 08:00:00
CARR,Carrier Global,63.5956,0.23009949096230572,7.608206810820306,4,2025-10-24 10:00:00
CARR,Carrier Global,63.9874,0.23069439580791445,7.555840815584452,4,2025-10-24 12:00:00
CARR,Carrier Global,63.7389,0.23033365522480276,7.5230986827330195,4,2025-10-24 14:00:00
CARR,Carrier Global,63.8429,0.2293199203093387,7.54593601399906,4,2025-10-24 16:00:00
CARR,Carrier Global,64.1885,0.23026457005510662,7.501718142476764,4,2025-10-24 18:00:00
CARR,Carrier Global,64.2588,0.2303344100180436,7.553807104112772,4,2025-10-24 20:00:00
CARR,Carrier Global,64.0839,0.22859152556518295,7.537531038525162,4,2025-10-24 22:00:00
CARR,Carrier Global,63.8525,0.23064854104009164,7.610163085400251,4,2025-10-25 00:00:00
CAT,Caterpillar Inc.,478.4291,2.498800009489059,6.098799705505371,9,2025-10-24 02:00:00
CAT,Caterpillar Inc.,452.8326,2.512003130061067,6.07150835366632,9,2025-10-24 04:00:00
CAT,Caterpillar Inc.,453.4614,2.530090796233035,6.047046453853654,9,2025-10-24 06:00:00
CAT,Caterpillar Inc.,470.9489,2.513861444616483,6.0129148168884,9,2025-10-24 08:00:00
CAT,Caterpillar Inc.,476.7104,2.5262515542588533,6.050539820709192,9,2025-10-24 10:00:00
CAT,Caterpillar Inc.,474.0185,2.528464364371409,6.082572752159204,9,2025-10-24 12:00:00
CAT,Caterpillar Inc.,470.3715,2.5100684261792106,6.031190847958022,9,2025-10-24 14:00:00
CAT,Caterpillar Inc.,469.6005,2.532655970786158,6.063325817255592,9,2025-10-24 16:00:00
CAT,Caterpillar Inc.,473.0683,2.55559282798679,6.05529204953117,9,2025-10-24 18:00:00
CAT,Caterpillar Inc.,474.2933,2.536926672530798,6.068189816092923,9,2025-10-24 20:00:00
CAT,Caterpillar Inc.,472.3714,2.5508020552387887,6.072459557899728,9,2025-10-24 22:00:00
CAT,Caterpillar Inc.,470.9791,2.558062197087571,6.0501603881277095,9,2025-10-25 00:00:00
CB,Chubb Limited,283.4035,6.1448997259140015,2.500100135803222,2,2025-10-24 02:00:00
CB,Chubb Limited,284.7078,6.180186573434281,2.4849506337728897,2,2025-10-24 04:00:00
CB,Chubb Limited,284.7637,6.123318878051878,2.4634361202685597,2,2025-10-24 06:00:00
CB,Chubb Limited,283.9893,6.078300121245499,2.474106181920676,2,2025-10-24 08:00:00
CB,Chubb Limited,283.8345,6.077339251803914,2.468117764374507,2,2025-10-24 10:00:00
CB,Chubb Limited,283.8459,6.119969266709826,2.461055404084161,2,2025-10-24 12:00:00
CB,Chubb Limited,284.0194,6.143026383046286,2.473666169194276,2,2025-10-24 14:00:00
CB,Chubb Limited,284.0534,6.081600788850397,2.4779264217638626,2,2025-10-24 16:00:00
CB,Chubb Limited,284.1451,6.109564744863406,2.4694288357761214,2,2025-10-24 18:00:00
CB,Chubb Limited,284.1395,6.168266755281747,2.4476836488118376,2,2025-10-24 20:00:00
CB,Chubb Limited,284.0056,6.162586460977933,2.4471355103033874,2,2025-10-24 22:00:00
CB,Chubb Limited,283.8739,6.200440337254775,2.4711447174956445,2,2025-10-25 00:00:00
CBOE,Cboe Global Markets,246.8011,0.148700000718235,0.0,1,2025-10-24 02:00:00
CBOE,Cboe Global Markets,248.4776,0.14866920445796253,0.0,1,2025-10-24 04:00:00
CBOE,Cboe Global Markets,246.8286,0.14923923466091082,0.0,1,2025-10-24 06:00:00
CBOE,Cboe Global Markets,245.9398,0.14938925921852797,0.0,1,2025-10-24 08:00:00
CBOE,Cboe Global Markets,246.6228,0.15076841010127234,0.0,1,2025-10-24 10:00:00
CBOE,Cboe Global Markets,247.5156,0.15206997597000527,0.0,1,2025-10-24 12:00:00
CBOE,Cboe Global Markets,247.477,0.15296235304468797,0.0,1,2025-10-24 14:00:00
CBOE,Cboe Global Markets,246.9885,0.15421416437756935,0.0,1,2025-10-24 16:00:00
CBOE,Cboe Global Markets,246.3432,0.15312660322931387,0.0,1,2025-10-24 18:00:00
CBOE,Cboe Global Markets,246.3346,0.15205432308398553,0.0,1,2025-10-24 20:00:00
CBOE,Cboe Global Markets,245.8168,0.1517355458662387,0.0,1,2025-10-24 22:00:00
CBOE,Cboe Global Markets,245.8245,0.1522784624039855,0.0,1,2025-10-25 00:00:00
CBRE,CBRE Group,174.2242,1.5329000353813171,7.389799952507019,4,2025-10-24 02:00:00
CBRE,CBRE Group,177.6985,1.5366445056969888,7.405787124381493,4,2025-10-24 04:00:00
CBRE,CBRE Group,176.1189,1.543618964297313,7.375757650326103,4,2025-10-24 06:00:00
CBRE,CBRE Group,174.3939,1.5409902214528701,7.4457035784098835,4,2025-10-24 08:00:00
CBRE,CBRE Group,174.2201,1.542284205390222,7.401573865390522,4,2025-10-24 10:00:00
CBRE,CBRE Group,175.0607,1.5513097728294454,7.378365053928351,4,2025-10-24 12:00:00
CBRE,CBRE Group,176.3025,1.5487465382653167,7.432976473863001,4,2025-10-24 14:00:00
CBRE,CBRE Group,176.3435,1.560319507720121,7.409352764078953,4,2025-10-24 16:00:00
CBRE,CBRE Group,175.401,1.5665167774928699,7.338731097734894,4,2025-10-24 18:00:00
CBRE,CBRE Group,174.8551,1.5752180507534208,7.273461332522404,4,2025-10-24 20:00:00
CBRE,CBRE Group,174.8573,1.5744108805352526,7.343812882631678,4,2025-10-24 22:00:00
CBRE,CBRE Group,175.2088,1.571678002789636,7.29907803765803,4,2025-10-25 00:00:00
CCI,Crown Castle,101.3123,-7.661600112915039,0.0,1,2025-10-24 02:00:00
CCI,Crown Castle,102.0045,-7.680781940565425,0.0,1,2025-10-24 04:00:00
CCI,Crown Castle,101.9917,-7.682980334162921,0.0,1,2025-10-24 06:00:00
CCI,Crown Castle,102.2162,-7.65455762536632,0.0,1,2025-10-24 08:00:00
CCI,Crown Castle,102.2223,-7.62714193775192,0.0,1,2025-10-24 10:00:00
CCI,Crown Castle,102.3571,-7.5843786282340275,0.0,1,2025-10-24 12:00:00
CCI,Crown Castle,102.2223,-7.659542763894263,0.0,1,2025-10-24 14:00:00
CCI,Crown Castle,102.128,-7.68258362927549,0.0,1,2025-10-24 16:00:00
CCI,Crown Castle,102.2427,-7.685065098452713,0.0,1,2025-10-24 18:00:00
CCI,Crown Castle,102.434,-7.654607558867669,0.0,1,2025-10-24 20:00:00
CCI,Crown Castle,102.3622,-7.685342241605766,0.0,1,2025-10-24 22:00:00
CCI,Crown Castle,102.1345,-7.685118042585578,0.0,1,2025-10-25 00:00:00
CCL,Carnival,32.35,0.12860000133514402,0.0,1,2025-10-24 02:00:00
CCL,Carnival,31.9071,0.12779891217629882,0.0,1,2025-10-24 04:00:00
CCL,Carnival,31.8335,0.12829260218899372,0.0,1,2025-10-24 06:00:00
CCL,Carnival,32.2966,0.12767012738606773,0.0,1,2025-10-24 08:00:00
CCL,Carnival,32.9412,0.12676449680460958,0.0,1,2025-10-24 10:00:00
CCL,Carnival,32.4248,0.12643789954081014,0.0,1,2025-10-24 12:00:00
CCL,Carnival,31.513,0.12725477965563933,0.0,1,2025-10-24 14:00:00
CCL,Carnival,31.0897,0.12845506606379234,0.0,1,2025-10-24 16:00:00
CCL,Carnival,31.8408,0.127899262316239,0.0,1,2025-10-24 18:00:00
CCL,Carnival,32.649,0.1277919181820411,0.0,1,2025-10-24 20:00:00
CCL,Carnival,31.9691,0.12829597909176838,0.0,1,2025-10-24 22:00:00
CCL,Carnival,31.6965,0.12869969047449542,0.0,1,2025-10-25 00:00:00
CDNS,Cadence Design Systems,333.9407,0.521299988031387,6.751499772071838,8,2025-10-24 02:00:00
CDNS,Cadence Design Systems,325.9085,0.5200935173665192,6.690305166341594,8,2025-10-24 04:00:00
CDNS,Cadence Design Systems,326.3075,0.524499646008457,6.6748766619961915,8,2025-10-24 06:00:00
CDNS,Cadence Design Systems,330.7491,0.5235312022861947,6.620042960551692,8,2025-10-24 08:00:00
CDNS,Cadence Design Systems,332.3524,0.5282207453817479,6.5724529078425356,8,2025-10-24 10:00:00
CDNS,Cadence Design Systems,331.1362,0.5281675147621577,6.620785399720961,8,2025-10-24 12:00:00
CDNS,Cadence Design Systems,329.9018,0.5320947756103793,6.672301584375612,8,2025-10-24 14:00:00
CDNS,Cadence Design Systems,329.9693,0.528009192833707,6.675715374255957,8,2025-10-24 16:00:00
CDNS,Cadence Design Systems,329.2491,0.5299554205948452,6.717684285554124,8,2025-10-24 18:00:00
CDNS,Cadence Design Systems,329.3494,0.5268614539275752,6.703356499008692,8,2025-10-24 20:00:00
CDNS,Cadence Design Systems,330.5859,0.5312739931297887,6.645016863207937,8,2025-10-24 22:00:00
CDNS,Cadence Design Systems,330.9416,0.5261924424091365,6.656022044462438,8,2025-10-25 00:00:00
CDW,CDW Corporation,160.4131,0.096699995920062,0.0,1,2025-10-24 02:00:00
CDW,CDW Corporation,164.7425,0.09761158164267525,0.0,1,2025-10-24 04:00:00
CDW,CDW Corporation,165.7978,0.09671267749504397,0.0,1,2025-10-24 06:00:00
CDW,CDW Corporation,161.9215,0.0958323863458338,0.0,1,2025-10-24 08:00:00
CDW,CDW Corporation,158.4018,0.09522768736490032,0.0,1,2025-10-24 10:00:00
CDW,CDW Corporation,158.3259,0.09464291857250276,0.0,1,2025-10-24 12:00:00
CDW,CDW Corporation,161.0092,0.0954413738376276,0.0,1,2025-10-24 14:00:00
CDW,CDW Corporation,163.4134,0.09518582834145406,0.0,1,2025-10-24 16:00:00
CDW,CDW Corporation,164.3549,0.09466516079559191,0.0,1,2025-10-24 18:00:00
CDW,CDW Corporation,162.3493,0.09444115257069806,0.0,1,2025-10-24 20:00:00
CDW,CDW Corporation,159.0113,0.09441656385593482,0.0,1,2025-10-24 22:00:00
CDW,CDW Corporation,157.7395,0.09532487806355631,0.0,1,2025-10-25 00:00:00
CEG,Constellation Energy,403.3718,-3.114799857139587,7.1946001052856445,2,2025-10-24 02:00:00
CEG,Constellation Energy,398.0362,-3.084017490449499,7.16118906029243,2,2025-10-24 04:00:00
CEG,Constellation Energy,391.818,-3.0588985049128876,7.160797945234796,2,2025-10-24 06:00:00
CEG,Constellation Energy,389.7173,-3.0408793407178214,7.147775782322324,2,2025-10-24 08:00:00
CEG,Constellation Energy,395.9014,-3.0130879243636732,7.096584782133925,2,2025-10-24 10:00:00
CEG,Constellation Energy,399.7798,-3.0122940769517528,7.046419141657881,2,2025-10-24 12:00:00
CEG,Constellation Energy,400.1614,-3.0149848658040477,6.982752213782199,2,2025-10-24 14:00:00
CEG,Constellation Energy,397.9749,-3.0208252364910466,7.040539146229784,2,2025-10-24 16:00:00
CEG,Constellation Energy,395.8546,-3.01499655635921,7.054937149142382,2,2025-10-24 18:00:00
CEG,Constellation Energy,395.7982,-2.9962399684209453,7.107598726050703,2,2025-10-24 20:00:00
CEG,Constellation Energy,396.9204,-3.0113170081990424,7.122956641180889,2,2025-10-24 22:00:00
CEG,Constellation Energy,396.3747,-3.006553800530317,7.144738647015056,2,2025-10-25 00:00:00
CF,CF Industries,89.4018,8.83180022239685,0.0,1,2025-10-24 02:00:00
CF,CF Industries,90.7306,8.74805990423467,0.0,1,2025-10-24 04:00:00
CF,CF Industries,90.7766,8.736059582807938,0.0,1,2025-10-24 06:00:00
CF,CF Industries,90.2999,8.722508023475827,0.0,1,2025-10-24 08:00:00
CF,CF Industries,90.1015,8.647672389755547,0.0,1,2025-10-24 10:00:00
CF,CF Industries,90.1707,8.602559940250654,0.0,1,2025-10-24 12:00:00
CF,CF Industries,90.2764,8.554736706222466,0.0,1,2025-10-24 14:00:00
CF,CF Industries,90.4216,8.549790950671735,0.0,1,2025-10-24 16:00:00
CF,CF Industries,90.5286,8.573694123256516,0.0,1,2025-10-24 18:00:00
CF,CF Industries,90.3765,8.488864409363945,0.0,1,2025-10-24 20:00:00
CF,CF Industries,90.2969,8.514851020957439,0.0,1,2025-10-24 22:00:00
CF,CF Industries,90.1678,8.502651175007944,0.0,1,2025-10-25 00:00:00
CFG,Citizens Financial Group,53.246,-2.914400100708008,9.544900059700012,3,2025-10-24 02:00:00
CFG,Citizens Financial Group,53.28,-2.938944803024163,9.609694176037904,3,2025-10-24 04:00:00
CFG,Citizens Financial Group,52.7626,-2.9485825803056716,9.574256043288566,3,2025-10-24 06:00:00
CFG,Citizens Financial Group,52.3735,-2.9644241345339313,9.500593847962769,3,2025-10-24 08:00:00
CFG,Citizens Financial Group,52.3819,-2.9553947897285378,9.498684827836412,3,2025-10-24 10:00:00
CFG,Citizens Financial Group,52.668,-2.9429609157931313,9.418688962701772,3,2025-10-24 12:00:00
CFG,Citizens Financial Group,52.8768,-2.9559063564658277,9.4999154372868,3,2025-10-24 14:00:00
CFG,Citizens Financial Group,52.8662,-2.980988207475179,9.509673624962566,3,2025-10-24 16:00:00
CFG,Citizens Financial Group,52.7677,-2.9621162990948884,9.43302785986928,3,2025-10-24 18:00:00
CFG,Citizens Financial Group,52.7548,-2.9790703934904994,9.383074817195252,3,2025-10-24 20:00:00
CFG,Citizens Financial Group,52.6118,-2.9869511061917504,9.454671662394821,3,2025-10-24 22:00:00
CFG,Citizens Financial Group,52.5586,-2.991702340621461,9.541663249895986,3,2025-10-25 00:00:00
CHD,Church & Dwight,91.2329,0.117600001394748,0.0,1,2025-10-24 02:00:00
CHD,Church & Dwight,94.0041,0.11753483841658267,0.0,1,2025-10-24 04:00:00
CHD,Church & Dwight,93.944,0.11654052677327464,0.0,1,2025-10-24 06:00:00
CHD,Church & Dwight,92.1927,0.11557258032474332,0.0,1,2025-10-24 08:00:00
CHD,Church & Dwight,91.5759,0.1146875418014629,0.0,1,2025-10-24 10:00:00
CHD,Church & Dwight,92.2769,0.11358020595523928,0.0,1,2025-10-24 12:00:00
CHD,Church & Dwight,92.7401,0.11258707070509051,0.0,1,2025-10-24 14:00:00
CHD,Church & Dwight,92.6306,0.11299737053663547,0.0,1,2025-10-24 16:00:00
CHD,Church & Dwight,92.5502,0.11295030793573302,0.0,1,2025-10-24 18:00:00
CHD,Church & Dwight,92.6252,0.11236837003125885,0.0,1,2025-10-24 20:00:00
CHD,Church & Dwight,92.2895,0.11221938271814935,0.0,1,2025-10-24 22:00:00
CHD,Church & Dwight,91.9534,0.11262483837209271,0.0,1,2025-10-25 00:00:00
CHRW,C.H. Robinson,127.0397,6.805199980735779,0.0,1,2025-10-24 02:00:00
CHRW,C.H. Robinson,127.3439,6.764909738008979,0.0,1,2025-10-24 04:00:00
CHRW,C.H. Robinson,126.9205,6.765049963338558,0.0,1,2025-10-24 06:00:00
CHRW,C.H. Robinson,126.7026,6.812322639249924,0.0,1,2025-10-24 08:00:00
CHRW,C.H. Robinson,126.6872,6.861888892756269,0.0,1,2025-10-24 10:00:00
CHRW,C.H. Robinson,126.8467,6.863954791958763,0.0,1,2025-10-24 12:00:00
CHRW,C.H. Robinson,126.7655,6.825197384786901,0.0,1,2025-10-24 14:00:00
CHRW,C.H. Robinson,126.7891,6.762657288187459,0.0,1,2025-10-24 16:00:00
CHRW,C.H. Robinson,126.8612,6.75206514837423,0.0,1,2025-10-24 18:00:00
CHRW,C.H. Robinson,126.912,6.752981600180298,0.0,1,2025-10-24 20:00:00
CHRW,C.H. Robinson,126.7204,6.743509504768327,0.0,1,2025-10-24 22:00:00
CHRW,C.H. Robinson,126.853,6.762421298196396,0.0,1,2025-10-25 00:00:00
CHTR,Charter Communications,236.459,8.679900169372559,0.006200000061653,2,2025-10-24 02:00:00
CHTR,Charter Communications,231.9493,8.6009775388456,0.006241002499158475,2,2025-10-24 04:00:00
CHTR,Charter Communications,232.6595,8.627033670923218,0.00620586640783087,2,2025-10-24 06:00:00
CHTR,Charter Communications,236.4676,8.563309723264993,0.006231842478306244,2,2025-10-24 08:00:00
CHTR,Charter Communications,240.6077,8.561657501899399,0.006215767631904743,2,2025-10-24 10:00:00
CHTR,Charter Communications,239.9163,8.518328529525721,0.006200325421520634,2,2025-10-24 12:00:00
CHTR,Charter Communications,234.5206,8.56293597843993,0.0062320479749323155,2,2025-10-24 14:00:00
CHTR,Charter Communications,233.8011,8.567884926525899,0.006225929629072001,2,2025-10-24 16:00:00
CHTR,Charter Communications,233.4094,8.613870382497879,0.006203237758955131,2,2025-10-24 18:00:00
CHTR,Charter Communications,234.4857,8.65316933295284,0.006209474177516834,2,2025-10-24 20:00:00
CHTR,Charter Communications,236.9088,8.62762248089795,0.006150059913480487,2,2025-10-24 22:00:00
CHTR,Charter Communications,237.8353,8.58596870735269,0.006121264582345182,2,2025-10-25 00:00:00
CI,Cigna,306.1835,-0.31819999217987,12.053899765014648,2,2025-10-24 02:00:00
CI,Cigna,311.7188,-0.32115702985401395,12.101692591528732,2,2025-10-24 04:00:00
CI,Cigna,312.1853,-0.3184167883994008,12.133822204482566,2,2025-10-24 06:00:00
CI,Cigna,310.7476,-0.31529039589894114,12.167553905281654,2,2025-10-24 08:00:00
CI,Cigna,309.0766,-0.3177846386860836,12.099350463553655,2,2025-10-24 10:00:00
CI,Cigna,309.3704,-0.31530733486250384,12.160897650943637,2,2025-10-24 12:00:00
CI,Cigna,310.4597,-0.3148931595621229,12.131931711052877,2,2025-10-24 14:00:00
CI,Cigna,308.5612,-0.3133755405195486,12.037862137135987,2,2025-10-24 16:00:00
CI,Cigna,309.6234,-0.31495764857912745,12.058104003413186,2,2025-10-24 18:00:00
CI,Cigna,310.9337,-0.3179617727716364,12.158952250757006,2,2025-10-24 20:00:00
CI,Cigna,310.8771,-0.32026785197269236,12.231151512434185,2,2025-10-24 22:00:00
CI,Cigna,309.6916,-0.3221048628373162,12.234588011128585,2,2025-10-25 00:00:00
CINF,Cincinnati Financial,160.8686,-0.763000026345253,11.710200309753418,2,2025-10-24 02:00:00
CINF,Cincinnati Financial,161.9348,-0.7640079999136705,11.80193373420987,2,2025-10-24 04:00:00
CINF,Cincinnati Financial,161.2362,-0.761512828949025,11.763656689920936,2,2025-10-24 06:00:00
CINF,Cincinnati Financial,159.9593,-0.7658144181861225,11.7743044655205,2,2025-10-24 08:00:00
CINF,Cincinnati Financial,159.796,-0.7605908506120475,11.835737553698404,2,2025-10-24 10:00:00
CINF,Cincinnati Financial,160.1517,-0.7667720366113647,11.807720763159558,2,2025-10-24 12:00:00
CINF,Cincinnati Financial,160.8689,-0.7660543608856315,11.701457826444935,2,2025-10-24 14:00:00
CINF,Cincinnati Financial,160.9581,-0.7690715771329943,11.7255315065804,2,2025-10-24 16:00:00
CINF,Cincinnati Financial,160.568,-0.7675407080747293,11.757110606922687,2,2025-10-24 18:00:00
CINF,Cincinnati Financial,160.4417,-0.7665570948971691,11.712968093650662,2,2025-10-24 20:00:00
CINF,Cincinnati Financial,160.2931,-0.7688820903567588,11.69593690163714,2,2025-10-24 22:00:00
CINF,Cincinnati Financial,160.3759,-0.7638638216646364,11.737564981452714,2,2025-10-25 00:00:00
CL,Colgate-Palmolive,84.2379,0.161000005900859,0.0,1,2025-10-24 02:00:00
CL,Colgate-Palmolive,86.6781,0.16042021121805375,0.0,1,2025-10-24 04:00:00
CL,Colgate-Palmolive,85.839,0.1598251068648783,0.0,1,2025-10-24 06:00:00
CL,Colgate-Palmolive,85.2292,0.1582805128432658,0.0,1,2025-10-24 08:00:00
CL,Colgate-Palmolive,85.3293,0.1580100844058177,0.0,1,2025-10-24 10:00:00
CL,Colgate-Palmolive,85.556,0.15746194290474685,0.0,1,2025-10-24 12:00:00
CL,Colgate-Palmolive,85.3585,0.1562758564246671,0.0,1,2025-10-24 14:00:00
CL,Colgate-Palmolive,85.2083,0.1558248337356514,0.0,1,2025-10-24 16:00:00
CL,Colgate-Palmolive,85.3458,0.1551564526915798,0.0,1,2025-10-24 18:00:00
CL,Colgate-Palmolive,85.4196,0.15502267806162534,0.0,1,2025-10-24 20:00:00
CL,Colgate-Palmolive,85.3556,0.15523516918484723,0.0,1,2025-10-24 22:00:00
CL,Colgate-Palmolive,85.3064,0.1537017913169408,0.0,1,2025-10-25 00:00:00
CLX,Clorox,124.7333,0.23369999602436997,0.0,1,2025-10-24 02:00:00
CLX,Clorox,128.712,0.23307769673765735,0.0,1,2025-10-24 04:00:00
CLX,Clorox,127.5652,0.23320318597037712,0.0,1,2025-10-24 06:00:00
CLX,Clorox,125.0103,0.23107201432987245,0.0,1,2025-10-24 08:00:00
CLX,Clorox,124.9025,0.23204248187903123,0.0,1,2025-10-24 10:00:00
CLX,Clorox,125.3239,0.23105736231876328,0.0,1,2025-10-24 12:00:00
CLX,Clorox,125.6282,0.2302459399189773,0.0,1,2025-10-24 14:00:00
CLX,Clorox,125.5787,0.2295756720192429,0.0,1,2025-10-24 16:00:00
CLX,Clorox,125.4044,0.22891108745457972,0.0,1,2025-10-24 18:00:00
CLX,Clorox,125.3462,0.22822418653097173,0.0,1,2025-10-24 20:00:00
CLX,Clorox,125.3409,0.2296454313857932,0.0,1,2025-10-24 22:00:00
CLX,Clorox,125.3724,0.23091441494309264,0.0,1,2025-10-25 00:00:00
CMCSA,Comcast,32.9112,0.38049999624490705,6.778600215911865,19,2025-10-24 02:00:00
CMCSA,Comcast,34.3943,0.3797412777707376,6.727927202914696,19,2025-10-24 04:00:00
CMCSA,Comcast,33.9669,0.37908691045734044,6.708778226854213,19,2025-10-24 06:00:00
CMCSA,Comcast,33.4437,0.3760844316030821,6.69429973314752,19,2025-10-24 08:00:00
CMCSA,Comcast,33.3722,0.37663761731994827,6.638145676640619,19,2025-10-24 10:00:00
CMCSA,Comcast,33.2232,0.374751490033025,6.647057769056437,19,2025-10-24 12:00:00
CMCSA,Comcast,33.2264,0.3730350214621547,6.691325778963163,19,2025-10-24 14:00:00
CMCSA,Comcast,33.2435,0.3723026418655623,6.754782208541708,19,2025-10-24 16:00:00
CMCSA,Comcast,33.317,0.36889375299670957,6.820900745209951,19,2025-10-24 18:00:00
CMCSA,Comcast,33.3515,0.37112413704540165,6.810675632749115,19,2025-10-24 20:00:00
CMCSA,Comcast,33.2506,0.3690479381906617,6.8734402310029346,19,2025-10-24 22:00:00
CMCSA,Comcast,33.2284,0.37206779105545107,6.885050105538963,19,2025-10-25 00:00:00
CME,CME Group,283.5354,-6.586499810218811,4.2831000685691825,4,2025-10-24 02:00:00
CME,CME Group,289.2559,-6.55998078688673,4.268682283114994,4,2025-10-24 04:00:00
CME,CME Group,286.8858,-6.548799102486622,4.231452262557204,4,2025-10-24 06:00:00
CME,CME Group,284.1243,-6.538662896873377,4.200290060454699,4,2025-10-24 08:00:00
CME,CME Group,285.9391,-6.474561104024423,4.188190640324373,4,2025-10-24 10:00:00
CME,CME Group,285.9313,-6.466671998094583,4.195413525915573,4,2025-10-24 12:00:00
CME,CME Group,286.2354,-6.47806198078532,4.2076681108726355,4,2025-10-24 14:00:00
CME,CME Group,286.64,-6.462940901722405,4.20757238333971,4,2025-10-24 16:00:00
CME,CME Group,284.7561,-6.488114916148897,4.235653997172572,4,2025-10-24 18:00:00
CME,CME Group,284.6603,-6.474559593762058,4.215539629340462,4,2025-10-24 20:00:00
CME,CME Group,284.3338,-6.508660437763824,4.219818198353851,4,2025-10-24 22:00:00
CME,CME Group,285.9308,-6.459927572795628,4.231995702072938,4,2025-10-25 00:00:00
CMG,Chipotle Mexican Grill,45.5088,2.261199951171875,3.930299878120422,14,2025-10-24 02:00:00
CMG,Chipotle Mexican Grill,48.0848,2.238725028001725,3.9688108482214197,14,2025-10-24 04:00:00
CMG,Chipotle Mexican Grill,47.7994,2.2562826693499045,3.9781836469658454,14,2025-10-24 06:00:00
CMG,Chipotle Mexican Grill,46.2698,2.2353266283402213,3.993952644063187,14,2025-10-24 08:00:00
CMG,Chipotle Mexican Grill,46.2113,2.2277750097384508,4.0337412058286235,14,2025-10-24 10:00:00
CMG,Chipotle Mexican Grill,46.5333,2.2396284523319716,4.032323471655612,14,2025-10-24 12:00:00
CMG,Chipotle Mexican Grill,46.7201,2.2441728023828835,4.063595200178392,14,2025-10-24 14:00:00
CMG,Chipotle Mexican Grill,46.6537,2.241417808096191,4.036992317540533,14,2025-10-24 16:00:00
CMG,Chipotle Mexican Grill,46.6385,2.2565224529810033,4.02935187089233,14,2025-10-24 18:00:00
CMG,Chipotle Mexican Grill,46.6603,2.2762394193858118,4.024273633311271,14,2025-10-24 20:00:00
CMG,Chipotle Mexican Grill,46.5353,2.285656500533535,4.022858677697542,14,2025-10-24 22:00:00
CMG,Chipotle Mexican Grill,46.4404,2.2928433161292614,4.016638017590394,14,2025-10-25 00:00:00
CMI,Cummins,433.2262,8.191900253295898,0.0,1,2025-10-24 02:00:00
CMI,Cummins,435.6185,8.134758412864848,0.0,1,2025-10-24 04:00:00
CMI,Cummins,432.5583,8.12289070570939,0.0,1,2025-10-24 06:00:00
CMI,Cummins,430.5913,8.074587718823478,0.0,1,2025-10-24 08:00:00
CMI,Cummins,430.9839,8.117889594412809,0.0,1,2025-10-24 10:00:00
CMI,Cummins,431.2813,8.064248898359317,0.0,1,2025-10-24 12:00:00
CMI,Cummins,431.2774,8.102726792997496,0.0,1,2025-10-24 14:00:00
CMI,Cummins,431.018,8.039873279060998,0.0,1,2025-10-24 16:00:00
CMI,Cummins,429.389,8.058969008338268,0.0,1,2025-10-24 18:00:00
CMI,Cummins,429.2159,8.049451548223868,0.0,1,2025-10-24 20:00:00
CMI,Cummins,431.2263,8.127968207058082,0.0,1,2025-10-24 22:00:00
CMI,Cummins,432.7055,8.090050561703029,0.0,1,2025-10-25 00:00:00
CMS,CMS Energy,75.1965,8.788400292396545,0.0,1,2025-10-24 02:00:00
CMS,CMS Energy,75.3345,8.712442260735957,0.0,1,2025-10-24 04:00:00
CMS,CMS Energy,75.3434,8.74782620722435,0.0,1,2025-10-24 06:00:00
CMS,CMS Energy,75.2792,8.796762199406253,0.0,1,2025-10-24 08:00:00
CMS,CMS Energy,75.1961,8.75572449257336,0.0,1,2025-10-24 10:00:00
CMS,CMS Energy,75.2352,8.806034972812023,0.0,1,2025-10-24 12:00:00
CMS,CMS Energy,75.2352,8.818892473637495,0.0,1,2025-10-24 14:00:00
CMS,CMS Energy,75.2363,8.841341364601114,0.0,1,2025-10-24 16:00:00
CMS,CMS Energy,75.3235,8.810544092402665,0.0,1,2025-10-24 18:00:00
CMS,CMS Energy,75.3373,8.881480850412323,0.0,1,2025-10-24 20:00:00
CMS,CMS Energy,75.2072,8.869937446913568,0.0,1,2025-10-24 22:00:00
CMS,CMS Energy,75.1961,8.81305016063712,0.0,1,2025-10-25 00:00:00
CNC,Centene Corporation,31.8452,9.10610020160675,0.0,1,2025-10-24 02:00:00
CNC,Centene Corporation,32.1873,9.086639885952088,0.0,1,2025-10-24 04:00:00
CNC,Centene Corporation,33.119,9.164273493420751,0.0,1,2025-10-24 06:00:00
CNC,Centene Corporation,34.3435,9.215218681526327,0.0,1,2025-10-24 08:00:00
CNC,Centene Corporation,34.8012,9.237498567132455,0.0,1,2025-10-24 10:00:00
CNC,Centene Corporation,32.5398,9.242473402826825,0.0,1,2025-10-24 12:00:00
CNC,Centene Corporation,32.1623,9.156902490180963,0.0,1,2025-10-24 14:00:00
CNC,Centene Corporation,31.258,9.129024256629977,0.0,1,2025-10-24 16:00:00
CNC,Centene Corporation,31.5974,9.205722068705933,0.0,1,2025-10-24 18:00:00
CNC,Centene Corporation,33.1191,9.134605163977568,0.0,1,2025-10-24 20:00:00
CNC,Centene Corporation,35.9748,9.191716179771403,0.0,1,2025-10-24 22:00:00
CNC,Centene Corporation,37.4867,9.11630826377491,0.0,1,2025-10-25 00:00:00
CNP,CenterPoint Energy,37.6649,0.513800010085105,0.0,1,2025-10-24 02:00:00
CNP,CenterPoint Energy,36.5499,0.5095308984193332,0.0,1,2025-10-24 04:00:00
CNP,CenterPoint Energy,36.6234,0.5105484165170111,0.0,1,2025-10-24 06:00:00
CNP,CenterPoint Energy,37.6207,0.5139405537962116,0.0,1,2025-10-24 08:00:00
CNP,CenterPoint Energy,37.5862,0.5179054980474634,0.0,1,2025-10-24 10:00:00
CNP,CenterPoint Energy,37.5849,0.5157048525933492,0.0,1,2025-10-24 12:00:00
CNP,CenterPoint Energy,37.6582,0.5146468980091969,0.0,1,2025-10-24 14:00:00
CNP,CenterPoint Energy,37.6629,0.5103243102679493,0.0,1,2025-10-24 16:00:00
CNP,CenterPoint Energy,37.577,0.5077530871619181,0.0,1,2025-10-24 18:00:00
CNP,CenterPoint Energy,37.584,0.5094847464762848,0.0,1,2025-10-24 20:00:00
CNP,CenterPoint Energy,37.6572,0.510221026304937,0.0,1,2025-10-24 22:00:00
CNP,CenterPoint Energy,37.6679,0.5149429453549208,0.0,1,2025-10-25 00:00:00
COF,Capital One,235.2172,1.083900034427642,10.187900066375732,2,2025-10-24 02:00:00
COF,Capital One,237.435,1.0850774967167736,10.095098334013278,2,2025-10-24 04:00:00
COF,Capital One,237.1914,1.0787540151617658,10.187699255773119,2,2025-10-24 06:00:00
COF,Capital One,232.8642,1.073015807778124,10.087067591529859,2,2025-10-24 08:00:00
COF,Capital One,231.0977,1.0702500982816099,10.166084099401191,2,2025-10-24 10:00:00
COF,Capital One,234.2486,1.0758198630411089,10.246058481673137,2,2025-10-24 12:00:00
COF,Capital One,237.3303,1.0681867744433309,10.330573026675687,2,2025-10-24 14:00:00
COF,Capital One,235.6467,1.07326216505313,10.37996631411065,2,2025-10-24 16:00:00
COF,Capital One,233.7342,1.069010176894149,10.4220514425368,2,2025-10-24 18:00:00
COF,Capital One,233.6861,1.0789054265145877,10.394076965680721,2,2025-10-24 20:00:00
COF,Capital One,232.5202,1.0855220268095453,10.476840477751916,2,2025-10-24 22:00:00
COF,Capital One,233.5519,1.0792280809887431,10.433445571456053,2,2025-10-25 00:00:00
COIN,Coinbase,368.5416,2.5551998615264893,6.664599776268005,14,2025-10-24 02:00:00
COIN,Coinbase,363.1375,2.538823679744791,6.662097019581573,14,2025-10-24 04:00:00
COIN,Coinbase,355.0918,2.542340322943121,6.645012578685401,14,2025-10-24 06:00:00
COIN,Coinbase,351.4919,2.5421183761636463,6.685581995424172,14,2025-10-24 08:00:00
COIN,Coinbase,358.8751,2.534620633362853,6.6783012801192445,14,2025-10-24 10:00:00
COIN,Coinbase,365.6065,2.529224203100438,6.671547482139864,14,2025-10-24 12:00:00
COIN,Coinbase,366.4098,2.5130304247449162,6.63927012463745,14,2025-10-24 14:00:00
COIN,Coinbase,360.0392,2.5120203976561735,6.599306926562849,14,2025-10-24 16:00:00
COIN,Coinbase,351.8614,2.4907938790994626,6.566440276419742,14,2025-10-24 18:00:00
COIN,Coinbase,350.9251,2.508313247731284,6.599549644691161,14,2025-10-24 20:00:00
COIN,Coinbase,360.4162,2.4907336557109803,6.559494213013191,14,2025-10-24 22:00:00
COIN,Coinbase,363.8385,2.501426479779565,6.549941838222824,14,2025-10-25 00:00:00
COO,Cooper Companies (The),75.7124,-8.349800109863281,0.0,1,2025-10-24 02:00:00
COO,Cooper Companies (The),78.2423,-8.392223120812593,0.0,1,2025-10-24 04:00:00
COO,Cooper Companies (The),79.0262,-8.424339347577256,0.0,1,2025-10-24 06:00:00
COO,Cooper Companies (The),78.4484,-8.360229409216396,0.0,1,2025-10-24 08:00:00
COO,Cooper Companies (The),77.6816,-8.345738999239062,0.0,1,2025-10-24 10:00:00
COO,Cooper Companies (The),77.5637,-8.397672272096104,0.0,1,2025-10-24 12:00:00
COO,Cooper Companies (The),77.909,-8.37664978869814,0.0,1,2025-10-24 14:00:00
COO,Cooper Companies (The),78.1732,-8.452374929645632,0.0,1,2025-10-24 16:00:00
COO,Cooper Companies (The),78.2744,-8.388889009818095,0.0,1,2025-10-24 18:00:00
COO,Cooper Companies (The),78.2764,-8.408469513643698,0.0,1,2025-10-24 20:00:00
COO,Cooper Companies (The),77.9626,-8.439900125344542,0.0,1,2025-10-24 22:00:00
COO,Cooper Companies (The),77.8402,-8.357198965470591,0.0,1,2025-10-25 00:00:00
COP,ConocoPhillips,90.0421,4.511100053787231,6.035500168800354,2,2025-10-24 02:00:00
COP,ConocoPhillips,92.3552,4.4974831089132925,5.982694989714989,2,2025-10-24 04:00:00
COP,ConocoPhillips,92.8384,4.482014943898419,6.007032854564757,2,2025-10-24 06:00:00
COP,ConocoPhillips,91.866,4.504343483634275,5.97989000220291,2,2025-10-24 08:00:00
COP,ConocoPhillips,91.3492,4.541252291746966,6.01880790500311,2,2025-10-24 10:00:00
COP,ConocoPhillips,91.4631,4.541429850946757,6.056817844089929,2,2025-10-24 12:00:00
COP,ConocoPhillips,91.2432,4.5452275337883465,6.065377582535925,2,2025-10-24 14:00:00
COP,ConocoPhillips,91.341,4.5700158858486715,6.033567413055856,2,2025-10-24 16:00:00
COP,ConocoPhillips,92.1,4.615511554177896,6.010843261586414,2,2025-10-24 18:00:00
COP,ConocoPhillips,92.3918,4.578793454082681,6.040978136790435,2,2025-10-24 20:00:00
COP,ConocoPhillips,91.6978,4.544931216924638,6.0854773614317,2,2025-10-24 22:00:00
COP,ConocoPhillips,91.3322,4.507116854474399,6.143540357630083,2,2025-10-25 00:00:00
COR,Cencora,301.052,8.98859977722168,0.0,1,2025-10-24 02:00:00
COR,Cencora,287.9424,8.946774400395826,0.0,1,2025-10-24 04:00:00
COR,Cencora,288.5905,8.9362500664777,0.0,1,2025-10-24 06:00:00
COR,Cencora,295.7542,8.977398214470883,0.0,1,2025-10-24 08:00:00
COR,Cencora,299.5889,9.064161815119215,0.0,1,2025-10-24 10:00:00
COR,Cencora,298.5474,9.044526949305759,0.0,1,2025-10-24 12:00:00
COR,Cencora,295.557,9.121313367472847,0.0,1,2025-10-24 14:00:00
COR,Cencora,294.0313,9.041756915678954,0.0,1,2025-10-24 16:00:00
COR,Cencora,294.6008,9.070892342529822,0.0,1,2025-10-24 18:00:00
COR,Cencora,294.4352,9.124702809592423,0.0,1,2025-10-24 20:00:00
COR,Cencora,295.402,9.161329648158661,0.0,1,2025-10-24 22:00:00
COR,Cencora,295.523,9.20233491750517,0.0,1,2025-10-25 00:00:00
COST,Costco,951.2159,-8.209499716758728,0.0,1,2025-10-24 02:00:00
COST,Costco,963.6058,-8.14056744654781,0.0,1,2025-10-24 04:00:00
COST,Costco,962.9263,-8.134636282374496,0.0,1,2025-10-24 06:00:00
COST,Costco,953.9738,-8.178844975057556,0.0,1,2025-10-24 08:00:00
COST,Costco,951.4687,-8.248134139687497,0.0,1,2025-10-24 10:00:00
COST,Costco,953.333,-8.328014692011816,0.0,1,2025-10-24 12:00:00
COST,Costco,951.8099,-8.32406631949819,0.0,1,2025-10-24 14:00:00
COST,Costco,952.8037,-8.266030773534986,0.0,1,2025-10-24 16:00:00
COST,Costco,954.8851,-8.326272761107479,0.0,1,2025-10-24 18:00:00
COST,Costco,954.5133,-8.319024097199037,0.0,1,2025-10-24 20:00:00
COST,Costco,951.809,-8.32830473431532,0.0,1,2025-10-24 22:00:00
COST,Costco,953.0723,-8.398867396015875,0.0,1,2025-10-25 00:00:00
CPAY,Corpay,303.1966,9.031999707221983,0.0,1,2025-10-24 02:00:00
CPAY,Corpay,312.7271,9.010972671786073,0.0,1,2025-10-24 04:00:00
CPAY,Corpay,310.6128,9.032154578229632,0.0,1,2025-10-24 06:00:00
CPAY,Corpay,306.1897,9.051656590378625,0.0,1,2025-10-24 08:00:00
CPAY,Corpay,305.0154,8.97716939072818,0.0,1,2025-10-24 10:00:00
CPAY,Corpay,306.6604,9.00092369648761,0.0,1,2025-10-24 12:00:00
CPAY,Corpay,307.6169,9.006824670394549,0.0,1,2025-10-24 14:00:00
CPAY,Corpay,307.9371,9.058627575948364,0.0,1,2025-10-24 16:00:00
CPAY,Corpay,307.5516,8.990426384693519,0.0,1,2025-10-24 18:00:00
CPAY,Corpay,307.4371,9.01624504854023,0.0,1,2025-10-24 20:00:00
CPAY,Corpay,307.0075,9.05264319659756,0.0,1,2025-10-24 22:00:00
CPAY,Corpay,306.6502,9.104797781901725,0.0,1,2025-10-25 00:00:00
CPB,Campbell's Company (The),34.2829,7.321400046348572,0.566099993884563,2,2025-10-24 02:00:00
CPB,Campbell's Company (The),36.3386,7.334341020777427,0.5627767073467865,2,2025-10-24 04:00:00
CPB,Campbell's Company (The),35.9214,7.405288951648943,0.56054011475,2,2025-10-24 06:00:00
CPB,Campbell's Company (The),34.8846,7.400512778615515,0.5624239008767656,2,2025-10-24 08:00:00
CPB,Campbell's Company (The),34.7731,7.372612558983296,0.5621219936760145,2,2025-10-24 10:00:00
CPB,Campbell's Company (The),34.9185,7.400411068928937,0.5586769193911181,2,2025-10-24 12:00:00
CPB,Campbell's Company (The),34.8605,7.3440912340570925,0.5571291014874853,2,2025-10-24 14:00:00
CPB,Campbell's Company (The),34.7753,7.400437514500031,0.5573042741054799,2,2025-10-24 16:00:00
CPB,Campbell's Company (The),34.9134,7.410771062863367,0.5549146180344982,2,2025-10-24 18:00:00
CPB,Campbell's Company (The),34.9685,7.477849175761457,0.5509993174385861,2,2025-10-24 20:00:00
CPB,Campbell's Company (The),34.8571,7.427413342358943,0.5560920869444405,2,2025-10-24 22:00:00
CPB,Campbell's Company (The),34.7961,7.433117221958328,0.5603981210916154,2,2025-10-25 00:00:00
CPRT,Copart,46.641,4.496299922466278,6.324800252914429,2,2025-10-24 02:00:00
CPRT,Copart,47.5689,4.535246913807409,6.362328602577472,2,2025-10-24 04:00:00
CPRT,Copart,47.4078,4.571620016474708,6.338933236934549,2,2025-10-24 06:00:00
CPRT,Copart,47.0333,4.5563533744467755,6.367397590168691,2,2025-10-24 08:00:00
CPRT,Copart,46.9792,4.575054695356876,6.373609153226538,2,2025-10-24 10:00:00
CPRT,Copart,46.9101,4.60361216122225,6.3766482242070985,2,2025-10-24 12:00:00
CPRT,Copart,47.0576,4.56884887512365,6.359302448912342,2,2025-10-24 14:00:00
CPRT,Copart,47.1004,4.545040121640242,6.354061150834366,2,2025-10-24 16:00:00
CPRT,Copart,47.0987,4.5808173637136305,6.330555946863742,2,2025-10-24 18:00:00
CPRT,Copart,47.0567,4.61680642434902,6.33595354424544,2,2025-10-24 20:00:00
CPRT,Copart,47.0681,4.59467850128045,6.299009145304174,2,2025-10-24 22:00:00
CPRT,Copart,46.9397,4.5804306217985165,6.245741691179971,2,2025-10-25 00:00:00
CPT,Camden Property Trust,110.041,3.2251000000000003,7.611400000000001,17,2025-10-24 02:00:00
CPT,Camden Property Trust,112.3094,3.228017034564091,7.677771208501949,17,2025-10-24 04:00:00
CPT,Camden Property Trust,112.0536,3.2394820173139376,7.6531414927583485,17,2025-10-24 06:00:00
CPT,Camden Property Trust,111.156,3.222628465652229,7.707176420928444,17,2025-10-24 08:00:00
CPT,Camden Property Trust,111.2503,3.2428417258502007,7.656803396440999,17,2025-10-24 10:00:00
CPT,Camden Property Trust,111.4889,3.21363236001059,7.689935079753623,17,2025-10-24 12:00:00
CPT,Camden Property Trust,111.5059,3.234994001545922,7.688281175091596,17,2025-10-24 14:00:00
CPT,Camden Property Trust,111.2687,3.2112731614491374,7.676107828230313,17,2025-10-24 16:00:00
CPT,Camden Property Trust,111.3446,3.181493397847138,7.629828100733527,17,2025-10-24 18:00:00
CPT,Camden Property Trust,111.4351,3.199510196092805,7.670837918840773,17,2025-10-24 20:00:00
CPT,Camden Property Trust,111.5107,3.1974720279415916,7.660822683361492,17,2025-10-24 22:00:00
CPT,Camden Property Trust,111.2835,3.176391919841593,7.703540671249737,17,2025-10-25 00:00:00
CRL,Charles River Laboratories,184.713,9.12980020046234,0.0,1,2025-10-24 02:00:00
CRL,Charles River Laboratories,175.2904,9.173738911408739,0.0,1,2025-10-24 04:00:00
CRL,Charles River Laboratories,176.2578,9.11285522353592,0.0,1,2025-10-24 06:00:00
CRL,Charles River Laboratories,180.0314,9.119466668370748,0.0,1,2025-10-24 08:00:00
CRL,Charles River Laboratories,181.2292,9.08061881850848,0.0,1,2025-10-24 10:00:00
CRL,Charles River Laboratories,182.3274,9.022363400561877,0.0,1,2025-10-24 12:00:00
CRL,Charles River Laboratories,182.1524,9.007727683047342,0.0,1,2025-10-24 14:00:00
CRL,Charles River Laboratories,179.2236,9.059962295093852,0.0,1,2025-10-24 16:00:00
CRL,Charles River Laboratories,177.7124,9.08959436863326,0.0,1,2025-10-24 18:00:00
CRL,Charles River Laboratories,179.1929,9.084193137733521,0.0,1,2025-10-24 20:00:00
CRL,Charles River Laboratories,182.3424,9.138270194640464,0.0,1,2025-10-24 22:00:00
CRL,Charles River Laboratories,183.3327,9.096488388580244,0.0,1,2025-10-25 00:00:00
CRM,Salesforce,255.7193,5.7576000690460205,3.9809000492095947,5,2025-10-24 02:00:00
CRM,Salesforce,257.9381,5.714055410655833,4.006866645653202,5,2025-10-24 04:00:00
CRM,Salesforce,259.0856,5.673629128268438,3.9745608321308743,5,2025-10-24 06:00:00
CRM,Salesforce,256.8475,5.6659039362335335,3.9651261993648603,5,2025-10-24 08:00:00
CRM,Salesforce,256.1922,5.619090806674507,3.967023320589031,5,2025-10-24 10:00:00
CRM,Salesforce,256.0179,5.566688949533048,4.004937080552428,5,2025-10-24 12:00:00
CRM,Salesforce,255.7965,5.595850272471342,3.985555265889279,5,2025-10-24 14:00:00
CRM,Salesforce,255.598,5.647317224708036,3.998578981278086,5,2025-10-24 16:00:00
CRM,Salesforce,257.2098,5.607948393192369,3.978608159020354,5,2025-10-24 18:00:00
CRM,Salesforce,258.5159,5.566069977410588,3.971643589918369,5,2025-10-24 20:00:00
CRM,Salesforce,256.7997,5.616170308331375,3.994220522641545,5,2025-10-24 22:00:00
CRM,Salesforce,255.8362,5.59522598592133,4.012113462373576,5,2025-10-25 00:00:00
CRWD,CrowdStrike,505.26,5.542200207710266,4.949400126934051,8,2025-10-24 02:00:00
CRWD,CrowdStrike,481.2066,5.506601198554296,4.904768770694934,8,2025-10-24 04:00:00
CRWD,CrowdStrike,477.994,5.548842819168373,4.909683356942779,8,2025-10-24 06:00:00
CRWD,CrowdStrike,494.4134,5.514096852622019,4.869104544273197,8,2025-10-24 08:00:00
CRWD,CrowdStrike,501.106,5.528869451727958,4.882274503394237,8,2025-10-24 10:00:00
CRWD,CrowdStrike,504.1,5.549648489555331,4.884756819892454,8,2025-10-24 12:00:00
CRWD,CrowdStrike,503.3187,5.538602325003729,4.865013916998561,8,2025-10-24 14:00:00
CRWD,CrowdStrike,501.8953,5.4854865101743,4.827099296157663,8,2025-10-24 16:00:00
CRWD,CrowdStrike,502.7499,5.455470317111944,4.822265839234735,8,2025-10-24 18:00:00
CRWD,CrowdStrike,502.7981,5.41201243206344,4.794245453500277,8,2025-10-24 20:00:00
CRWD,CrowdStrike,501.8754,5.409452700188955,4.792270793688978,8,2025-10-24 22:00:00
CRWD,CrowdStrike,502.353,5.430974555056495,4.837483602743309,8,2025-10-25 00:00:00
CSCO,Cisco,72.1891,0.579300001263618,7.789199948310852,3,2025-10-24 02:00:00
CSCO,Cisco,73.0635,0.5779434044226702,7.848769882526838,3,2025-10-24 04:00:00
CSCO,Cisco,72.9981,0.5757506308709258,7.820929921201774,3,2025-10-24 06:00:00
CSCO,Cisco,72.1701,0.574926840253712,7.839652325848497,3,2025-10-24 08:00:00
CSCO,Cisco,72.4578,0.5783557829619951,7.790688077846148,3,2025-10-24 10:00:00
CSCO,Cisco,72.4007,0.5765175448081269,7.778799165796354,3,2025-10-24 12:00:00
CSCO,Cisco,72.1389,0.57116307873996,7.732760783984507,3,2025-10-24 14:00:00
CSCO,Cisco,72.1007,0.5739418933176375,7.8036005745127985,3,2025-10-24 16:00:00
CSCO,Cisco,72.7724,0.576092451932163,7.798436846368918,3,2025-10-24 18:00:00
CSCO,Cisco,73.1604,0.576722553123299,7.842964667794061,3,2025-10-24 20:00:00
CSCO,Cisco,72.4555,0.5726536077766553,7.804627951932348,3,2025-10-24 22:00:00
CSCO,Cisco,72.5061,0.5770537484434461,7.865101135087888,3,2025-10-25 00:00:00
CSGP,CoStar Group,78.8917,8.444600105285645,0.0,1,2025-10-24 02:00:00
CSGP,CoStar Group,79.1024,8.481932200938287,0.0,1,2025-10-24 04:00:00
CSGP,CoStar Group,78.8371,8.486764186906568,0.0,1,2025-10-24 06:00:00
CSGP,CoStar Group,78.8064,8.56548709585206,0.0,1,2025-10-24 08:00:00
CSGP,CoStar Group,78.8254,8.558874151458555,0.0,1,2025-10-24 10:00:00
CSGP,CoStar Group,78.929,8.576364202306378,0.0,1,2025-10-24 12:00:00
CSGP,CoStar Group,78.8832,8.566023765516665,0.0,1,2025-10-24 14:00:00
CSGP,CoStar Group,78.8888,8.62887808606571,0.0,1,2025-10-24 16:00:00
CSGP,CoStar Group,78.8467,8.596554142422391,0.0,1,2025-10-24 18:00:00
CSGP,CoStar Group,78.7913,8.566472731494397,0.0,1,2025-10-24 20:00:00
CSGP,CoStar Group,78.8744,8.607864237688926,0.0,1,2025-10-24 22:00:00
CSGP,CoStar Group,78.9033,8.68105816883757,0.0,1,2025-10-25 00:00:00
CSX,CSX Corporation,35.3127,8.76259982585907,0.0,1,2025-10-24 02:00:00
CSX,CSX Corporation,34.8078,8.762211490085402,0.0,1,2025-10-24 04:00:00
CSX,CSX Corporation,35.0026,8.812385089531086,0.0,1,2025-10-24 06:00:00
CSX,CSX Corporation,35.1811,8.822070532017111,0.0,1,2025-10-24 08:00:00
CSX,CSX Corporation,35.0952,8.89942088034822,0.0,1,2025-10-24 10:00:00
CSX,CSX Corporation,35.0682,8.955821549702517,0.0,1,2025-10-24 12:00:00
CSX,CSX Corporation,35.2487,8.89860484663849,0.0,1,2025-10-24 14:00:00
CSX,CSX Corporation,35.1685,8.84388345020782,0.0,1,2025-10-24 16:00:00
CSX,CSX Corporation,35.235,8.842239229226234,0.0,1,2025-10-24 18:00:00
CSX,CSX Corporation,35.2759,8.84457502310177,0.0,1,2025-10-24 20:00:00
CSX,CSX Corporation,35.142,8.768248835685505,0.0,1,2025-10-24 22:00:00
CSX,CSX Corporation,35.0643,8.70953426449388,0.0,1,2025-10-25 00:00:00
CTAS,Cintas,202.6235,0.07869999855756701,0.0,1,2025-10-24 02:00:00
CTAS,Cintas,211.0959,0.07872194174172735,0.0,1,2025-10-24 04:00:00
CTAS,Cintas,211.0709,0.07801040161864707,0.0,1,2025-10-24 06:00:00
CTAS,Cintas,207.4336,0.07836801385143723,0.0,1,2025-10-24 08:00:00
CTAS,Cintas,204.8722,0.07784593732497498,0.0,1,2025-10-24 10:00:00
CTAS,Cintas,205.7608,0.07724588240869595,0.0,1,2025-10-24 12:00:00
CTAS,Cintas,206.7546,0.07759103203390759,0.0,1,2025-10-24 14:00:00
CTAS,Cintas,206.6546,0.07800536757970479,0.0,1,2025-10-24 16:00:00
CTAS,Cintas,206.7895,0.07789065831764282,0.0,1,2025-10-24 18:00:00
CTAS,Cintas,206.8095,0.07832398652233767,0.0,1,2025-10-24 20:00:00
CTAS,Cintas,206.5862,0.07772738429931247,0.0,1,2025-10-24 22:00:00
CTAS,Cintas,206.447,0.07706576092650036,0.0,1,2025-10-25 00:00:00
CTRA,Coterra,23.6983,0.26750000193714996,0.0,1,2025-10-24 02:00:00
CTRA,Coterra,23.8563,0.2670940790413857,0.0,1,2025-10-24 04:00:00
CTRA,Coterra,23.848,0.26829076498687704,0.0,1,2025-10-24 06:00:00
CTRA,Coterra,23.7506,0.26654300727559743,0.0,1,2025-10-24 08:00:00
CTRA,Coterra,23.7153,0.2654471309131647,0.0,1,2025-10-24 10:00:00
CTRA,Coterra,23.727,0.26582185735282066,0.0,1,2025-10-24 12:00:00
CTRA,Coterra,23.7439,0.2667692723555188,0.0,1,2025-10-24 14:00:00
CTRA,Coterra,23.7423,0.26768420458996434,0.0,1,2025-10-24 16:00:00
CTRA,Coterra,23.8306,0.26622729205565093,0.0,1,2025-10-24 18:00:00
CTRA,Coterra,23.8437,0.26746262589773323,0.0,1,2025-10-24 20:00:00
CTRA,Coterra,23.7637,0.2698301012487908,0.0,1,2025-10-24 22:00:00
CTRA,Coterra,23.7165,0.2717022390719755,0.0,1,2025-10-25 00:00:00
CTSH,Cognizant,70.5604,8.318700194358826,0.566800013184547,2,2025-10-24 02:00:00
CTSH,Cognizant,71.9295,8.280137791039294,0.564595899693301,2,2025-10-24 04:00:00
CTSH,Cognizant,71.6262,8.296328238621541,0.5635449487182614,2,2025-10-24 06:00:00
CTSH,Cognizant,71.3738,8.285466707788645,0.5654823191839197,2,2025-10-24 08:00:00
CTSH,Cognizant,71.2804,8.353773136391396,0.567934878139572,2,2025-10-24 10:00:00
CTSH,Cognizant,71.4041,8.311629668694007,0.5684319997043069,2,2025-10-24 12:00:00
CTSH,Cognizant,71.7836,8.295256957580179,0.5720729974463351,2,2025-10-24 14:00:00
CTSH,Cognizant,71.6346,8.305636867638606,0.5741491365919749,2,2025-10-24 16:00:00
CTSH,Cognizant,71.7904,8.384168317761088,0.5717071593428104,2,2025-10-24 18:00:00
CTSH,Cognizant,71.9403,8.317636789250576,0.5680750351896988,2,2025-10-24 20:00:00
CTSH,Cognizant,71.5825,8.372278717475869,0.5624462407068445,2,2025-10-24 22:00:00
CTSH,Cognizant,71.2737,8.404049490578139,0.5675132425827729,2,2025-10-25 00:00:00
CTVA,Corteva,70.651,8.544999957084656,0.0,1,2025-10-24 02:00:00
CTVA,Corteva,72.5963,8.54807510786088,0.0,1,2025-10-24 04:00:00
CTVA,Corteva,72.235,8.58168086038245,0.0,1,2025-10-24 06:00:00
CTVA,Corteva,71.5126,8.52983408609089,0.0,1,2025-10-24 08:00:00
CTVA,Corteva,71.5343,8.513254628265694,0.0,1,2025-10-24 10:00:00
CTVA,Corteva,71.7735,8.482234119122241,0.0,1,2025-10-24 12:00:00
CTVA,Corteva,71.786,8.514445092810083,0.0,1,2025-10-24 14:00:00
CTVA,Corteva,71.7018,8.541329158010093,0.0,1,2025-10-24 16:00:00
CTVA,Corteva,71.8043,8.457338200363125,0.0,1,2025-10-24 18:00:00
CTVA,Corteva,71.8609,8.52101284669735,0.0,1,2025-10-24 20:00:00
CTVA,Corteva,71.7761,8.468616547587123,0.0,1,2025-10-24 22:00:00
CTVA,Corteva,71.71,8.494177177422067,0.0,1,2025-10-25 00:00:00
CVS,CVS Health,77.6368,-2.165499925613403,5.864599943161011,9,2025-10-24 02:00:00
CVS,CVS Health,74.3765,-2.1868378725200404,5.915762761243858,9,2025-10-24 04:00:00
CVS,CVS Health,74.2622,-2.1741939343215257,5.936900588214946,9,2025-10-24 06:00:00
CVS,CVS Health,75.8167,-2.1899031887880622,5.921385534478491,9,2025-10-24 08:00:00
CVS,CVS Health,76.6156,-2.1890198974702764,5.932126939897722,9,2025-10-24 10:00:00
CVS,CVS Health,76.9935,-2.172323462504015,5.9561272742365645,9,2025-10-24 12:00:00
CVS,CVS Health,76.7613,-2.1708732960768584,5.982396313585854,9,2025-10-24 14:00:00
CVS,CVS Health,76.5521,-2.1746271362870297,5.925746817713381,9,2025-10-24 16:00:00
CVS,CVS Health,76.8423,-2.180141185050368,5.928376903403888,9,2025-10-24 18:00:00
CVS,CVS Health,76.869,-2.1941427178803985,5.905241682287862,9,2025-10-24 20:00:00
CVS,CVS Health,76.9407,-2.2132761480732195,5.949579982855051,9,2025-10-24 22:00:00
CVS,CVS Health,76.9069,-2.214176416357294,6.004568058278634,9,2025-10-25 00:00:00
CVX,Chevron Corporation,151.6361,9.143099784851074,0.0,1,2025-10-24 02:00:00
CVX,Chevron Corporation,151.1904,9.109750023750326,0.0,1,2025-10-24 04:00:00
CVX,Chevron Corporation,151.8044,9.041899704550373,0.0,1,2025-10-24 06:00:00
CVX,Chevron Corporation,151.1706,9.034658847163136,0.0,1,2025-10-24 08:00:00
CVX,Chevron Corporation,151.6292,9.122237972295958,0.0,1,2025-10-24 10:00:00
CVX,Chevron Corporation,151.9905,9.064835303314895,0.0,1,2025-10-24 12:00:00
CVX,Chevron Corporation,151.4727,8.987568479653428,0.0,1,2025-10-24 14:00:00
CVX,Chevron Corporation,151.2998,9.070481632642604,0.0,1,2025-10-24 16:00:00
CVX,Chevron Corporation,151.6094,9.104608672783797,0.0,1,2025-10-24 18:00:00
CVX,Chevron Corporation,151.9197,9.081259991942307,0.0,1,2025-10-24 20:00:00
CVX,Chevron Corporation,150.9474,9.033373918736178,0.0,1,2025-10-24 22:00:00
CVX,Chevron Corporation,151.538,9.062306690742732,0.0,1,2025-10-25 00:00:00
D,Dominion Energy,60.9474,6.091399788856506,5.0370001792907715,3,2025-10-24 02:00:00
D,Dominion Energy,60.7754,6.135533382572414,5.0676701965237765,3,2025-10-24 04:00:00
D,Dominion Energy,60.7505,6.083271484074673,5.046180990230858,3,2025-10-24 06:00:00
D,Dominion Energy,60.6868,6.130265891110944,5.062501949714993,3,2025-10-24 08:00:00
D,Dominion Energy,60.6638,6.126456496439334,5.063311489622123,3,2025-10-24 10:00:00
D,Dominion Energy,60.7002,6.150920464571463,5.021845731045984,3,2025-10-24 12:00:00
D,Dominion Energy,60.688,6.162031139123612,4.974661560001947,3,2025-10-24 14:00:00
D,Dominion Energy,60.6946,6.130987469740258,5.003334506781473,3,2025-10-24 16:00:00
D,Dominion Energy,60.7807,6.149232283779266,4.968362641252676,3,2025-10-24 18:00:00
D,Dominion Energy,60.9311,6.159631363540488,4.929153817676179,3,2025-10-24 20:00:00
D,Dominion Energy,60.8574,6.185464490074422,4.975483413057603,3,2025-10-24 22:00:00
D,Dominion Energy,60.6644,6.205996968671293,5.003004142087228,3,2025-10-25 00:00:00
DAL,Delta Air Lines,62.4078,-1.88409999012947,2.260899990797042,2,2025-10-24 02:00:00
DAL,Delta Air Lines,63.0491,-1.90190280726517,2.2592599425383115,2,2025-10-24 04:00:00
DAL,Delta Air Lines,63.4358,-1.9100916736752,2.240538994993823,2,2025-10-24 06:00:00
DAL,Delta Air Lines,62.7749,-1.919937304908239,2.2288882640873497,2,2025-10-24 08:00:00
DAL,Delta Air Lines,62.3487,-1.9276617110576821,2.2083907289923794,2,2025-10-24 10:00:00
DAL,Delta Air Lines,62.2919,-1.9295620370157196,2.1930245083966935,2,2025-10-24 12:00:00
DAL,Delta Air Lines,62.5626,-1.9215900472177685,2.173579465371562,2,2025-10-24 14:00:00
DAL,Delta Air Lines,62.7328,-1.9394431356803876,2.1724581680432475,2,2025-10-24 16:00:00
DAL,Delta Air Lines,63.1205,-1.956065964708651,2.1830505595708574,2,2025-10-24 18:00:00
DAL,Delta Air Lines,63.2632,-1.9526903886881195,2.1941801436105948,2,2025-10-24 20:00:00
DAL,Delta Air Lines,62.8178,-1.9550391066561634,2.198183066795286,2,2025-10-24 22:00:00
DAL,Delta Air Lines,62.461,-1.9483307614730787,2.181420392454151,2,2025-10-25 00:00:00
DASH,DoorDash,292.7975,0.7653000205755229,10.47569990158081,2,2025-10-24 02:00:00
DASH,DoorDash,299.9951,0.7589142658973865,10.379105282774828,2,2025-10-24 04:00:00
DASH,DoorDash,297.0904,0.7637885804669343,10.44935733200198,2,2025-10-24 06:00:00
DASH,DoorDash,292.8671,0.7702461058064816,10.45817013317853,2,2025-10-24 08:00:00
DASH,DoorDash,294.9145,0.7752796626725696,10.532310160753763,2,2025-10-24 10:00:00
DASH,DoorDash,303.6565,0.7736452547087229,10.523791887606796,2,2025-10-24 12:00:00
DASH,DoorDash,299.183,0.7734001165409236,10.516307988964737,2,2025-10-24 14:00:00
DASH,DoorDash,288.5403,0.7683838059201011,10.44311050914683,2,2025-10-24 16:00:00
DASH,DoorDash,282.1102,0.7692450080969583,10.525174328726742,2,2025-10-24 18:00:00
DASH,DoorDash,283.3834,0.7741475564065251,10.565834634962602,2,2025-10-24 20:00:00
DASH,DoorDash,295.5281,0.7784770015702334,10.622047775844297,2,2025-10-24 22:00:00
DASH,DoorDash,302.3603,0.7764543029406596,10.573707638097174,2,2025-10-25 00:00:00
DAY,Dayforce,68.2434,8.856599926948547,0.0,1,2025-10-24 02:00:00
DAY,Dayforce,68.2651,8.790793157541334,0.0,1,2025-10-24 04:00:00
DAY,Dayforce,68.3167,8.819971537499432,0.0,1,2025-10-24 06:00:00
DAY,Dayforce,67.4431,8.862778347075544,0.0,1,2025-10-24 08:00:00
DAY,Dayforce,67.4534,8.893741773529367,0.0,1,2025-10-24 10:00:00
DAY,Dayforce,67.9923,8.90865524168709,0.0,1,2025-10-24 12:00:00
DAY,Dayforce,68.4272,8.983240619518984,0.0,1,2025-10-24 14:00:00
DAY,Dayforce,68.2979,9.047576319227073,0.0,1,2025-10-24 16:00:00
DAY,Dayforce,68.1027,9.135256184272205,0.0,1,2025-10-24 18:00:00
DAY,Dayforce,68.0932,9.187161600988148,0.0,1,2025-10-24 20:00:00
DAY,Dayforce,67.4185,9.253780755646599,0.0,1,2025-10-24 22:00:00
DAY,Dayforce,67.6412,9.197567839771924,0.0,1,2025-10-25 00:00:00
DD,DuPont,80.2565,8.700900077819824,0.247699990868568,2,2025-10-24 02:00:00
DD,DuPont,80.1434,8.69435727398758,0.24798083973447985,2,2025-10-24 04:00:00
DD,DuPont,80.4389,8.689615613308337,0.25029030102018246,2,2025-10-24 06:00:00
DD,DuPont,80.4148,8.771694075449437,0.25120277426743653,2,2025-10-24 08:00:00
DD,DuPont,80.3658,8.772674965016282,0.24928385076862244,2,2025-10-24 10:00:00
DD,DuPont,80.3829,8.818111609317182,0.24997529330456728,2,2025-10-24 12:00:00
DD,DuPont,80.3649,8.76168868718558,0.24799354640502758,2,2025-10-24 14:00:00
DD,DuPont,80.3773,8.801068647030466,0.2470982254450512,2,2025-10-24 16:00:00
DD,DuPont,80.4465,8.727929246219341,0.24565432996063227,2,2025-10-24 18:00:00
DD,DuPont,80.4696,8.664769641409341,0.24588514456584298,2,2025-10-24 20:00:00
DD,DuPont,80.3741,8.600620233453323,0.24360556659641583,2,2025-10-24 22:00:00
DD,DuPont,80.3764,8.601426556577032,0.24180903253307184,2,2025-10-25 00:00:00
DDOG,Datadog,151.1851,8.700500130653381,0.0,1,2025-10-24 02:00:00
DDOG,Datadog,148.8936,8.675071381701256,0.0,1,2025-10-24 04:00:00
DDOG,Datadog,149.5373,8.597564844090346,0.0,1,2025-10-24 06:00:00
DDOG,Datadog,150.6927,8.680868169561093,0.0,1,2025-10-24 08:00:00
DDOG,Datadog,150.9788,8.612163603736859,0.0,1,2025-10-24 10:00:00
DDOG,Datadog,151.4867,8.582356767846209,0.0,1,2025-10-24 12:00:00
DDOG,Datadog,150.8402,8.655078533266124,0.0,1,2025-10-24 14:00:00
DDOG,Datadog,149.8184,8.68014113237897,0.0,1,2025-10-24 16:00:00
DDOG,Datadog,150.2237,8.685702298830375,0.0,1,2025-10-24 18:00:00
DDOG,Datadog,151.3267,8.659363752186174,0.0,1,2025-10-24 20:00:00
DDOG,Datadog,150.8091,8.606750444651302,0.0,1,2025-10-24 22:00:00
DDOG,Datadog,150.0591,8.635627331106608,0.0,1,2025-10-25 00:00:00
DE,Deere & Company,480.1813,8.914200067520142,0.0,1,2025-10-24 02:00:00
DE,Deere & Company,482.7546,8.98525244415775,0.0,1,2025-10-24 04:00:00
DE,Deere & Company,480.2327,8.971800773126263,0.0,1,2025-10-24 06:00:00
DE,Deere & Company,479.9462,9.055893903113734,0.0,1,2025-10-24 08:00:00
DE,Deere & Company,481.0138,9.090191563458108,0.0,1,2025-10-24 10:00:00
DE,Deere & Company,481.6006,9.094463750656981,0.0,1,2025-10-24 12:00:00
DE,Deere & Company,481.9584,9.177596378368564,0.0,1,2025-10-24 14:00:00
DE,Deere & Company,481.9602,9.146642758356794,0.0,1,2025-10-24 16:00:00
DE,Deere & Company,480.6905,9.16208227995072,0.0,1,2025-10-24 18:00:00
DE,Deere & Company,480.3318,9.228052122897166,0.0,1,2025-10-24 20:00:00
DE,Deere & Company,479.9801,9.261187806477897,0.0,1,2025-10-24 22:00:00
DE,Deere & Company,481.1652,9.244564728922315,0.0,1,2025-10-25 00:00:00
DECK,Deckers Brands,86.4508,-2.231000065803527,3.436299860477447,2,2025-10-24 02:00:00
DECK,Deckers Brands,89.1594,-2.2250764045779805,3.46313296419182,2,2025-10-24 04:00:00
DECK,Deckers Brands,92.1986,-2.242214333919846,3.4576064245035103,2,2025-10-24 06:00:00
DECK,Deckers Brands,92.7072,-2.255476328411593,3.4835419497510682,2,2025-10-24 08:00:00
DECK,Deckers Brands,89.4567,-2.2605849285489454,3.4963867654922067,2,2025-10-24 10:00:00
DECK,Deckers Brands,87.7994,-2.268611591552316,3.4823901625780325,2,2025-10-24 12:00:00
DECK,Deckers Brands,88.9125,-2.2882027033959464,3.4706974045612533,2,2025-10-24 14:00:00
DECK,Deckers Brands,90.4231,-2.308406932062923,3.450747111638308,2,2025-10-24 16:00:00
DECK,Deckers Brands,91.0868,-2.32900108951957,3.4751835953468486,2,2025-10-24 18:00:00
DECK,Deckers Brands,89.9365,-2.3282683886449167,3.486692271544217,2,2025-10-24 20:00:00
DECK,Deckers Brands,89.2525,-2.34047701036326,3.4736630460584097,2,2025-10-24 22:00:00
DECK,Deckers Brands,87.8131,-2.324747547153627,3.4390163662383233,2,2025-10-25 00:00:00
DELL,Dell Technologies,159.8424,8.698300123214722,0.30939999967813403,3,2025-10-24 02:00:00
DELL,Dell Technologies,160.7498,8.778595758413761,0.3070969891260509,3,2025-10-24 04:00:00
DELL,Dell Technologies,159.965,8.749129487433985,0.3075900697066292,3,2025-10-24 06:00:00
DELL,Dell Technologies,160.0222,8.780622228826546,0.30666985477157455,3,2025-10-24 08:00:00
DELL,Dell Technologies,160.2435,8.819722744031006,0.30898796371974485,3,2025-10-24 10:00:00
DELL,Dell Technologies,160.9325,8.89010989143137,0.30645972795908794,3,2025-10-24 12:00:00
DELL,Dell Technologies,161.0217,8.807877234093839,0.3076479336831688,3,2025-10-24 14:00:00
DELL,Dell Technologies,160.3003,8.785397529519766,0.3083624402731011,3,2025-10-24 16:00:00
DELL,Dell Technologies,159.7833,8.80770322063937,0.30769184875427236,3,2025-10-24 18:00:00
DELL,Dell Technologies,160.0479,8.722333441742045,0.3095389303149265,3,2025-10-24 20:00:00
DELL,Dell Technologies,159.9161,8.681700507057664,0.3101685856455908,3,2025-10-24 22:00:00
DELL,Dell Technologies,159.2789,8.63387511277022,0.31285634238569027,3,2025-10-25 00:00:00
DG,Dollar General,104.5063,-7.885500192642212,0.0,1,2025-10-24 02:00:00
DG,Dollar General,106.9412,-7.894124771150639,0.0,1,2025-10-24 04:00:00
DG,Dollar General,107.0932,-7.908533270288523,0.0,1,2025-10-24 06:00:00
DG,Dollar General,106.5238,-7.978193363186443,0.0,1,2025-10-24 08:00:00
DG,Dollar General,105.9561,-7.910398087874557,0.0,1,2025-10-24 10:00:00
DG,Dollar General,105.724,-7.958216646499913,0.0,1,2025-10-24 12:00:00
DG,Dollar General,106.0326,-7.899180158152215,0.0,1,2025-10-24 14:00:00
DG,Dollar General,106.3559,-7.855622561012469,0.0,1,2025-10-24 16:00:00
DG,Dollar General,106.2736,-7.810575709952322,0.0,1,2025-10-24 18:00:00
DG,Dollar General,106.0044,-7.755276833338395,0.0,1,2025-10-24 20:00:00
DG,Dollar General,106.0131,-7.76571985329321,0.0,1,2025-10-24 22:00:00
DG,Dollar General,106.1887,-7.737944099337388,0.0,1,2025-10-25 00:00:00
DGX,Quest Diagnostics,185.6942,-2.172800004482269,7.821499705314636,4,2025-10-24 02:00:00
DGX,Quest Diagnostics,188.5816,-2.171681399042507,7.792542422237487,4,2025-10-24 04:00:00
DGX,Quest Diagnostics,188.2423,-2.150406293445089,7.768637420657312,4,2025-10-24 06:00:00
DGX,Quest Diagnostics,187.9768,-2.164328997985292,7.840399632007043,4,2025-10-24 08:00:00
DGX,Quest Diagnostics,186.7049,-2.153010881254513,7.861769396386271,4,2025-10-24 10:00:00
DGX,Quest Diagnostics,185.9706,-2.149323082994433,7.79737483162899,4,2025-10-24 12:00:00
DGX,Quest Diagnostics,186.6387,-2.1437987124959705,7.847417638181824,4,2025-10-24 14:00:00
DGX,Quest Diagnostics,187.0424,-2.138075921668209,7.801728982241629,4,2025-10-24 16:00:00
DGX,Quest Diagnostics,188.0442,-2.15167968842233,7.786407241254198,4,2025-10-24 18:00:00
DGX,Quest Diagnostics,188.2492,-2.1313876756240755,7.738602339853929,4,2025-10-24 20:00:00
DGX,Quest Diagnostics,188.3065,-2.150153742490613,7.811768480650581,4,2025-10-24 22:00:00
DGX,Quest Diagnostics,186.8393,-2.155766992874786,7.851404138478533,4,2025-10-25 00:00:00
DHI,D. R. Horton,165.6128,2.775099873542785,4.193699955940246,7,2025-10-24 02:00:00
DHI,D. R. Horton,168.8395,2.767945934086756,4.220734774146168,7,2025-10-24 04:00:00
DHI,D. R. Horton,168.4378,2.7842127127381757,4.2112852870786845,7,2025-10-24 06:00:00
DHI,D. R. Horton,167.122,2.787248713677229,4.176204731780768,7,2025-10-24 08:00:00
DHI,D. R. Horton,166.7969,2.7933410645698835,4.1980522282225445,7,2025-10-24 10:00:00
DHI,D. R. Horton,167.0823,2.78942155778803,4.200283787154974,7,2025-10-24 12:00:00
DHI,D. R. Horton,167.4521,2.796075942115188,4.187339765377401,7,2025-10-24 14:00:00
DHI,D. R. Horton,167.4389,2.8059592478223863,4.204813072798712,7,2025-10-24 16:00:00
DHI,D. R. Horton,167.1179,2.7988657525688714,4.193398847184141,7,2025-10-24 18:00:00
DHI,D. R. Horton,167.124,2.8000247763358734,4.193782727510705,7,2025-10-24 20:00:00
DHI,D. R. Horton,167.2311,2.787167106289404,4.213659934521669,7,2025-10-24 22:00:00
DHI,D. R. Horton,167.2201,2.7744678444000415,4.175857748960982,7,2025-10-25 00:00:00
DHR,Danaher Corporation,227.0018,-4.058600068092346,0.0,1,2025-10-24 02:00:00
DHR,Danaher Corporation,229.5423,-4.040264431253812,0.0,1,2025-10-24 04:00:00
DHR,Danaher Corporation,229.4736,-4.07556091104957,0.0,1,2025-10-24 06:00:00
DHR,Danaher Corporation,228.3513,-4.082189530100473,0.0,1,2025-10-24 08:00:00
DHR,Danaher Corporation,227.8698,-4.074410698785917,0.0,1,2025-10-24 10:00:00
DHR,Danaher Corporation,228.1268,-4.045259388522364,0.0,1,2025-10-24 12:00:00
DHR,Danaher Corporation,228.5003,-4.048088668119329,0.0,1,2025-10-24 14:00:00
DHR,Danaher Corporation,228.4772,-4.06570101888282,0.0,1,2025-10-24 16:00:00
DHR,Danaher Corporation,228.4762,-4.0873518962329625,0.0,1,2025-10-24 18:00:00
DHR,Danaher Corporation,228.4385,-4.0756123252510825,0.0,1,2025-10-24 20:00:00
DHR,Danaher Corporation,228.2776,-4.079323706865885,0.0,1,2025-10-24 22:00:00
DHR,Danaher Corporation,228.3078,-4.083879192156905,0.0,1,2025-10-25 00:00:00
DIS,Walt Disney Company (The),109.7856,4.435499906539917,3.612200021743774,2,2025-10-24 02:00:00
DIS,Walt Disney Company (The),108.7576,4.46370476407868,3.621000052574683,2,2025-10-24 04:00:00
DIS,Walt Disney Company (The),109.2153,4.47219627558955,3.640803728210344,2,2025-10-24 06:00:00
DIS,Walt Disney Company (The),109.9285,4.452644452802064,3.623209246126994,2,2025-10-24 08:00:00
DIS,Walt Disney Company (The),110.0646,4.47886175272043,3.6345782998546095,2,2025-10-24 10:00:00
DIS,Walt Disney Company (The),109.817,4.474716702625052,3.6669203913245303,2,2025-10-24 12:00:00
DIS,Walt Disney Company (The),109.5723,4.478008860032114,3.658309135175826,2,2025-10-24 14:00:00
DIS,Walt Disney Company (The),109.5932,4.484098834479052,3.669473612550594,2,2025-10-24 16:00:00
DIS,Walt Disney Company (The),109.5853,4.512293033297013,3.6439807075878163,2,2025-10-24 18:00:00
DIS,Walt Disney Company (The),109.571,4.510367451638214,3.631567458928461,2,2025-10-24 20:00:00
DIS,Walt Disney Company (The),109.6732,4.512502797769136,3.6337878207583763,2,2025-10-24 22:00:00
DIS,Walt Disney Company (The),109.8105,4.516610373790551,3.622575924863606,2,2025-10-25 00:00:00
DLR,Digital Realty,180.9889,-2.534300088882446,8.64359974861145,3,2025-10-24 02:00:00
DLR,Digital Realty,180.9342,-2.524113425051171,8.614414674648534,3,2025-10-24 04:00:00
DLR,Digital Realty,180.4603,-2.5111118171668694,8.689486183243684,3,2025-10-24 06:00:00
DLR,Digital Realty,180.5831,-2.503801964462405,8.67043785690386,3,2025-10-24 08:00:00
DLR,Digital Realty,181.1271,-2.5261249235861203,8.752023992161783,3,2025-10-24 10:00:00
DLR,Digital Realty,181.1126,-2.5184985471639227,8.685060532145519,3,2025-10-24 12:00:00
DLR,Digital Realty,180.7097,-2.4979172928608717,8.713309246688745,3,2025-10-24 14:00:00
DLR,Digital Realty,180.5627,-2.473756330650558,8.759823561423133,3,2025-10-24 16:00:00
DLR,Digital Realty,180.6503,-2.4966027360026444,8.677311193584185,3,2025-10-24 18:00:00
DLR,Digital Realty,180.7266,-2.520560618618784,8.756285229374843,3,2025-10-24 20:00:00
DLR,Digital Realty,181.106,-2.526343016622106,8.696605504142122,3,2025-10-24 22:00:00
DLR,Digital Realty,180.7632,-2.509703262531079,8.736908314118464,3,2025-10-25 00:00:00
DLTR,Dollar Tree,98.4482,7.992600202560425,0.0,1,2025-10-24 02:00:00
DLTR,Dollar Tree,99.7842,8.04429570883851,0.0,1,2025-10-24 04:00:00
DLTR,Dollar Tree,101.511,8.05697839878177,0.0,1,2025-10-24 06:00:00
DLTR,Dollar Tree,102.1231,8.086596767174164,0.0,1,2025-10-24 08:00:00
DLTR,Dollar Tree,101.3599,8.096207686178726,0.0,1,2025-10-24 10:00:00
DLTR,Dollar Tree,100.5214,8.114184246863797,0.0,1,2025-10-24 12:00:00
DLTR,Dollar Tree,100.244,8.07037279672208,0.0,1,2025-10-24 14:00:00
DLTR,Dollar Tree,100.1735,8.044043390222667,0.0,1,2025-10-24 16:00:00
DLTR,Dollar Tree,100.3932,8.06792736614672,0.0,1,2025-10-24 18:00:00
DLTR,Dollar Tree,100.6457,8.00109201985945,0.0,1,2025-10-24 20:00:00
DLTR,Dollar Tree,100.822,8.06513344862711,0.0,1,2025-10-24 22:00:00
DLTR,Dollar Tree,100.4817,8.092423026646706,0.0,1,2025-10-25 00:00:00
DOC,Healthpeak Properties,19.1905,-8.827499747276306,0.529600009322166,2,2025-10-24 02:00:00
DOC,Healthpeak Properties,19.2269,-8.866883385858985,0.532339634063751,2,2025-10-24 04:00:00
DOC,Healthpeak Properties,19.3168,-8.826267468684353,0.5287855052302931,2,2025-10-24 06:00:00
DOC,Healthpeak Properties,19.3174,-8.83211141320383,0.5266311579096274,2,2025-10-24 08:00:00
DOC,Healthpeak Properties,19.2886,-8.856207004428397,0.5305571771983121,2,2025-10-24 10:00:00
DOC,Healthpeak Properties,19.2774,-8.800875468787687,0.5288403626273692,2,2025-10-24 12:00:00
DOC,Healthpeak Properties,19.2746,-8.750873911358982,0.532974236377353,2,2025-10-24 14:00:00
DOC,Healthpeak Properties,19.2888,-8.688404467084546,0.5313487198465445,2,2025-10-24 16:00:00
DOC,Healthpeak Properties,19.3063,-8.75627545780711,0.5313346343447535,2,2025-10-24 18:00:00
DOC,Healthpeak Properties,19.306,-8.698652139074985,0.5305803739022271,2,2025-10-24 20:00:00
DOC,Healthpeak Properties,19.2879,-8.656524659061501,0.5278847765643598,2,2025-10-24 22:00:00
DOC,Healthpeak Properties,19.2806,-8.61419528199161,0.5324737618113872,2,2025-10-25 00:00:00
DOV,Dover Corporation,181.8866,-4.649600088596344,6.36929988861084,2,2025-10-24 02:00:00
DOV,Dover Corporation,186.3828,-4.679276574063714,6.3915470520851745,2,2025-10-24 04:00:00
DOV,Dover Corporation,186.629,-4.679739073603693,6.438706933301657,2,2025-10-24 06:00:00
DOV,Dover Corporation,185.2612,-4.714514157832753,6.4215065056032445,2,2025-10-24 08:00:00
DOV,Dover Corporation,184.6024,-4.683424494990735,6.459283605174832,2,2025-10-24 10:00:00
DOV,Dover Corporation,184.8063,-4.702542646526508,6.448300731613603,2,2025-10-24 12:00:00
DOV,Dover Corporation,185.0598,-4.680504976155685,6.444141905667715,2,2025-10-24 14:00:00
DOV,Dover Corporation,185.0658,-4.719881064963878,6.40325286059619,2,2025-10-24 16:00:00
DOV,Dover Corporation,185.131,-4.735196077490073,6.4571609237997825,2,2025-10-24 18:00:00
DOV,Dover Corporation,185.3142,-4.739987591193074,6.432049838439962,2,2025-10-24 20:00:00
DOV,Dover Corporation,185.0381,-4.7295084979323985,6.427074611451071,2,2025-10-24 22:00:00
DOV,Dover Corporation,184.9734,-4.765198791216618,6.381970216525884,2,2025-10-25 00:00:00
DOW,Dow Inc.,23.8984,1.885599941015243,7.117199897766113,4,2025-10-24 02:00:00
DOW,Dow Inc.,24.1975,1.871960025456488,7.148470344895909,4,2025-10-24 04:00:00
DOW,Dow Inc.,24.7852,1.8752060325949973,7.077610123905494,4,2025-10-24 06:00:00
DOW,Dow Inc.,24.8942,1.8779511147535521,7.094852394119316,4,2025-10-24 08:00:00
DOW,Dow Inc.,23.1993,1.8808694981280376,7.03004947031656,4,2025-10-24 10:00:00
DOW,Dow Inc.,23.9771,1.8920211043212332,7.077075130572394,4,2025-10-24 12:00:00
DOW,Dow Inc.,25.4397,1.8871708312878055,7.054990218983754,4,2025-10-24 14:00:00
DOW,Dow Inc.,26.2407,1.886818141250773,7.020924223456258,4,2025-10-24 16:00:00
DOW,Dow Inc.,26.1877,1.8998833649289495,7.087277062251822,4,2025-10-24 18:00:00
DOW,Dow Inc.,23.9273,1.9085289175872135,7.063979494980761,4,2025-10-24 20:00:00
DOW,Dow Inc.,23.6467,1.9075972105282604,7.017333715037586,4,2025-10-24 22:00:00
DOW,Dow Inc.,23.4033,1.919989504835628,7.046784789258229,4,2025-10-25 00:00:00
DPZ,Domino's,422.7754,8.960400223731995,0.0,1,2025-10-24 02:00:00
DPZ,Domino's,425.4181,8.8825671520586,0.0,1,2025-10-24 04:00:00
DPZ,Domino's,423.7448,8.931368669520776,0.0,1,2025-10-24 06:00:00
DPZ,Domino's,423.1394,8.993001105864003,0.0,1,2025-10-24 08:00:00
DPZ,Domino's,423.0603,8.91293112761683,0.0,1,2025-10-24 10:00:00
DPZ,Domino's,423.702,8.917264643691986,0.0,1,2025-10-24 12:00:00
DPZ,Domino's,423.7861,8.923537863453802,0.0,1,2025-10-24 14:00:00
DPZ,Domino's,423.4218,8.86639463490869,0.0,1,2025-10-24 16:00:00
DPZ,Domino's,423.0487,8.80752288264529,0.0,1,2025-10-24 18:00:00
DPZ,Domino's,423.1459,8.850861948302018,0.0,1,2025-10-24 20:00:00
DPZ,Domino's,423.787,8.826778230579741,0.0,1,2025-10-24 22:00:00
DPZ,Domino's,423.4921,8.88143993607878,0.0,1,2025-10-25 00:00:00
DRI,Darden Restaurants,187.5913,4.063299894332886,0.0,1,2025-10-24 02:00:00
DRI,Darden Restaurants,188.2864,4.041778661743281,0.0,1,2025-10-24 04:00:00
DRI,Darden Restaurants,187.9074,4.00472071787322,0.0,1,2025-10-24 06:00:00
DRI,Darden Restaurants,188.151,3.9874037870956784,0.0,1,2025-10-24 08:00:00
DRI,Darden Restaurants,188.1615,3.9599311555866845,0.0,1,2025-10-24 10:00:00
DRI,Darden Restaurants,188.3111,3.9856112365956657,0.0,1,2025-10-24 12:00:00
DRI,Darden Restaurants,188.1383,3.9683941795079507,0.0,1,2025-10-24 14:00:00
DRI,Darden Restaurants,188.2045,3.9783679865148898,0.0,1,2025-10-24 16:00:00
DRI,Darden Restaurants,187.5441,4.012044681883561,0.0,1,2025-10-24 18:00:00
DRI,Darden Restaurants,187.5371,3.9960140701779556,0.0,1,2025-10-24 20:00:00
DRI,Darden Restaurants,188.1631,4.0020569300221815,0.0,1,2025-10-24 22:00:00
DRI,Darden Restaurants,188.2884,4.005481376559097,0.0,1,2025-10-25 00:00:00
DTE,DTE Energy,139.4614,8.793399930000305,0.0,1,2025-10-24 02:00:00
DTE,DTE Energy,138.3287,8.841254044692908,0.0,1,2025-10-24 04:00:00
DTE,DTE Energy,138.8483,8.9254136378874,0.0,1,2025-10-24 06:00:00
DTE,DTE Energy,139.1092,8.849967493843426,0.0,1,2025-10-24 08:00:00
DTE,DTE Energy,139.1022,8.869732110167194,0.0,1,2025-10-24 10:00:00
DTE,DTE Energy,139.0086,8.911456856930082,0.0,1,2025-10-24 12:00:00
DTE,DTE Energy,139.0964,8.934978291380439,0.0,1,2025-10-24 14:00:00
DTE,DTE Energy,139.1203,8.991558303138955,0.0,1,2025-10-24 16:00:00
DTE,DTE Energy,139.2295,8.98230020046621,0.0,1,2025-10-24 18:00:00
DTE,DTE Energy,139.178,9.016129385747627,0.0,1,2025-10-24 20:00:00
DTE,DTE Energy,139.0974,8.937853331666506,0.0,1,2025-10-24 22:00:00
DTE,DTE Energy,139.0964,8.960320446111082,0.0,1,2025-10-25 00:00:00
DUK,Duke Energy,125.4486,9.107699990272522,0.0,1,2025-10-24 02:00:00
DUK,Duke Energy,124.4861,9.124313246804329,0.0,1,2025-10-24 04:00:00
DUK,Duke Energy,124.9894,9.176834970607763,0.0,1,2025-10-24 06:00:00
DUK,Duke Energy,125.705,9.168264917713303,0.0,1,2025-10-24 08:00:00
DUK,Duke Energy,125.899,9.221388336795702,0.0,1,2025-10-24 10:00:00
DUK,Duke Energy,125.6297,9.294575329739681,0.0,1,2025-10-24 12:00:00
DUK,Duke Energy,125.1655,9.23962676692445,0.0,1,2025-10-24 14:00:00
DUK,Duke Energy,125.0554,9.288377623388453,0.0,1,2025-10-24 16:00:00
DUK,Duke Energy,125.3366,9.261065886631423,0.0,1,2025-10-24 18:00:00
DUK,Duke Energy,125.6874,9.16908402275386,0.0,1,2025-10-24 20:00:00
DUK,Duke Energy,125.69,9.251972622345486,0.0,1,2025-10-24 22:00:00
DUK,Duke Energy,125.3189,9.25420299127864,0.0,1,2025-10-25 00:00:00
DVA,DaVita,133.9274,8.641600012779236,0.0,1,2025-10-24 02:00:00
DVA,DaVita,136.5967,8.659238546935015,0.0,1,2025-10-24 04:00:00
DVA,DaVita,136.213,8.624085862406364,0.0,1,2025-10-24 06:00:00
DVA,DaVita,135.1673,8.632958273408548,0.0,1,2025-10-24 08:00:00
DVA,DaVita,135.1565,8.680279790595755,0.0,1,2025-10-24 10:00:00
DVA,DaVita,135.1807,8.713876623535079,0.0,1,2025-10-24 12:00:00
DVA,DaVita,135.224,8.765498681718205,0.0,1,2025-10-24 14:00:00
DVA,DaVita,135.2434,8.695755893059467,0.0,1,2025-10-24 16:00:00
DVA,DaVita,135.8228,8.611885791819832,0.0,1,2025-10-24 18:00:00
DVA,DaVita,135.7311,8.614093394415493,0.0,1,2025-10-24 20:00:00
DVA,DaVita,135.2772,8.697649081371809,0.0,1,2025-10-24 22:00:00
DVA,DaVita,134.941,8.724702651731352,0.0,1,2025-10-25 00:00:00
DVN,Devon Energy,33.6743,7.101799845695496,0.0,1,2025-10-24 02:00:00
DVN,Devon Energy,34.4016,7.15545032243358,0.0,1,2025-10-24 04:00:00
DVN,Devon Energy,34.5401,7.2179739700048415,0.0,1,2025-10-24 06:00:00
DVN,Devon Energy,33.9646,7.222522410852444,0.0,1,2025-10-24 08:00:00
DVN,Devon Energy,34.191,7.229605800648449,0.0,1,2025-10-24 10:00:00
DVN,Devon Energy,34.2098,7.188172113356582,0.0,1,2025-10-24 12:00:00
DVN,Devon Energy,34.0683,7.184362039514898,0.0,1,2025-10-24 14:00:00
DVN,Devon Energy,33.8337,7.197867754449916,0.0,1,2025-10-24 16:00:00
DVN,Devon Energy,34.0173,7.2200074530937295,0.0,1,2025-10-24 18:00:00
DVN,Devon Energy,34.3399,7.188397303312532,0.0,1,2025-10-24 20:00:00
DVN,Devon Energy,34.199,7.204299316763283,0.0,1,2025-10-24 22:00:00
DVN,Devon Energy,33.9869,7.161160491825901,0.0,1,2025-10-25 00:00:00
DXCM,Dexcom,69.5748,8.545500040054321,0.578299984335899,2,2025-10-24 02:00:00
DXCM,Dexcom,69.0978,8.570245321634985,0.5725257712617118,2,2025-10-24 04:00:00
DXCM,Dexcom,69.1833,8.615699971270386,0.5714438857376287,2,2025-10-24 06:00:00
DXCM,Dexcom,69.7524,8.606672353987216,0.5717823168358172,2,2025-10-24 08:00:00
DXCM,Dexcom,70.5715,8.67001637387537,0.5772815826399699,2,2025-10-24 10:00:00
DXCM,Dexcom,71.1069,8.730585344687782,0.5758149552265511,2,2025-10-24 12:00:00
DXCM,Dexcom,70.6698,8.742713171289402,0.5725325658047867,2,2025-10-24 14:00:00
DXCM,Dexcom,69.7409,8.788303450109872,0.5711123741141093,2,2025-10-24 16:00:00
DXCM,Dexcom,68.7567,8.768157554154362,0.5735511511625279,2,2025-10-24 18:00:00
DXCM,Dexcom,68.7482,8.708552442757489,0.5769563121183917,2,2025-10-24 20:00:00
DXCM,Dexcom,69.5419,8.779636683754113,0.579768209906555,2,2025-10-24 22:00:00
DXCM,Dexcom,71.0733,8.819973595433751,0.5768673530617291,2,2025-10-25 00:00:00
EA,Electronic Arts,188.3811,8.966900110244751,0.0,1,2025-10-24 02:00:00
EA,Electronic Arts,182.825,9.027833918969813,0.0,1,2025-10-24 04:00:00
EA,Electronic Arts,183.5952,8.939239979398911,0.0,1,2025-10-24 06:00:00
EA,Electronic Arts,186.1362,8.973902352065165,0.0,1,2025-10-24 08:00:00
EA,Electronic Arts,186.707,8.914847252023584,0.0,1,2025-10-24 10:00:00
EA,Electronic Arts,186.3695,8.957931442389192,0.0,1,2025-10-24 12:00:00
EA,Electronic Arts,185.8401,8.902682934121753,0.0,1,2025-10-24 14:00:00
EA,Electronic Arts,185.855,8.97823404283981,0.0,1,2025-10-24 16:00:00
EA,Electronic Arts,186.3912,8.97836054107714,0.0,1,2025-10-24 18:00:00
EA,Electronic Arts,186.6097,9.03346825258012,0.0,1,2025-10-24 20:00:00
EA,Electronic Arts,186.0751,9.050925360967504,0.0,1,2025-10-24 22:00:00
EA,Electronic Arts,185.8725,9.138619388068449,0.0,1,2025-10-25 00:00:00
EBAY,eBay Inc.,102.1318,8.990100026130676,0.0,1,2025-10-24 02:00:00
EBAY,eBay Inc.,100.8702,9.023481849956687,0.0,1,2025-10-24 04:00:00
EBAY,eBay Inc.,101.0805,8.947645111659757,0.0,1,2025-10-24 06:00:00
EBAY,eBay Inc.,103.6371,8.948884448484302,0.0,1,2025-10-24 08:00:00
EBAY,eBay Inc.,103.3646,9.010328916688243,0.0,1,2025-10-24 10:00:00
EBAY,eBay Inc.,104.1943,8.968021015630772,0.0,1,2025-10-24 12:00:00
EBAY,eBay Inc.,104.7545,8.988012006924027,0.0,1,2025-10-24 14:00:00
EBAY,eBay Inc.,104.3484,8.953030437926616,0.0,1,2025-10-24 16:00:00
EBAY,eBay Inc.,104.2563,8.914291417614905,0.0,1,2025-10-24 18:00:00
EBAY,eBay Inc.,104.5005,8.902831249737838,0.0,1,2025-10-24 20:00:00
EBAY,eBay Inc.,104.2354,8.863772025631436,0.0,1,2025-10-24 22:00:00
EBAY,eBay Inc.,104.1439,8.900468559450944,0.0,1,2025-10-25 00:00:00
ECL,Ecolab,281.9215,4.068399965763092,5.498600006103516,2,2025-10-24 02:00:00
ECL,Ecolab,282.8135,4.093891803383001,5.5069247547318625,2,2025-10-24 04:00:00
ECL,Ecolab,281.3341,4.0812385126241,5.493246408873079,2,2025-10-24 06:00:00
ECL,Ecolab,281.0954,4.045452511525967,5.492114204942234,2,2025-10-24 08:00:00
ECL,Ecolab,281.3481,4.038675806041852,5.5122126702188865,2,2025-10-24 10:00:00
ECL,Ecolab,281.0727,4.0029168341456405,5.468904288594617,2,2025-10-24 12:00:00
ECL,Ecolab,281.3314,3.9881678688581945,5.469915417902577,2,2025-10-24 14:00:00
ECL,Ecolab,281.5083,3.9753807741959926,5.472549944203445,2,2025-10-24 16:00:00
ECL,Ecolab,281.5505,3.999280876731306,5.422034687413849,2,2025-10-24 18:00:00
ECL,Ecolab,281.5497,3.982921153769476,5.427403981625686,2,2025-10-24 20:00:00
ECL,Ecolab,281.4731,4.007320995952446,5.375801892146537,2,2025-10-24 22:00:00
ECL,Ecolab,281.3314,3.991591310453828,5.4156732933645095,2,2025-10-25 00:00:00
ED,Consolidated Edison,101.8279,8.968499898910522,0.0,1,2025-10-24 02:00:00
ED,Consolidated Edison,102.5439,9.034585205411874,0.0,1,2025-10-24 04:00:00
ED,Consolidated Edison,102.3157,8.983668173142403,0.0,1,2025-10-24 06:00:00
ED,Consolidated Edison,102.1377,8.918357174321159,0.0,1,2025-10-24 08:00:00
ED,Consolidated Edison,102.1453,8.902713715291657,0.0,1,2025-10-24 10:00:00
ED,Consolidated Edison,102.2328,8.94464650993799,0.0,1,2025-10-24 12:00:00
ED,Consolidated Edison,102.2991,9.032073120355983,0.0,1,2025-10-24 14:00:00
ED,Consolidated Edison,102.1975,8.957786437044936,0.0,1,2025-10-24 16:00:00
ED,Consolidated Edison,102.2616,8.996447397870037,0.0,1,2025-10-24 18:00:00
ED,Consolidated Edison,102.2491,8.999762568473448,0.0,1,2025-10-24 20:00:00
ED,Consolidated Edison,102.2132,8.96223575482731,0.0,1,2025-10-24 22:00:00
ED,Consolidated Edison,102.2316,9.021370742274447,0.0,1,2025-10-25 00:00:00
EFX,Equifax,247.0168,-8.406500220298767,0.0,1,2025-10-24 02:00:00
EFX,Equifax,250.597,-8.445202054311602,0.0,1,2025-10-24 04:00:00
EFX,Equifax,248.7342,-8.4677569591748,0.0,1,2025-10-24 06:00:00
EFX,Equifax,247.1168,-8.45745506416356,0.0,1,2025-10-24 08:00:00
EFX,Equifax,247.1201,-8.505440336209611,0.0,1,2025-10-24 10:00:00
EFX,Equifax,247.3288,-8.505426088453241,0.0,1,2025-10-24 12:00:00
EFX,Equifax,247.4987,-8.549264308828736,0.0,1,2025-10-24 14:00:00
EFX,Equifax,247.4574,-8.55951790610612,0.0,1,2025-10-24 16:00:00
EFX,Equifax,247.7615,-8.634571820131281,0.0,1,2025-10-24 18:00:00
EFX,Equifax,248.1705,-8.607754484407398,0.0,1,2025-10-24 20:00:00
EFX,Equifax,247.3871,-8.562299357951982,0.0,1,2025-10-24 22:00:00
EFX,Equifax,247.1826,-8.612593981659806,0.0,1,2025-10-25 00:00:00
EG,Everest Group,357.9581,3.825600147247314,5.072699785232544,6,2025-10-24 02:00:00
EG,Everest Group,360.348,3.8612263314592683,5.111105150591899,6,2025-10-24 04:00:00
EG,Everest Group,359.0805,3.847702434584777,5.078263566974517,6,2025-10-24 06:00:00
EG,Everest Group,358.264,3.820925440247952,5.100596823923244,6,2025-10-24 08:00:00
EG,Everest Group,358.3509,3.8186524296740316,5.142500985794938,6,2025-10-24 10:00:00
EG,Everest Group,358.4881,3.832427929416924,5.1178812982008255,6,2025-10-24 12:00:00
EG,Everest Group,358.486,3.864099025702589,5.134617301925304,6,2025-10-24 14:00:00
EG,Everest Group,358.4898,3.8516743162596607,5.137221766232994,6,2025-10-24 16:00:00
EG,Everest Group,358.8884,3.8459820171653107,5.125860701848801,6,2025-10-24 18:00:00
EG,Everest Group,358.9022,3.8535085058983154,5.146568481602076,6,2025-10-24 20:00:00
EG,Everest Group,358.5775,3.887542470429516,5.131180051814728,6,2025-10-24 22:00:00
EG,Everest Group,358.3332,3.924827306121884,5.07994537298931,6,2025-10-25 00:00:00
EIX,Edison International,58.4886,7.2693997621536255,1.519999951124191,3,2025-10-24 02:00:00
EIX,Edison International,58.8002,7.29222874465239,1.5061372216046167,3,2025-10-24 04:00:00
EIX,Edison International,58.4339,7.246234272978797,1.5211026271147954,3,2025-10-24 06:00:00
EIX,Edison International,57.831,7.302023082083436,1.5177403568547838,3,2025-10-24 08:00:00
EIX,Edison International,57.6079,7.343310126334331,1.5188609327673779,3,2025-10-24 10:00:00
EIX,Edison International,57.8032,7.3097234982848756,1.5118480353923875,3,2025-10-24 12:00:00
EIX,Edison International,58.204,7.31239504132574,1.5244710731078006,3,2025-10-24 14:00:00
EIX,Edison International,58.4214,7.3372444058159365,1.53676734984391,3,2025-10-24 16:00:00
EIX,Edison International,58.3201,7.264673713294161,1.5400596331323695,3,2025-10-24 18:00:00
EIX,Edison International,58.1158,7.324829849896657,1.5501528696371187,3,2025-10-24 20:00:00
EIX,Edison International,57.8699,7.287788116093097,1.542721405265497,3,2025-10-24 22:00:00
EIX,Edison International,57.8142,7.281177780313948,1.5517860167596857,3,2025-10-25 00:00:00
EL,Estée Lauder Companies (The),98.1319,-2.73279994726181,5.655699968338013,3,2025-10-24 02:00:00
EL,Estée Lauder Companies (The),92.6365,-2.743084147173338,5.65654645888775,3,2025-10-24 04:00:00
EL,Estée Lauder Companies (The),91.1499,-2.743226988156253,5.629009937450061,3,2025-10-24 06:00:00
EL,Estée Lauder Companies (The),93.6648,-2.7553828611216935,5.582761309558592,3,2025-10-24 08:00:00
EL,Estée Lauder Companies (The),97.6577,-2.738340689234201,5.614842428869142,3,2025-10-24 10:00:00
EL,Estée Lauder Companies (The),98.4845,-2.760880477243777,5.564107622929668,3,2025-10-24 12:00:00
EL,Estée Lauder Companies (The),97.1779,-2.761394532593363,5.572232731929552,3,2025-10-24 14:00:00
EL,Estée Lauder Companies (The),94.6407,-2.7466686066307697,5.519865853981428,3,2025-10-24 16:00:00
EL,Estée Lauder Companies (The),93.5539,-2.7522126572731254,5.5360129232662345,3,2025-10-24 18:00:00
EL,Estée Lauder Companies (The),94.221,-2.7636008227009277,5.5875048440482695,3,2025-10-24 20:00:00
EL,Estée Lauder Companies (The),96.4002,-2.745991370275464,5.571100408502722,3,2025-10-24 22:00:00
EL,Estée Lauder Companies (The),97.103,-2.720156286235192,5.54928292871539,3,2025-10-25 00:00:00
ELV,Elevance Health,311.1477,9.015300273895264,0.0,1,2025-10-24 02:00:00
ELV,Elevance Health,307.1524,9.08060728521341,0.0,1,2025-10-24 04:00:00
ELV,Elevance Health,311.3441,9.037575490683507,0.0,1,2025-10-24 06:00:00
ELV,Elevance Health,320.0183,9.038795025333298,0.0,1,2025-10-24 08:00:00
ELV,Elevance Health,323.0377,9.077242120317509,0.0,1,2025-10-24 10:00:00
ELV,Elevance Health,318.0982,9.017659943111038,0.0,1,2025-10-24 12:00:00
ELV,Elevance Health,315.7034,9.06489217394346,0.0,1,2025-10-24 14:00:00
ELV,Elevance Health,311.1421,9.142312654215162,0.0,1,2025-10-24 16:00:00
ELV,Elevance Health,315.6265,9.074087691785142,0.0,1,2025-10-24 18:00:00
ELV,Elevance Health,321.0042,9.025516798500721,0.0,1,2025-10-24 20:00:00
ELV,Elevance Health,321.7116,9.077782191927264,0.0,1,2025-10-24 22:00:00
ELV,Elevance Health,313.4277,8.988940529493808,0.0,1,2025-10-25 00:00:00
EME,Emcor,791.7584,1.558399945497512,0.0,1,2025-10-24 02:00:00
EME,Emcor,784.7786,1.5733301002015772,0.0,1,2025-10-24 04:00:00
EME,Emcor,765.6307,1.5712221372093276,0.0,1,2025-10-24 06:00:00
EME,Emcor,745.556,1.5606025085844593,0.0,1,2025-10-24 08:00:00
EME,Emcor,744.8328,1.5515390011158143,0.0,1,2025-10-24 10:00:00
EME,Emcor,771.574,1.5458308165542491,0.0,1,2025-10-24 12:00:00
EME,Emcor,780.7661,1.5607323754749949,0.0,1,2025-10-24 14:00:00
EME,Emcor,774.6121,1.5749435971667525,0.0,1,2025-10-24 16:00:00
EME,Emcor,763.88,1.560788102520902,0.0,1,2025-10-24 18:00:00
EME,Emcor,758.6224,1.57613928558265,0.0,1,2025-10-24 20:00:00
EME,Emcor,766.5449,1.5804402241572946,0.0,1,2025-10-24 22:00:00
EME,Emcor,773.4255,1.5800641517640017,0.0,1,2025-10-25 00:00:00
EMN,Eastman Chemical Company,65.5759,6.257799863815308,0.0,1,2025-10-24 02:00:00
EMN,Eastman Chemical Company,68.6551,6.262292019262069,0.0,1,2025-10-24 04:00:00
EMN,Eastman Chemical Company,69.3865,6.245766113764484,0.0,1,2025-10-24 06:00:00
EMN,Eastman Chemical Company,67.7213,6.279396719073435,0.0,1,2025-10-24 08:00:00
EMN,Eastman Chemical Company,66.3,6.325440952438406,0.0,1,2025-10-24 10:00:00
EMN,Eastman Chemical Company,66.0955,6.313741243883099,0.0,1,2025-10-24 12:00:00
EMN,Eastman Chemical Company,66.2188,6.311561021618652,0.0,1,2025-10-24 14:00:00
EMN,Eastman Chemical Company,66.3602,6.281291592496989,0.0,1,2025-10-24 16:00:00
EMN,Eastman Chemical Company,66.4658,6.243475579787687,0.0,1,2025-10-24 18:00:00
EMN,Eastman Chemical Company,66.5328,6.262136258162741,0.0,1,2025-10-24 20:00:00
EMN,Eastman Chemical Company,66.3655,6.225622148419181,0.0,1,2025-10-24 22:00:00
EMN,Eastman Chemical Company,66.226,6.175210997271312,0.0,1,2025-10-25 00:00:00
EMR,Emerson Electric,131.0842,-0.472699999809265,12.276300191879272,2,2025-10-24 02:00:00
EMR,Emerson Electric,131.7669,-0.4685365492159869,12.200608931907219,2,2025-10-24 04:00:00
EMR,Emerson Electric,133.1752,-0.46877346227504413,12.285286219276513,2,2025-10-24 06:00:00
EMR,Emerson Electric,132.4352,-0.4698848913435009,12.375366353800306,2,2025-10-24 08:00:00
EMR,Emerson Electric,132.4403,-0.4683877316405839,12.35540699373519,2,2025-10-24 10:00:00
EMR,Emerson Electric,132.1739,-0.4674672512630106,12.431043095578428,2,2025-10-24 12:00:00
EMR,Emerson Electric,132.4461,-0.4719045311488888,12.44668684502543,2,2025-10-24 14:00:00
EMR,Emerson Electric,131.8968,-0.4694003777110098,12.480538571010117,2,2025-10-24 16:00:00
EMR,Emerson Electric,132.3598,-0.47377004321006283,12.591922154420732,2,2025-10-24 18:00:00
EMR,Emerson Electric,133.1948,-0.475277897845865,12.693011151235883,2,2025-10-24 20:00:00
EMR,Emerson Electric,132.3712,-0.47411735601346217,12.687638037426812,2,2025-10-24 22:00:00
EMR,Emerson Electric,132.2498,-0.472258483645147,12.675234776111845,2,2025-10-25 00:00:00
EOG,EOG Resources,112.7693,8.716800212860107,0.171900000423192,2,2025-10-24 02:00:00
EOG,EOG Resources,115.9836,8.64603006997806,0.17267302998044345,2,2025-10-24 04:00:00
EOG,EOG Resources,115.5295,8.690629215996829,0.1727422194799966,2,2025-10-24 06:00:00
EOG,EOG Resources,114.4394,8.72602610646122,0.17396822437486484,2,2025-10-24 08:00:00
EOG,EOG Resources,114.3132,8.755497556269049,0.17419614499381053,2,2025-10-24 10:00:00
EOG,EOG Resources,114.3788,8.701090809717373,0.17348168581756346,2,2025-10-24 12:00:00
EOG,EOG Resources,114.3897,8.673069698721337,0.17469525675536232,2,2025-10-24 14:00:00
EOG,EOG Resources,114.33,8.669994065972626,0.17442730928243477,2,2025-10-24 16:00:00
EOG,EOG Resources,114.8397,8.699536964301982,0.1738775383479654,2,2025-10-24 18:00:00
EOG,EOG Resources,115.0579,8.613051802838855,0.1722757059847447,2,2025-10-24 20:00:00
EOG,EOG Resources,114.6728,8.625330289788522,0.17275502974721962,2,2025-10-24 22:00:00
EOG,EOG Resources,114.3306,8.631605525153812,0.17168066151714995,2,2025-10-25 00:00:00
EPAM,EPAM Systems,144.6737,5.418300032615662,5.405200123786926,3,2025-10-24 02:00:00
EPAM,EPAM Systems,128.1588,5.368817355937738,5.39637952697046,3,2025-10-24 04:00:00
EPAM,EPAM Systems,126.7393,5.412243597024747,5.402205204169254,3,2025-10-24 06:00:00
EPAM,EPAM Systems,140.3965,5.431779937230846,5.449491146433842,3,2025-10-24 08:00:00
EPAM,EPAM Systems,157.6303,5.412600554945183,5.4255760749752335,3,2025-10-24 10:00:00
EPAM,EPAM Systems,155.5194,5.433819154400741,5.383449562016304,3,2025-10-24 12:00:00
EPAM,EPAM Systems,134.8887,5.4697433609841175,5.380078920972089,3,2025-10-24 14:00:00
EPAM,EPAM Systems,129.6187,5.458812989708731,5.395571105971983,3,2025-10-24 16:00:00
EPAM,EPAM Systems,133.9829,5.42646688793009,5.416908903548209,3,2025-10-24 18:00:00
EPAM,EPAM Systems,147.6896,5.420412870913094,5.448909126507619,3,2025-10-24 20:00:00
EPAM,EPAM Systems,155.271,5.466796027086672,5.413923128071463,3,2025-10-24 22:00:00
EPAM,EPAM Systems,145.5163,5.485833987789399,5.407659277463716,3,2025-10-25 00:00:00
EQIX,Equinix,857.5024,9.175400137901306,0.0,1,2025-10-24 02:00:00
EQIX,Equinix,862.3748,9.153508181832027,0.0,1,2025-10-24 04:00:00
EQIX,Equinix,858.4403,9.238345917511259,0.0,1,2025-10-24 06:00:00
EQIX,Equinix,851.8469,9.281516672187278,0.0,1,2025-10-24 08:00:00
EQIX,Equinix,851.8758,9.283419569252203,0.0,1,2025-10-24 10:00:00
EQIX,Equinix,853.7347,9.243392558201649,0.0,1,2025-10-24 12:00:00
EQIX,Equinix,854.8946,9.166257166586009,0.0,1,2025-10-24 14:00:00
EQIX,Equinix,853.2718,9.100583233132173,0.0,1,2025-10-24 16:00:00
EQIX,Equinix,853.1101,9.101429529834084,0.0,1,2025-10-24 18:00:00
EQIX,Equinix,853.6276,9.06772726261471,0.0,1,2025-10-24 20:00:00
EQIX,Equinix,853.0563,9.15333999974915,0.0,1,2025-10-24 22:00:00
EQIX,Equinix,853.051,9.138572634873249,0.0,1,2025-10-25 00:00:00
EQR,Equity Residential,66.0556,8.632500171661377,0.32669998705387104,3,2025-10-24 02:00:00
EQR,Equity Residential,67.0155,8.579504748331265,0.3253230423793933,3,2025-10-24 04:00:00
EQR,Equity Residential,66.9127,8.495283369034311,0.3223182179979902,3,2025-10-24 06:00:00
EQR,Equity Residential,66.4218,8.44820213962256,0.32211940843875814,3,2025-10-24 08:00:00
EQR,Equity Residential,66.2272,8.409603350063874,0.31913901843706116,3,2025-10-24 10:00:00
EQR,Equity Residential,66.3459,8.471014181859513,0.32106153815853977,3,2025-10-24 12:00:00
EQR,Equity Residential,66.5636,8.423601601791068,0.3222460097647845,3,2025-10-24 14:00:00
EQR,Equity Residential,66.5745,8.44407496927681,0.31981232663331227,3,2025-10-24 16:00:00
EQR,Equity Residential,66.5172,8.41454909493467,0.3189949414999337,3,2025-10-24 18:00:00
EQR,Equity Residential,66.5109,8.401552018938968,0.3170688725211101,3,2025-10-24 20:00:00
EQR,Equity Residential,66.4198,8.46984627761452,0.3174881373586233,3,2025-10-24 22:00:00
EQR,Equity Residential,66.421,8.502189977582079,0.316889292895849,3,2025-10-25 00:00:00
EQT,EQT Corporation,54.4213,-6.393499970436096,3.9484000205993652,2,2025-10-24 02:00:00
EQT,EQT Corporation,54.9826,-6.406404582802213,3.986101681699718,2,2025-10-24 04:00:00
EQT,EQT Corporation,54.9317,-6.392095271391863,4.017995199747561,2,2025-10-24 06:00:00
EQT,EQT Corporation,54.8322,-6.432188513482967,3.978942252338466,2,2025-10-24 08:00:00
EQT,EQT Corporation,54.8246,-6.484047137445178,3.9674470725093833,2,2025-10-24 10:00:00
EQT,EQT Corporation,54.8409,-6.45858322881155,3.944387151713323,2,2025-10-24 12:00:00
EQT,EQT Corporation,54.9012,-6.448482139669027,3.908078858856619,2,2025-10-24 14:00:00
EQT,EQT Corporation,54.8272,-6.467624018557999,3.8835920923210887,2,2025-10-24 16:00:00
EQT,EQT Corporation,54.833,-6.477840578613456,3.8851242101093293,2,2025-10-24 18:00:00
EQT,EQT Corporation,54.8161,-6.462260914924656,3.9222787963061747,2,2025-10-24 20:00:00
EQT,EQT Corporation,54.8488,-6.489821514375623,3.89951749014118,2,2025-10-24 22:00:00
EQT,EQT Corporation,54.8507,-6.4895115371034375,3.9303868201276018,2,2025-10-25 00:00:00
ERIE,Erie Indemnity,347.121,9.24809992313385,0.0,1,2025-10-24 02:00:00
ERIE,Erie Indemnity,362.6931,9.231717051835071,0.0,1,2025-10-24 04:00:00
ERIE,Erie Indemnity,359.5223,9.2371418176498,0.0,1,2025-10-24 06:00:00
ERIE,Erie Indemnity,351.7596,9.326559525872497,0.0,1,2025-10-24 08:00:00
ERIE,Erie Indemnity,348.7353,9.291019771068015,0.0,1,2025-10-24 10:00:00
ERIE,Erie Indemnity,349.9119,9.363746858100441,0.0,1,2025-10-24 12:00:00
ERIE,Erie Indemnity,351.3809,9.320230530305965,0.0,1,2025-10-24 14:00:00
ERIE,Erie Indemnity,351.5052,9.267325623541812,0.0,1,2025-10-24 16:00:00
ERIE,Erie Indemnity,352.8348,9.328306849507094,0.0,1,2025-10-24 18:00:00
ERIE,Erie Indemnity,352.6791,9.407473399018423,0.0,1,2025-10-24 20:00:00
ERIE,Erie Indemnity,352.2223,9.330420224619363,0.0,1,2025-10-24 22:00:00
ERIE,Erie Indemnity,350.6729,9.381445024329437,0.0,1,2025-10-25 00:00:00
ES,Eversource Energy,70.5809,0.969400033354759,8.711299896240234,2,2025-10-24 02:00:00
ES,Eversource Energy,68.2186,0.9753757486792545,8.646892607927148,2,2025-10-24 04:00:00
ES,Eversource Energy,68.7852,0.9827790085836329,8.708127596826023,2,2025-10-24 06:00:00
ES,Eversource Energy,69.9452,0.9806820060294916,8.742401281763152,2,2025-10-24 08:00:00
ES,Eversource Energy,70.0579,0.9791248256952384,8.742276509034115,2,2025-10-24 10:00:00
ES,Eversource Energy,69.7141,0.9786864840618996,8.716602213040794,2,2025-10-24 12:00:00
ES,Eversource Energy,69.5627,0.9715224355981972,8.756100802982624,2,2025-10-24 14:00:00
ES,Eversource Energy,69.6478,0.9755209438817909,8.745649138260323,2,2025-10-24 16:00:00
ES,Eversource Energy,69.7341,0.9785815929063179,8.729908936391492,2,2025-10-24 18:00:00
ES,Eversource Energy,69.828,0.9824555275356258,8.650876261115322,2,2025-10-24 20:00:00
ES,Eversource Energy,69.8047,0.9922314052330282,8.59164852093526,2,2025-10-24 22:00:00
ES,Eversource Energy,69.6588,0.98313357790538,8.550741137676129,2,2025-10-25 00:00:00
ESS,Essex Property Trust,273.577,9.126799702644348,0.0,1,2025-10-24 02:00:00
ESS,Essex Property Trust,278.0373,9.123546994543277,0.0,1,2025-10-24 04:00:00
ESS,Essex Property Trust,277.4071,9.146297636943228,0.0,1,2025-10-24 06:00:00
ESS,Essex Property Trust,275.5984,9.212937564441733,0.0,1,2025-10-24 08:00:00
ESS,Essex Property Trust,274.8896,9.259531621159345,0.0,1,2025-10-24 10:00:00
ESS,Essex Property Trust,275.5019,9.313211916913453,0.0,1,2025-10-24 12:00:00
ESS,Essex Property Trust,275.4877,9.358859920319617,0.0,1,2025-10-24 14:00:00
ESS,Essex Property Trust,275.6211,9.39248903233133,0.0,1,2025-10-24 16:00:00
ESS,Essex Property Trust,275.5852,9.362662003695778,0.0,1,2025-10-24 18:00:00
ESS,Essex Property Trust,275.825,9.362978743418951,0.0,1,2025-10-24 20:00:00
ESS,Essex Property Trust,275.6706,9.33030458929227,0.0,1,2025-10-24 22:00:00
ESS,Essex Property Trust,275.7413,9.344172383062762,0.0,1,2025-10-25 00:00:00
ETN,Eaton Corporation,382.5569,6.427199840545654,0.0,1,2025-10-24 02:00:00
ETN,Eaton Corporation,383.6727,6.451802312957602,0.0,1,2025-10-24 04:00:00
ETN,Eaton Corporation,384.2669,6.422134324305478,0.0,1,2025-10-24 06:00:00
ETN,Eaton Corporation,385.2383,6.393953936507864,0.0,1,2025-10-24 08:00:00
ETN,Eaton Corporation,385.2453,6.456355698041882,0.0,1,2025-10-24 10:00:00
ETN,Eaton Corporation,383.9993,6.493245227086684,0.0,1,2025-10-24 12:00:00
ETN,Eaton Corporation,383.6299,6.461336540159583,0.0,1,2025-10-24 14:00:00
ETN,Eaton Corporation,384.0365,6.431700239944666,0.0,1,2025-10-24 16:00:00
ETN,Eaton Corporation,383.9159,6.376684459607061,0.0,1,2025-10-24 18:00:00
ETN,Eaton Corporation,382.9668,6.361093261692303,0.0,1,2025-10-24 20:00:00
ETN,Eaton Corporation,383.636,6.409427761813075,0.0,1,2025-10-24 22:00:00
ETN,Eaton Corporation,385.202,6.3514498935533,0.0,1,2025-10-25 00:00:00
ETR,Entergy,102.9085,7.97819972038269,0.0,1,2025-10-24 02:00:00
ETR,Entergy,103.0869,7.929001195338624,0.0,1,2025-10-24 04:00:00
ETR,Entergy,104.1874,7.872868911242098,0.0,1,2025-10-24 06:00:00
ETR,Entergy,105.2551,7.948909191948995,0.0,1,2025-10-24 08:00:00
ETR,Entergy,105.3058,7.987637874806049,0.0,1,2025-10-24 10:00:00
ETR,Entergy,104.5088,8.029961658212029,0.0,1,2025-10-24 12:00:00
ETR,Entergy,103.9469,8.039789478537402,0.0,1,2025-10-24 14:00:00
ETR,Entergy,104.1221,7.962862319035088,0.0,1,2025-10-24 16:00:00
ETR,Entergy,105.1213,7.923825550177742,0.0,1,2025-10-24 18:00:00
ETR,Entergy,105.7784,7.8805219778661435,0.0,1,2025-10-24 20:00:00
ETR,Entergy,105.0821,7.8460204736083226,0.0,1,2025-10-24 22:00:00
ETR,Entergy,104.0159,7.859859479620875,0.0,1,2025-10-25 00:00:00
EVRG,Evergy,78.2117,8.86489987373352,0.0,1,2025-10-24 02:00:00
EVRG,Evergy,78.3078,8.868905204671549,0.0,1,2025-10-24 04:00:00
EVRG,Evergy,78.2608,8.889728867002598,0.0,1,2025-10-24 06:00:00
EVRG,Evergy,78.1609,8.925784724532882,0.0,1,2025-10-24 08:00:00
EVRG,Evergy,78.0238,9.003380836074632,0.0,1,2025-10-24 10:00:00
EVRG,Evergy,78.0521,9.024573372140003,0.0,1,2025-10-24 12:00:00
EVRG,Evergy,78.2214,9.002583438929145,0.0,1,2025-10-24 14:00:00
EVRG,Evergy,78.1416,9.04042421710994,0.0,1,2025-10-24 16:00:00
EVRG,Evergy,78.1824,8.984154090245744,0.0,1,2025-10-24 18:00:00
EVRG,Evergy,78.2587,8.919085847374681,0.0,1,2025-10-24 20:00:00
EVRG,Evergy,78.1486,8.857995829524478,0.0,1,2025-10-24 22:00:00
EVRG,Evergy,78.0366,8.821525496083826,0.0,1,2025-10-25 00:00:00
EW,Edwards Lifesciences,75.1018,-2.495100051164627,0.0,1,2025-10-24 02:00:00
EW,Edwards Lifesciences,74.2043,-2.4702520071915988,0.0,1,2025-10-24 04:00:00
EW,Edwards Lifesciences,74.1078,-2.4777333994958264,0.0,1,2025-10-24 06:00:00
EW,Edwards Lifesciences,74.6558,-2.475916804149943,0.0,1,2025-10-24 08:00:00
EW,Edwards Lifesciences,74.8112,-2.49036994467903,0.0,1,2025-10-24 10:00:00
EW,Edwards Lifesciences,74.7882,-2.499311157601967,0.0,1,2025-10-24 12:00:00
EW,Edwards Lifesciences,74.7276,-2.4918782955503413,0.0,1,2025-10-24 14:00:00
EW,Edwards Lifesciences,74.7215,-2.500573081065332,0.0,1,2025-10-24 16:00:00
EW,Edwards Lifesciences,74.6671,-2.505793377551983,0.0,1,2025-10-24 18:00:00
EW,Edwards Lifesciences,74.63,-2.521666357335582,0.0,1,2025-10-24 20:00:00
EW,Edwards Lifesciences,74.6558,-2.534161597967202,0.0,1,2025-10-24 22:00:00
EW,Edwards Lifesciences,74.7522,-2.536503924775739,0.0,1,2025-10-25 00:00:00
EXC,Exelon,46.1412,-2.118200063705444,8.664600253105164,2,2025-10-24 02:00:00
EXC,Exelon,44.7402,-2.101759971809858,8.743136948827388,2,2025-10-24 04:00:00
EXC,Exelon,44.8721,-2.096987070159817,8.712997121895443,2,2025-10-24 06:00:00
EXC,Exelon,45.6568,-2.0998236758360838,8.782375970454266,2,2025-10-24 08:00:00
EXC,Exelon,45.881,-2.1020019052899963,8.740542124523985,2,2025-10-24 10:00:00
EXC,Exelon,45.6843,-2.1106254952896832,8.681896883258986,2,2025-10-24 12:00:00
EXC,Exelon,45.7383,-2.111701600576973,8.603322368149346,2,2025-10-24 14:00:00
EXC,Exelon,45.8456,-2.0982101900666663,8.542276734830743,2,2025-10-24 16:00:00
EXC,Exelon,45.8375,-2.1155168029578397,8.5917832331603,2,2025-10-24 18:00:00
EXC,Exelon,45.8105,-2.109093782935033,8.536776247129119,2,2025-10-24 20:00:00
EXC,Exelon,45.8184,-2.0883746946408945,8.458623649039696,2,2025-10-24 22:00:00
EXC,Exelon,45.8291,-2.0708910688554254,8.395931222665324,2,2025-10-25 00:00:00
EXE,Expand Energy,101.8082,-7.559000253677368,0.967599973082542,2,2025-10-24 02:00:00
EXE,Expand Energy,100.4003,-7.596986194521335,0.9754635266354047,2,2025-10-24 04:00:00
EXE,Expand Energy,100.4843,-7.52304297833162,0.9719948436359456,2,2025-10-24 06:00:00
EXE,Expand Energy,101.2666,-7.582527882415058,0.9795157031547423,2,2025-10-24 08:00:00
EXE,Expand Energy,101.2088,-7.521125718309532,0.9775794882826244,2,2025-10-24 10:00:00
EXE,Expand Energy,101.3598,-7.580410757047263,0.9690606983601951,2,2025-10-24 12:00:00
EXE,Expand Energy,101.3569,-7.515370904227908,0.9699621823383396,2,2025-10-24 14:00:00
EXE,Expand Energy,101.3458,-7.583272161173688,0.9769571089841459,2,2025-10-24 16:00:00
EXE,Expand Energy,101.247,-7.539796924350106,0.9732012739921707,2,2025-10-24 18:00:00
EXE,Expand Energy,101.3407,-7.479366004880038,0.965893630530212,2,2025-10-24 20:00:00
EXE,Expand Energy,101.2627,-7.477953299149342,0.9755477192417518,2,2025-10-24 22:00:00
EXE,Expand Energy,101.3533,-7.486803985099735,0.9826714781861967,2,2025-10-25 00:00:00
EXPD,Expeditors International,119.8253,8.84909987449646,0.0,1,2025-10-24 02:00:00
EXPD,Expeditors International,120.2857,8.877043694688476,0.0,1,2025-10-24 04:00:00
EXPD,Expeditors International,120.1275,8.908021074295851,0.0,1,2025-10-24 06:00:00
EXPD,Expeditors International,120.0036,8.848604895574203,0.0,1,2025-10-24 08:00:00
EXPD,Expeditors International,120.0053,8.847548067288404,0.0,1,2025-10-24 10:00:00
EXPD,Expeditors International,119.9709,8.895430254215032,0.0,1,2025-10-24 12:00:00
EXPD,Expeditors International,120.0053,8.818593438287477,0.0,1,2025-10-24 14:00:00
EXPD,Expeditors International,120.0447,8.755175554870931,0.0,1,2025-10-24 16:00:00
EXPD,Expeditors International,120.0633,8.824541222851867,0.0,1,2025-10-24 18:00:00
EXPD,Expeditors International,120.0588,8.872294032150073,0.0,1,2025-10-24 20:00:00
EXPD,Expeditors International,120.0115,8.907465663134492,0.0,1,2025-10-24 22:00:00
EXPD,Expeditors International,119.9922,8.993803387608306,0.0,1,2025-10-25 00:00:00
EXPE,Expedia Group,228.5651,8.148900270462036,0.770400017499923,4,2025-10-24 02:00:00
EXPE,Expedia Group,229.289,8.132590114997075,0.764652759660297,4,2025-10-24 04:00:00
EXPE,Expedia Group,228.642,8.055951618121146,0.7593581385060013,4,2025-10-24 06:00:00
EXPE,Expedia Group,227.0471,7.984351154320982,0.7533904718464668,4,2025-10-24 08:00:00
EXPE,Expedia Group,226.5621,7.980360185957729,0.759568794315256,4,2025-10-24 10:00:00
EXPE,Expedia Group,227.4648,7.966241562850283,0.7646228320815937,4,2025-10-24 12:00:00
EXPE,Expedia Group,228.1952,7.994746622540578,0.770526046672633,4,2025-10-24 14:00:00
EXPE,Expedia Group,228.7607,7.953295686277978,0.7658101567703955,4,2025-10-24 16:00:00
EXPE,Expedia Group,228.6768,7.9786470266268426,0.7716433560694045,4,2025-10-24 18:00:00
EXPE,Expedia Group,227.6561,8.046224382235344,0.7708111047244963,4,2025-10-24 20:00:00
EXPE,Expedia Group,226.8154,8.121707195635791,0.7702064176968365,4,2025-10-24 22:00:00
EXPE,Expedia Group,227.2646,8.055033721828451,0.7722519407014137,4,2025-10-25 00:00:00
EXR,Extra Space Storage,153.115,1.980299949645996,0.0,1,2025-10-24 02:00:00
EXR,Extra Space Storage,154.2427,1.9882215521872881,0.0,1,2025-10-24 04:00:00
EXR,Extra Space Storage,154.0951,1.9690748477309332,0.0,1,2025-10-24 06:00:00
EXR,Extra Space Storage,153.6572,1.988150916074339,0.0,1,2025-10-24 08:00:00
EXR,Extra Space Storage,153.6254,1.9840138816648236,0.0,1,2025-10-24 10:00:00
EXR,Extra Space Storage,153.767,1.991663075037285,0.0,1,2025-10-24 12:00:00
EXR,Extra Space Storage,154.0611,1.9910436779396226,0.0,1,2025-10-24 14:00:00
EXR,Extra Space Storage,154.052,2.0089632099853176,0.0,1,2025-10-24 16:00:00
EXR,Extra Space Storage,153.8759,1.9974070360683054,0.0,1,2025-10-24 18:00:00
EXR,Extra Space Storage,153.8331,1.9967574354191955,0.0,1,2025-10-24 20:00:00
EXR,Extra Space Storage,153.7168,1.9978491888851722,0.0,1,2025-10-24 22:00:00
EXR,Extra Space Storage,153.7726,2.0128850246160606,0.0,1,2025-10-25 00:00:00
F,Ford Motor Company,11.5694,2.707799971103668,4.765200018882751,7,2025-10-24 02:00:00
F,Ford Motor Company,11.105,2.71225506681327,4.799003446618727,7,2025-10-24 04:00:00
F,Ford Motor Company,11.1651,2.694287277832079,4.752821937869703,7,2025-10-24 06:00:00
F,Ford Motor Company,11.3684,2.7190959107390604,4.71660180620313,7,2025-10-24 08:00:00
F,Ford Motor Company,11.4298,2.73213802219546,4.706281669176501,7,2025-10-24 10:00:00
F,Ford Motor Company,11.404,2.747500942306219,4.726730586951803,7,2025-10-24 12:00:00
F,Ford Motor Company,11.3303,2.7591448796418847,4.743205224321206,7,2025-10-24 14:00:00
F,Ford Motor Company,11.2829,2.761111183725048,4.702525439719669,7,2025-10-24 16:00:00
F,Ford Motor Company,11.35,2.7411173082207174,4.687829661317165,7,2025-10-24 18:00:00
F,Ford Motor Company,11.3957,2.753773264486447,4.7093053865623915,7,2025-10-24 20:00:00
F,Ford Motor Company,11.3677,2.762373094327536,4.743305291365364,7,2025-10-24 22:00:00
F,Ford Motor Company,11.3574,2.768259236157654,4.78359445800526,7,2025-10-25 00:00:00
FANG,Diamondback Energy,150.8358,6.618199944496155,3.406499922275543,2,2025-10-24 02:00:00
FANG,Diamondback Energy,154.8577,6.631061514569673,3.386453981013279,2,2025-10-24 04:00:00
FANG,Diamondback Energy,154.9718,6.674160161537306,3.41757434357667,2,2025-10-24 06:00:00
FANG,Diamondback Energy,152.9825,6.674879057517675,3.3940478159330065,2,2025-10-24 08:00:00
FANG,Diamondback Energy,152.2734,6.688030204030558,3.3669252643871808,2,2025-10-24 10:00:00
FANG,Diamondback Energy,152.1423,6.684057357276394,3.3776645639368525,2,2025-10-24 12:00:00
FANG,Diamondback Energy,152.6948,6.69593329629727,3.3880066505207544,2,2025-10-24 14:00:00
FANG,Diamondback Energy,153.233,6.755106235116822,3.367850538149554,2,2025-10-24 16:00:00
FANG,Diamondback Energy,153.5172,6.786611616945045,3.3662124696271336,2,2025-10-24 18:00:00
FANG,Diamondback Energy,153.5666,6.836837288399793,3.3822010460704424,2,2025-10-24 20:00:00
FANG,Diamondback Energy,152.7233,6.869012982014305,3.3947769085821435,2,2025-10-24 22:00:00
FANG,Diamondback Energy,152.3025,6.801039087954151,3.4251666618821752,2,2025-10-25 00:00:00
FAST,Fastenal,43.7085,9.01639997959137,0.0,1,2025-10-24 02:00:00
FAST,Fastenal,44.5702,9.013750334482806,0.0,1,2025-10-24 04:00:00
FAST,Fastenal,44.5537,9.084579599940575,0.0,1,2025-10-24 06:00:00
FAST,Fastenal,44.0964,9.147485482675894,0.0,1,2025-10-24 08:00:00
FAST,Fastenal,44.2987,9.107011299289955,0.0,1,2025-10-24 10:00:00
FAST,Fastenal,44.5594,9.184342933294403,0.0,1,2025-10-24 12:00:00
FAST,Fastenal,44.5832,9.156174821733739,0.0,1,2025-10-24 14:00:00
FAST,Fastenal,44.1638,9.107042102234244,0.0,1,2025-10-24 16:00:00
FAST,Fastenal,44.0491,9.184747538236106,0.0,1,2025-10-24 18:00:00
FAST,Fastenal,44.3028,9.10948354277411,0.0,1,2025-10-24 20:00:00
FAST,Fastenal,44.2109,9.023401781352755,0.0,1,2025-10-24 22:00:00
FAST,Fastenal,44.4735,8.935672752800574,0.0,1,2025-10-25 00:00:00
FCX,Freeport-McMoRan,43.9521,-2.130499929189682,6.125699877738953,10,2025-10-24 02:00:00
FCX,Freeport-McMoRan,44.9798,-2.150128180274885,6.179860430973865,10,2025-10-24 04:00:00
FCX,Freeport-McMoRan,44.6578,-2.169747982470994,6.212845576585007,10,2025-10-24 06:00:00
FCX,Freeport-McMoRan,44.0886,-2.1810749885084544,6.18739365855895,10,2025-10-24 08:00:00
FCX,Freeport-McMoRan,44.0977,-2.1658569508811287,6.160886812147159,10,2025-10-24 10:00:00
FCX,Freeport-McMoRan,44.2346,-2.164496829264692,6.159575228366818,10,2025-10-24 12:00:00
FCX,Freeport-McMoRan,44.3462,-2.158061942137824,6.148961511469653,10,2025-10-24 14:00:00
FCX,Freeport-McMoRan,44.3497,-2.1632064342390738,6.173110033123951,10,2025-10-24 16:00:00
FCX,Freeport-McMoRan,44.2945,-2.1767553275447438,6.125694270586866,10,2025-10-24 18:00:00
FCX,Freeport-McMoRan,44.2716,-2.1850762698587105,6.1667698709520495,10,2025-10-24 20:00:00
FCX,Freeport-McMoRan,44.2177,-2.1676297780481844,6.155752314385008,10,2025-10-24 22:00:00
FCX,Freeport-McMoRan,44.1992,-2.1701160585342225,6.190233847013021,10,2025-10-25 00:00:00
FDS,FactSet,333.0047,-9.292899966239927,0.0,1,2025-10-24 02:00:00
FDS,FactSet,355.4867,-9.32549635013318,0.0,1,2025-10-24 04:00:00
FDS,FactSet,354.2628,-9.338093429543104,0.0,1,2025-10-24 06:00:00
FDS,FactSet,338.2609,-9.313854302286412,0.0,1,2025-10-24 08:00:00
FDS,FactSet,336.5318,-9.315145723916075,0.0,1,2025-10-24 10:00:00
FDS,FactSet,337.4269,-9.403184136648555,0.0,1,2025-10-24 12:00:00
FDS,FactSet,338.8801,-9.366012095999462,0.0,1,2025-10-24 14:00:00
FDS,FactSet,339.0013,-9.354734673633057,0.0,1,2025-10-24 16:00:00
FDS,FactSet,340.4381,-9.311701807399677,0.0,1,2025-10-24 18:00:00
FDS,FactSet,341.3498,-9.298699069956484,0.0,1,2025-10-24 20:00:00
FDS,FactSet,338.7975,-9.270270719696871,0.0,1,2025-10-24 22:00:00
FDS,FactSet,336.3723,-9.327510987018625,0.0,1,2025-10-25 00:00:00
FDX,FedEx,250.338,8.784099817276001,0.37229999899864197,2,2025-10-24 02:00:00
FDX,FedEx,253.0091,8.764991666923727,0.37565781454873154,2,2025-10-24 04:00:00
FDX,FedEx,252.2474,8.752825507951362,0.3727479812695006,2,2025-10-24 06:00:00
FDX,FedEx,250.0057,8.835816186730764,0.3712462637081417,2,2025-10-24 08:00:00
FDX,FedEx,249.5016,8.857287326221353,0.3700251801572719,2,2025-10-24 10:00:00
FDX,FedEx,250.0813,8.938568024718746,0.3690524466370768,2,2025-10-24 12:00:00
FDX,FedEx,250.7042,8.863291395362692,0.37144157831282887,2,2025-10-24 14:00:00
FDX,FedEx,250.8732,8.868787372114056,0.3683925411338746,2,2025-10-24 16:00:00
FDX,FedEx,250.5124,8.85724652905663,0.37060256802461633,2,2025-10-24 18:00:00
FDX,FedEx,250.4049,8.938796900278282,0.3699533491950248,2,2025-10-24 20:00:00
FDX,FedEx,250.216,8.930403102912905,0.3672697063537337,2,2025-10-24 22:00:00
FDX,FedEx,250.3543,8.912083605868107,0.36901004510715485,2,2025-10-25 00:00:00
FE,FirstEnergy,44.5019,-7.451900243759155,2.2594000399112697,2,2025-10-24 02:00:00
FE,FirstEnergy,43.6502,-7.380398886348284,2.271412450808686,2,2025-10-24 04:00:00
FE,FirstEnergy,43.9081,-7.318819956266928,2.269273500012606,2,2025-10-24 06:00:00
FE,FirstEnergy,44.2985,-7.391195264951809,2.250188664122539,2,2025-10-24 08:00:00
FE,FirstEnergy,44.2782,-7.444128690865815,2.2507791805900563,2,2025-10-24 10:00:00
FE,FirstEnergy,44.1443,-7.480269349323174,2.2679106772930027,2,2025-10-24 12:00:00
FE,FirstEnergy,44.1135,-7.432343239696908,2.253465714014235,2,2025-10-24 14:00:00
FE,FirstEnergy,44.1298,-7.487980099740979,2.2466840979088225,2,2025-10-24 16:00:00
FE,FirstEnergy,44.1508,-7.542157871609151,2.2361049501845076,2,2025-10-24 18:00:00
FE,FirstEnergy,44.1491,-7.52169412324653,2.2393241335614973,2,2025-10-24 20:00:00
FE,FirstEnergy,44.1484,-7.523309110596183,2.227652450221116,2,2025-10-24 22:00:00
FE,FirstEnergy,44.1443,-7.517861226933364,2.212599872022873,2,2025-10-25 00:00:00
FFIV,"F5, Inc.",333.8663,7.879400253295898,0.0,1,2025-10-24 02:00:00
FFIV,"F5, Inc.",355.3343,7.935543920162912,0.0,1,2025-10-24 04:00:00
FFIV,"F5, Inc.",355.1866,8.00854056494888,0.0,1,2025-10-24 06:00:00
FFIV,"F5, Inc.",341.1907,7.9483103109393785,0.0,1,2025-10-24 08:00:00
FFIV,"F5, Inc.",335.2764,7.901979191106165,0.0,1,2025-10-24 10:00:00
FFIV,"F5, Inc.",339.8964,7.907882706807125,0.0,1,2025-10-24 12:00:00
FFIV,"F5, Inc.",348.6703,7.91077386808944,0.0,1,2025-10-24 14:00:00
FFIV,"F5, Inc.",347.7071,7.980368323654594,0.0,1,2025-10-24 16:00:00
FFIV,"F5, Inc.",344.3091,7.972701075015015,0.0,1,2025-10-24 18:00:00
FFIV,"F5, Inc.",342.6925,7.9644407132250095,0.0,1,2025-10-24 20:00:00
FFIV,"F5, Inc.",340.5753,7.897118670951264,0.0,1,2025-10-24 22:00:00
FFIV,"F5, Inc.",345.4675,7.938766503721021,0.0,1,2025-10-25 00:00:00
FI,Fiserv,122.8811,2.5398999452590942,3.615800142288208,6,2025-10-24 02:00:00
FI,Fiserv,120.6062,2.562277659327557,3.616199837961496,6,2025-10-24 04:00:00
FI,Fiserv,120.5259,2.58250796326969,3.587628605970474,6,2025-10-24 06:00:00
FI,Fiserv,123.1946,2.578144351574065,3.591639569253475,6,2025-10-24 08:00:00
FI,Fiserv,123.8356,2.576426553644393,3.5703418464484042,6,2025-10-24 10:00:00
FI,Fiserv,122.9135,2.554899737475579,3.5906238048817016,6,2025-10-24 12:00:00
FI,Fiserv,122.4548,2.5724521938085996,3.5873039491363405,6,2025-10-24 14:00:00
FI,Fiserv,122.6979,2.580612973448936,3.5860772255884594,6,2025-10-24 16:00:00
FI,Fiserv,122.5117,2.57992060918477,3.580867489695276,6,2025-10-24 18:00:00
FI,Fiserv,122.9656,2.5672540339214587,3.592777286325809,6,2025-10-24 20:00:00
FI,Fiserv,122.8272,2.5464918552358493,3.6134098089355198,6,2025-10-24 22:00:00
FI,Fiserv,122.9834,2.5618325120912093,3.624715410607049,6,2025-10-25 00:00:00
FICO,Fair Isaac,1949.5185,8.125699758529663,0.0,1,2025-10-24 02:00:00
FICO,Fair Isaac,2010.7432,8.204120893239478,0.0,1,2025-10-24 04:00:00
FICO,Fair Isaac,1959.9025,8.173231208797661,0.0,1,2025-10-24 06:00:00
FICO,Fair Isaac,1891.5363,8.111997425767795,0.0,1,2025-10-24 08:00:00
FICO,Fair Isaac,1882.9364,8.167232405821297,0.0,1,2025-10-24 10:00:00
FICO,Fair Isaac,1917.4398,8.138234217955892,0.0,1,2025-10-24 12:00:00
FICO,Fair Isaac,1938.9215,8.205748682610057,0.0,1,2025-10-24 14:00:00
FICO,Fair Isaac,1931.4926,8.268445077773096,0.0,1,2025-10-24 16:00:00
FICO,Fair Isaac,1932.9339,8.274112803871153,0.0,1,2025-10-24 18:00:00
FICO,Fair Isaac,1921.4001,8.335165840565555,0.0,1,2025-10-24 20:00:00
FICO,Fair Isaac,1911.8618,8.3153386208382,0.0,1,2025-10-24 22:00:00
FICO,Fair Isaac,1915.4968,8.325431929707891,0.0,1,2025-10-25 00:00:00
FIS,Fidelity National Information Services,71.5864,4.416500031948089,0.0,1,2025-10-24 02:00:00
FIS,Fidelity National Information Services,73.0611,4.4530016213375445,0.0,1,2025-10-24 04:00:00
FIS,Fidelity National Information Services,72.6068,4.451921029593777,0.0,1,2025-10-24 06:00:00
FIS,Fidelity National Information Services,72.1724,4.494057069209731,0.0,1,2025-10-24 08:00:00
FIS,Fidelity National Information Services,72.22,4.524610608310966,0.0,1,2025-10-24 10:00:00
FIS,Fidelity National Information Services,72.3708,4.505286973527017,0.0,1,2025-10-24 12:00:00
FIS,Fidelity National Information Services,72.5578,4.5144820329107995,0.0,1,2025-10-24 14:00:00
FIS,Fidelity National Information Services,72.5491,4.551344400998963,0.0,1,2025-10-24 16:00:00
FIS,Fidelity National Information Services,72.4631,4.523600253247366,0.0,1,2025-10-24 18:00:00
FIS,Fidelity National Information Services,72.4631,4.507127532358897,0.0,1,2025-10-24 20:00:00
FIS,Fidelity National Information Services,72.3474,4.540933987694996,0.0,1,2025-10-24 22:00:00
FIS,Fidelity National Information Services,72.3719,4.527879685399202,0.0,1,2025-10-25 00:00:00
FITB,Fifth Third Bancorp,44.0978,8.836100101470947,0.0,1,2025-10-24 02:00:00
FITB,Fifth Third Bancorp,44.1556,8.755530281691666,0.0,1,2025-10-24 04:00:00
FITB,Fifth Third Bancorp,43.7134,8.675595524306416,0.0,1,2025-10-24 06:00:00
FITB,Fifth Third Bancorp,43.7129,8.594198356913306,0.0,1,2025-10-24 08:00:00
FITB,Fifth Third Bancorp,43.9293,8.510546938345541,0.0,1,2025-10-24 10:00:00
FITB,Fifth Third Bancorp,43.8822,8.446619962545993,0.0,1,2025-10-24 12:00:00
FITB,Fifth Third Bancorp,43.8955,8.515131000855154,0.0,1,2025-10-24 14:00:00
FITB,Fifth Third Bancorp,43.9251,8.507123230311223,0.0,1,2025-10-24 16:00:00
FITB,Fifth Third Bancorp,43.9,8.579494726916561,0.0,1,2025-10-24 18:00:00
FITB,Fifth Third Bancorp,43.8945,8.59109829312814,0.0,1,2025-10-24 20:00:00
FITB,Fifth Third Bancorp,43.8955,8.57575549379308,0.0,1,2025-10-24 22:00:00
FITB,Fifth Third Bancorp,43.8955,8.560180398446033,0.0,1,2025-10-25 00:00:00
FOX,Fox Corporation (Class B),56.6717,9.025499820709229,0.0,1,2025-10-24 02:00:00
FOX,Fox Corporation (Class B),58.8757,8.961259609984634,0.0,1,2025-10-24 04:00:00
FOX,Fox Corporation (Class B),58.8813,9.035488632512614,0.0,1,2025-10-24 06:00:00
FOX,Fox Corporation (Class B),57.9304,8.998411870280247,0.0,1,2025-10-24 08:00:00
FOX,Fox Corporation (Class B),56.6372,8.95412712763933,0.0,1,2025-10-24 10:00:00
FOX,Fox Corporation (Class B),56.2777,8.914348529571168,0.0,1,2025-10-24 12:00:00
FOX,Fox Corporation (Class B),57.7247,8.91835244693935,0.0,1,2025-10-24 14:00:00
FOX,Fox Corporation (Class B),58.6093,8.854079700467226,0.0,1,2025-10-24 16:00:00
FOX,Fox Corporation (Class B),58.6863,8.828426720787805,0.0,1,2025-10-24 18:00:00
FOX,Fox Corporation (Class B),57.9195,8.75934304379134,0.0,1,2025-10-24 20:00:00
FOX,Fox Corporation (Class B),57.0949,8.776982448770413,0.0,1,2025-10-24 22:00:00
FOX,Fox Corporation (Class B),57.2301,8.804894098876288,0.0,1,2025-10-25 00:00:00
FOXA,Fox Corporation (Class A),64.295,9.025499820709229,0.0,1,2025-10-24 02:00:00
FOXA,Fox Corporation (Class A),66.3533,8.939318320278307,0.0,1,2025-10-24 04:00:00
FOXA,Fox Corporation (Class A),65.7698,8.864006904623356,0.0,1,2025-10-24 06:00:00
FOXA,Fox Corporation (Class A),64.9262,8.933821916963847,0.0,1,2025-10-24 08:00:00
FOXA,Fox Corporation (Class A),64.3139,8.851733021723422,0.0,1,2025-10-24 10:00:00
FOXA,Fox Corporation (Class A),64.841,8.904626231650779,0.0,1,2025-10-24 12:00:00
FOXA,Fox Corporation (Class A),65.7399,8.818677940422585,0.0,1,2025-10-24 14:00:00
FOXA,Fox Corporation (Class A),66.005,8.75369810318509,0.0,1,2025-10-24 16:00:00
FOXA,Fox Corporation (Class A),65.9046,8.741769313902102,0.0,1,2025-10-24 18:00:00
FOXA,Fox Corporation (Class A),65.789,8.804784043033862,0.0,1,2025-10-24 20:00:00
FOXA,Fox Corporation (Class A),65.4377,8.757559303179551,0.0,1,2025-10-24 22:00:00
FOXA,Fox Corporation (Class A),65.1565,8.69005780255839,0.0,1,2025-10-25 00:00:00
FRT,Federal Realty Investment Trust,102.8108,8.852400183677673,0.0,1,2025-10-24 02:00:00
FRT,Federal Realty Investment Trust,103.0195,8.839491646054556,0.0,1,2025-10-24 04:00:00
FRT,Federal Realty Investment Trust,102.9158,8.884808254004446,0.0,1,2025-10-24 06:00:00
FRT,Federal Realty Investment Trust,102.901,8.860430829217295,0.0,1,2025-10-24 08:00:00
FRT,Federal Realty Investment Trust,102.9605,8.814107877450656,0.0,1,2025-10-24 10:00:00
FRT,Federal Realty Investment Trust,102.9519,8.739837580708974,0.0,1,2025-10-24 12:00:00
FRT,Federal Realty Investment Trust,102.9605,8.705095506066872,0.0,1,2025-10-24 14:00:00
FRT,Federal Realty Investment Trust,102.9685,8.70716553958397,0.0,1,2025-10-24 16:00:00
FRT,Federal Realty Investment Trust,102.9658,8.73562602518484,0.0,1,2025-10-24 18:00:00
FRT,Federal Realty Investment Trust,102.9692,8.7681205900152,0.0,1,2025-10-24 20:00:00
FRT,Federal Realty Investment Trust,102.9733,8.707510086879083,0.0,1,2025-10-24 22:00:00
FRT,Federal Realty Investment Trust,102.9519,8.651840114215235,0.0,1,2025-10-25 00:00:00
FSLR,First Solar,254.0166,8.586400151252747,0.0,1,2025-10-24 02:00:00
FSLR,First Solar,255.2357,8.588692374028563,0.0,1,2025-10-24 04:00:00
FSLR,First Solar,254.731,8.61746285205536,0.0,1,2025-10-24 06:00:00
FSLR,First Solar,254.0027,8.585188050061083,0.0,1,2025-10-24 08:00:00
FSLR,First Solar,253.7221,8.622633162672406,0.0,1,2025-10-24 10:00:00
FSLR,First Solar,254.0332,8.653726608378042,0.0,1,2025-10-24 12:00:00
FSLR,First Solar,255.0162,8.713209788552124,0.0,1,2025-10-24 14:00:00
FSLR,First Solar,255.0587,8.680204527364053,0.0,1,2025-10-24 16:00:00
FSLR,First Solar,253.0705,8.646880351845969,0.0,1,2025-10-24 18:00:00
FSLR,First Solar,251.1623,8.6009352734379,0.0,1,2025-10-24 20:00:00
FSLR,First Solar,252.8896,8.659265726314851,0.0,1,2025-10-24 22:00:00
FSLR,First Solar,255.844,8.715743071863495,0.0,1,2025-10-25 00:00:00
FTNT,Fortinet,90.8154,5.545499920845032,3.739100098609924,4,2025-10-24 02:00:00
FTNT,Fortinet,94.5757,5.562251022112348,3.7206587982811388,4,2025-10-24 04:00:00
FTNT,Fortinet,94.3647,5.556606019419194,3.693752787298313,4,2025-10-24 06:00:00
FTNT,Fortinet,91.8408,5.60005517567813,3.6905917920135902,4,2025-10-24 08:00:00
FTNT,Fortinet,90.9817,5.62176848369008,3.6899545107622256,4,2025-10-24 10:00:00
FTNT,Fortinet,91.423,5.638157013182575,3.702640918458602,4,2025-10-24 12:00:00
FTNT,Fortinet,91.8638,5.624809523739821,3.6756413820656895,4,2025-10-24 14:00:00
FTNT,Fortinet,91.938,5.5981409383049945,3.71048231638935,4,2025-10-24 16:00:00
FTNT,Fortinet,92.9763,5.5975360443625055,3.701992996100373,4,2025-10-24 18:00:00
FTNT,Fortinet,94.0423,5.587481875022843,3.6927477850527697,4,2025-10-24 20:00:00
FTNT,Fortinet,93.0075,5.625383181644958,3.7053169559636983,4,2025-10-24 22:00:00
FTNT,Fortinet,92.5345,5.651511096684862,3.7344805783544617,4,2025-10-25 00:00:00
FTV,Fortive,51.2606,8.422300219535828,0.0,1,2025-10-24 02:00:00
FTV,Fortive,52.3293,8.427100875579505,0.0,1,2025-10-24 04:00:00
FTV,Fortive,52.204,8.485444098329573,0.0,1,2025-10-24 06:00:00
FTV,Fortive,51.5844,8.511485644927333,0.0,1,2025-10-24 08:00:00
FTV,Fortive,51.3557,8.567736742767448,0.0,1,2025-10-24 10:00:00
FTV,Fortive,51.5174,8.575622862545442,0.0,1,2025-10-24 12:00:00
FTV,Fortive,52.0048,8.516961951786685,0.0,1,2025-10-24 14:00:00
FTV,Fortive,51.8911,8.472435568579085,0.0,1,2025-10-24 16:00:00
FTV,Fortive,51.8876,8.535715666650132,0.0,1,2025-10-24 18:00:00
FTV,Fortive,51.9439,8.569139454642206,0.0,1,2025-10-24 20:00:00
FTV,Fortive,51.6478,8.496383245023992,0.0,1,2025-10-24 22:00:00
FTV,Fortive,51.4486,8.549279137844472,0.0,1,2025-10-25 00:00:00
GD,General Dynamics,336.0799,-3.517900109291076,7.8821998834609985,6,2025-10-24 02:00:00
GD,General Dynamics,326.2946,-3.4834690890297995,7.816614393302531,6,2025-10-24 04:00:00
GD,General Dynamics,326.2396,-3.476398113096021,7.8284656857456385,6,2025-10-24 06:00:00
GD,General Dynamics,331.5224,-3.4563829706509615,7.825593840759048,6,2025-10-24 08:00:00
GD,General Dynamics,333.6818,-3.4892638431983,7.84019260263588,6,2025-10-24 10:00:00
GD,General Dynamics,332.3051,-3.481943010959583,7.82170486184475,6,2025-10-24 12:00:00
GD,General Dynamics,330.2863,-3.4697728168030673,7.858516169760646,6,2025-10-24 14:00:00
GD,General Dynamics,330.1439,-3.435370954839969,7.880272424742885,6,2025-10-24 16:00:00
GD,General Dynamics,330.3758,-3.4305187303303506,7.885781567588763,6,2025-10-24 18:00:00
GD,General Dynamics,330.3649,-3.424397338423767,7.922316767380184,6,2025-10-24 20:00:00
GD,General Dynamics,330.6961,-3.402784352427409,7.958700475818539,6,2025-10-24 22:00:00
GD,General Dynamics,330.722,-3.391452855310437,7.944783257220247,6,2025-10-25 00:00:00
GDDY,GoDaddy,136.4937,5.419600009918213,0.0,1,2025-10-24 02:00:00
GDDY,GoDaddy,142.0694,5.435789545994804,0.0,1,2025-10-24 04:00:00
GDDY,GoDaddy,143.0254,5.470689440630988,0.0,1,2025-10-24 06:00:00
GDDY,GoDaddy,140.0062,5.506818863471363,0.0,1,2025-10-24 08:00:00
GDDY,GoDaddy,136.4013,5.469967371826583,0.0,1,2025-10-24 10:00:00
GDDY,GoDaddy,136.6146,5.477139055704288,0.0,1,2025-10-24 12:00:00
GDDY,GoDaddy,138.7316,5.500794764362102,0.0,1,2025-10-24 14:00:00
GDDY,GoDaddy,140.2521,5.555782959624083,0.0,1,2025-10-24 16:00:00
GDDY,GoDaddy,140.2363,5.509864466965974,0.0,1,2025-10-24 18:00:00
GDDY,GoDaddy,139.8821,5.495506566652594,0.0,1,2025-10-24 20:00:00
GDDY,GoDaddy,139.3839,5.4648094528619735,0.0,1,2025-10-24 22:00:00
GDDY,GoDaddy,139.1744,5.447274855742337,0.0,1,2025-10-25 00:00:00
GE,GE Aerospace,338.3621,-5.808299779891968,0.0,1,2025-10-24 02:00:00
GE,GE Aerospace,353.0521,-5.7898593267554475,0.0,1,2025-10-24 04:00:00
GE,GE Aerospace,349.6219,-5.822107583426456,0.0,1,2025-10-24 06:00:00
GE,GE Aerospace,342.2956,-5.7967666891692105,0.0,1,2025-10-24 08:00:00
GE,GE Aerospace,331.7064,-5.833817620234966,0.0,1,2025-10-24 10:00:00
GE,GE Aerospace,329.979,-5.82151531181233,0.0,1,2025-10-24 12:00:00
GE,GE Aerospace,345.9548,-5.839198880159744,0.0,1,2025-10-24 14:00:00
GE,GE Aerospace,350.0153,-5.821824114978302,0.0,1,2025-10-24 16:00:00
GE,GE Aerospace,349.2031,-5.772261030694021,0.0,1,2025-10-24 18:00:00
GE,GE Aerospace,346.6047,-5.802784923718939,0.0,1,2025-10-24 20:00:00
GE,GE Aerospace,343.4264,-5.798527772664741,0.0,1,2025-10-24 22:00:00
GE,GE Aerospace,342.7759,-5.752025420182893,0.0,1,2025-10-25 00:00:00
GEHC,GE HealthCare,80.3349,8.363400101661682,0.0,1,2025-10-24 02:00:00
GEHC,GE HealthCare,80.7687,8.377417838897241,0.0,1,2025-10-24 04:00:00
GEHC,GE HealthCare,80.4912,8.358439996518404,0.0,1,2025-10-24 06:00:00
GEHC,GE HealthCare,80.1444,8.341965909028904,0.0,1,2025-10-24 08:00:00
GEHC,GE HealthCare,80.127,8.42079398335305,0.0,1,2025-10-24 10:00:00
GEHC,GE HealthCare,80.1977,8.348797062201948,0.0,1,2025-10-24 12:00:00
GEHC,GE HealthCare,80.2779,8.28607175268504,0.0,1,2025-10-24 14:00:00
GEHC,GE HealthCare,80.2112,8.212339471026013,0.0,1,2025-10-24 16:00:00
GEHC,GE HealthCare,80.3603,8.153608575087825,0.0,1,2025-10-24 18:00:00
GEHC,GE HealthCare,80.4152,8.097664337940863,0.0,1,2025-10-24 20:00:00
GEHC,GE HealthCare,80.2758,8.042850743470316,0.0,1,2025-10-24 22:00:00
GEHC,GE HealthCare,80.1535,8.108532832140945,0.0,1,2025-10-25 00:00:00
GEN,Gen Digital,29.1923,6.946700215339661,0.0,1,2025-10-24 02:00:00
GEN,Gen Digital,29.8163,6.930207634612363,0.0,1,2025-10-24 04:00:00
GEN,Gen Digital,29.7674,6.9606825804944465,0.0,1,2025-10-24 06:00:00
GEN,Gen Digital,29.4291,7.024166615438215,0.0,1,2025-10-24 08:00:00
GEN,Gen Digital,29.3215,7.039681354848665,0.0,1,2025-10-24 10:00:00
GEN,Gen Digital,29.4541,7.006483690814438,0.0,1,2025-10-24 12:00:00
GEN,Gen Digital,29.5692,6.984982635748638,0.0,1,2025-10-24 14:00:00
GEN,Gen Digital,29.58,6.934420650433249,0.0,1,2025-10-24 16:00:00
GEN,Gen Digital,29.4821,6.9433729821691,0.0,1,2025-10-24 18:00:00
GEN,Gen Digital,29.4688,6.984986098526834,0.0,1,2025-10-24 20:00:00
GEN,Gen Digital,29.5198,6.924676659494913,0.0,1,2025-10-24 22:00:00
GEN,Gen Digital,29.5047,6.974376047807627,0.0,1,2025-10-25 00:00:00
GEV,GE Vernova,714.2573,8.61840009689331,0.0,1,2025-10-24 02:00:00
GEV,GE Vernova,746.6516,8.680181029505055,0.0,1,2025-10-24 04:00:00
GEV,GE Vernova,738.989,8.68954894730031,0.0,1,2025-10-24 06:00:00
GEV,GE Vernova,731.2995,8.69069323627647,0.0,1,2025-10-24 08:00:00
GEV,GE Vernova,730.7772,8.749272969851205,0.0,1,2025-10-24 10:00:00
GEV,GE Vernova,731.4859,8.769938450133374,0.0,1,2025-10-24 12:00:00
GEV,GE Vernova,725.8729,8.773617050884992,0.0,1,2025-10-24 14:00:00
GEV,GE Vernova,731.6009,8.743578010140444,0.0,1,2025-10-24 16:00:00
GEV,GE Vernova,733.2605,8.693755082963149,0.0,1,2025-10-24 18:00:00
GEV,GE Vernova,730.4993,8.767281298767745,0.0,1,2025-10-24 20:00:00
GEV,GE Vernova,731.7704,8.73909920257395,0.0,1,2025-10-24 22:00:00
GEV,GE Vernova,730.8142,8.78038081452285,0.0,1,2025-10-25 00:00:00
GILD,Gilead Sciences,119.8097,3.409000039100647,2.311400026082992,3,2025-10-24 02:00:00
GILD,Gilead Sciences,119.4685,3.438478052260868,2.331712933508094,3,2025-10-24 04:00:00
GILD,Gilead Sciences,120.1509,3.450318182398324,2.3317419096959457,3,2025-10-24 06:00:00
GILD,Gilead Sciences,119.8921,3.43554556389521,2.332401325772711,3,2025-10-24 08:00:00
GILD,Gilead Sciences,119.2909,3.4195130133658997,2.3179017774368385,3,2025-10-24 10:00:00
GILD,Gilead Sciences,119.0431,3.428371915079736,2.336468228289647,3,2025-10-24 12:00:00
GILD,Gilead Sciences,119.1231,3.451634000495238,2.352461523299679,3,2025-10-24 14:00:00
GILD,Gilead Sciences,119.7027,3.466942392331081,2.366842384761943,3,2025-10-24 16:00:00
GILD,Gilead Sciences,120.6858,3.440942740430548,2.381508632345068,3,2025-10-24 18:00:00
GILD,Gilead Sciences,121.1037,3.4728435887480855,2.375799038864851,3,2025-10-24 20:00:00
GILD,Gilead Sciences,119.8359,3.5029579992033058,2.3902225929740193,3,2025-10-24 22:00:00
GILD,Gilead Sciences,118.2228,3.5246498122609893,2.3833367686838614,3,2025-10-25 00:00:00
GIS,General Mills,52.3963,8.021299839019775,1.158400028944015,2,2025-10-24 02:00:00
GIS,General Mills,54.5653,8.023781840572392,1.1562478092196486,2,2025-10-24 04:00:00
GIS,General Mills,54.1761,8.075714689687189,1.1651128885548212,2,2025-10-24 06:00:00
GIS,General Mills,53.2575,8.045813959911253,1.1568096261187275,2,2025-10-24 08:00:00
GIS,General Mills,53.5204,7.996471402291678,1.1484609205975511,2,2025-10-24 10:00:00
GIS,General Mills,53.5083,7.920374092110052,1.1469657714189216,2,2025-10-24 12:00:00
GIS,General Mills,53.3868,7.944153922290504,1.1363457804129509,2,2025-10-24 14:00:00
GIS,General Mills,53.3699,7.973926942066161,1.1275692227484801,2,2025-10-24 16:00:00
GIS,General Mills,53.5129,7.980111064634636,1.1182807602604288,2,2025-10-24 18:00:00
GIS,General Mills,53.6075,7.91743632067876,1.1268651107861494,2,2025-10-24 20:00:00
GIS,General Mills,53.4327,7.901177280861694,1.1162150112467837,2,2025-10-24 22:00:00
GIS,General Mills,53.3338,7.941534812327497,1.1168362846800817,2,2025-10-25 00:00:00
GL,Globe Life,132.2713,5.258899927139282,0.0,1,2025-10-24 02:00:00
GL,Globe Life,132.8111,5.261238278971748,0.0,1,2025-10-24 04:00:00
GL,Globe Life,132.9602,5.273110623581716,0.0,1,2025-10-24 06:00:00
GL,Globe Life,132.4052,5.261358620480573,0.0,1,2025-10-24 08:00:00
GL,Globe Life,132.2108,5.275485969921387,0.0,1,2025-10-24 10:00:00
GL,Globe Life,132.4202,5.297302807643912,0.0,1,2025-10-24 12:00:00
GL,Globe Life,132.4162,5.291137743032733,0.0,1,2025-10-24 14:00:00
GL,Globe Life,132.8378,5.315191583491694,0.0,1,2025-10-24 16:00:00
GL,Globe Life,132.8932,5.345831445983631,0.0,1,2025-10-24 18:00:00
GL,Globe Life,132.8769,5.365401689284541,0.0,1,2025-10-24 20:00:00
GL,Globe Life,132.4072,5.341637271238537,0.0,1,2025-10-24 22:00:00
GL,Globe Life,132.3347,5.357728627982965,0.0,1,2025-10-25 00:00:00
GLW,Corning Inc.,85.9665,-1.389299929141998,5.8750998973846436,9,2025-10-24 02:00:00
GLW,Corning Inc.,82.9334,-1.379473613544496,5.863680102425536,9,2025-10-24 04:00:00
GLW,Corning Inc.,79.6411,-1.3855754909273799,5.881619416068646,9,2025-10-24 06:00:00
GLW,Corning Inc.,78.5646,-1.3867295447371641,5.914596226599318,9,2025-10-24 08:00:00
GLW,Corning Inc.,82.5704,-1.3991774358261797,5.859474517238191,9,2025-10-24 10:00:00
GLW,Corning Inc.,84.1537,-1.4050485238777535,5.802893062421876,9,2025-10-24 12:00:00
GLW,Corning Inc.,85.0002,-1.4010995584635626,5.74586079182076,9,2025-10-24 14:00:00
GLW,Corning Inc.,85.3341,-1.4110249408336077,5.722947785369259,9,2025-10-24 16:00:00
GLW,Corning Inc.,85.3508,-1.409740716192958,5.706317584712478,9,2025-10-24 18:00:00
GLW,Corning Inc.,85.2754,-1.4200496804030829,5.754133947582544,9,2025-10-24 20:00:00
GLW,Corning Inc.,84.8545,-1.4152630810354039,5.708304816017416,9,2025-10-24 22:00:00
GLW,Corning Inc.,84.7631,-1.4111528367209756,5.709068497053369,9,2025-10-25 00:00:00
GM,General Motors,62.2964,0.165199991315603,0.035800000187009004,7,2025-10-24 02:00:00
GM,General Motors,58.9139,0.16561595495873924,0.035564348665613636,7,2025-10-24 04:00:00
GM,General Motors,58.9371,0.1640779349701931,0.03568549142836811,7,2025-10-24 06:00:00
GM,General Motors,61.0039,0.16264850465158653,0.036030191288340424,7,2025-10-24 08:00:00
GM,General Motors,61.3157,0.1627853488986253,0.036373419846250685,7,2025-10-24 10:00:00
GM,General Motors,61.3963,0.16393494011189338,0.03611304211074818,7,2025-10-24 12:00:00
GM,General Motors,61.3727,0.1629950211250383,0.03630865852842868,7,2025-10-24 14:00:00
GM,General Motors,61.462,0.1641646015380054,0.036108450199946955,7,2025-10-24 16:00:00
GM,General Motors,61.9824,0.16286425029918342,0.03631351354633414,7,2025-10-24 18:00:00
GM,General Motors,62.1191,0.16187403373680867,0.03661341353627217,7,2025-10-24 20:00:00
GM,General Motors,61.5312,0.16038023602864596,0.03652426320185595,7,2025-10-24 22:00:00
GM,General Motors,61.1286,0.1604882552847091,0.036640507447610285,7,2025-10-25 00:00:00
GNRC,Generac,202.2711,8.658599853515625,0.0,1,2025-10-24 02:00:00
GNRC,Generac,205.3058,8.593337182484875,0.0,1,2025-10-24 04:00:00
GNRC,Generac,205.1997,8.559047127314534,0.0,1,2025-10-24 06:00:00
GNRC,Generac,205.2489,8.557849862443147,0.0,1,2025-10-24 08:00:00
GNRC,Generac,205.7194,8.563021694321469,0.0,1,2025-10-24 10:00:00
GNRC,Generac,206.2776,8.52530227773481,0.0,1,2025-10-24 12:00:00
GNRC,Generac,206.215,8.492587899687033,0.0,1,2025-10-24 14:00:00
GNRC,Generac,205.6361,8.513535162377671,0.0,1,2025-10-24 16:00:00
GNRC,Generac,205.2505,8.53605125864874,0.0,1,2025-10-24 18:00:00
GNRC,Generac,205.1069,8.583961499817121,0.0,1,2025-10-24 20:00:00
GNRC,Generac,205.6723,8.529034910739309,0.0,1,2025-10-24 22:00:00
GNRC,Generac,206.2939,8.535352119163893,0.0,1,2025-10-25 00:00:00
GOOG,Alphabet Inc. (Class C),245.8472,1.2151999771595,7.166299819946289,11,2025-10-24 02:00:00
GOOG,Alphabet Inc. (Class C),233.0564,1.2095578937902889,7.231783061418481,11,2025-10-24 04:00:00
GOOG,Alphabet Inc. (Class C),233.5927,1.2123209670167407,7.217638597459707,11,2025-10-24 06:00:00
GOOG,Alphabet Inc. (Class C),242.8218,1.215907340552468,7.275626076856394,11,2025-10-24 08:00:00
GOOG,Alphabet Inc. (Class C),244.1528,1.2150059627663932,7.234225494850726,11,2025-10-24 10:00:00
GOOG,Alphabet Inc. (Class C),244.9652,1.217237696723151,7.303075159757691,11,2025-10-24 12:00:00
GOOG,Alphabet Inc. (Class C),244.6516,1.2110066041157683,7.2976454914461035,11,2025-10-24 14:00:00
GOOG,Alphabet Inc. (Class C),244.6038,1.2124400710104521,7.319489001509735,11,2025-10-24 16:00:00
GOOG,Alphabet Inc. (Class C),242.7598,1.2230564115080946,7.258134117701825,11,2025-10-24 18:00:00
GOOG,Alphabet Inc. (Class C),242.3608,1.2191235948770998,7.273879585771343,11,2025-10-24 20:00:00
GOOG,Alphabet Inc. (Class C),243.0555,1.2193051329372204,7.224190717451842,11,2025-10-24 22:00:00
GOOG,Alphabet Inc. (Class C),242.3432,1.2218212869508236,7.257865200689645,11,2025-10-25 00:00:00
GOOGL,Alphabet Inc. (Class A),244.8529,1.2151999771595,7.166299819946289,11,2025-10-24 02:00:00
GOOGL,Alphabet Inc. (Class A),232.2091,1.2116910290906961,7.144876720021487,11,2025-10-24 04:00:00
GOOGL,Alphabet Inc. (Class A),232.0518,1.209134949918767,7.089102454129101,11,2025-10-24 06:00:00
GOOGL,Alphabet Inc. (Class A),240.431,1.203266550512109,7.072860735394815,11,2025-10-24 08:00:00
GOOGL,Alphabet Inc. (Class A),242.4906,1.2011932871491924,7.124713939982719,11,2025-10-24 10:00:00
GOOGL,Alphabet Inc. (Class A),244.207,1.2035989994295049,7.08470608427973,11,2025-10-24 12:00:00
GOOGL,Alphabet Inc. (Class A),243.5397,1.2006481159399234,7.024278955344357,11,2025-10-24 14:00:00
GOOGL,Alphabet Inc. (Class A),242.6487,1.2001324571254,7.089548497904797,11,2025-10-24 16:00:00
GOOGL,Alphabet Inc. (Class A),241.1793,1.2039610550971085,7.131330343986629,11,2025-10-24 18:00:00
GOOGL,Alphabet Inc. (Class A),240.4008,1.2001944216928047,7.1853572638101415,11,2025-10-24 20:00:00
GOOGL,Alphabet Inc. (Class A),240.3655,1.1986899894805079,7.17437050830684,11,2025-10-24 22:00:00
GOOGL,Alphabet Inc. (Class A),240.0549,1.2022955122517265,7.175522061144226,11,2025-10-25 00:00:00
GPC,Genuine Parts Company,131.6286,0.070299999788403,0.0,1,2025-10-24 02:00:00
GPC,Genuine Parts Company,133.5145,0.0696738030373363,0.0,1,2025-10-24 04:00:00
GPC,Genuine Parts Company,134.0716,0.06958945433114602,0.0,1,2025-10-24 06:00:00
GPC,Genuine Parts Company,132.99,0.06924093395793747,0.0,1,2025-10-24 08:00:00
GPC,Genuine Parts Company,133.5051,0.06990502794660523,0.0,1,2025-10-24 10:00:00
GPC,Genuine Parts Company,133.9433,0.07019797064459772,0.0,1,2025-10-24 12:00:00
GPC,Genuine Parts Company,133.9267,0.0697493478797841,0.0,1,2025-10-24 14:00:00
GPC,Genuine Parts Company,133.0725,0.06949343823533508,0.0,1,2025-10-24 16:00:00
GPC,Genuine Parts Company,133.4714,0.0697874959230932,0.0,1,2025-10-24 18:00:00
GPC,Genuine Parts Company,133.8766,0.0702718358730146,0.0,1,2025-10-24 20:00:00
GPC,Genuine Parts Company,133.2262,0.06987248400115981,0.0,1,2025-10-24 22:00:00
GPC,Genuine Parts Company,133.5731,0.0704387207854455,0.0,1,2025-10-25 00:00:00
GPN,Global Payments,82.031,-2.592000067234039,0.0,1,2025-10-24 02:00:00
GPN,Global Payments,79.0704,-2.5751871673883575,0.0,1,2025-10-24 04:00:00
GPN,Global Payments,79.0612,-2.5657753164597024,0.0,1,2025-10-24 06:00:00
GPN,Global Payments,81.5179,-2.588476492148289,0.0,1,2025-10-24 08:00:00
GPN,Global Payments,83.9323,-2.598720968098442,0.0,1,2025-10-24 10:00:00
GPN,Global Payments,83.8178,-2.580079292589933,0.0,1,2025-10-24 12:00:00
GPN,Global Payments,81.3575,-2.5610405151455526,0.0,1,2025-10-24 14:00:00
GPN,Global Payments,79.8806,-2.5425111499917694,0.0,1,2025-10-24 16:00:00
GPN,Global Payments,79.7467,-2.5638468028402572,0.0,1,2025-10-24 18:00:00
GPN,Global Payments,81.4552,-2.538218284686645,0.0,1,2025-10-24 20:00:00
GPN,Global Payments,83.2762,-2.5133495168941664,0.0,1,2025-10-24 22:00:00
GPN,Global Payments,82.9801,-2.534162055899398,0.0,1,2025-10-25 00:00:00
GRMN,Garmin,259.6014,8.392699956893921,0.6648000329732889,2,2025-10-24 02:00:00
GRMN,Garmin,258.8446,8.38211922788056,0.6615300235472948,2,2025-10-24 04:00:00
GRMN,Garmin,256.6214,8.408572926811422,0.6629489460916994,2,2025-10-24 06:00:00
GRMN,Garmin,256.7349,8.477375472589902,0.666423099102202,2,2025-10-24 08:00:00
GRMN,Garmin,259.1383,8.397926710947901,0.6669142847876065,2,2025-10-24 10:00:00
GRMN,Garmin,259.1534,8.321160195691562,0.6729153869927375,2,2025-10-24 12:00:00
GRMN,Garmin,259.1513,8.303536301821905,0.6717257048833839,2,2025-10-24 14:00:00
GRMN,Garmin,258.2804,8.314344389667248,0.677668445068908,2,2025-10-24 16:00:00
GRMN,Garmin,255.5608,8.31786825847114,0.6776596020737771,2,2025-10-24 18:00:00
GRMN,Garmin,253.2558,8.35941589988597,0.6821250139165155,2,2025-10-24 20:00:00
GRMN,Garmin,256.2578,8.315066272902962,0.6790009290185981,2,2025-10-24 22:00:00
GRMN,Garmin,259.7339,8.287934581020332,0.6817760784438945,2,2025-10-25 00:00:00
GS,Goldman Sachs,895.6177,8.319299817085266,0.156900007277727,2,2025-10-24 02:00:00
GS,Goldman Sachs,911.2106,8.290601020104495,0.15820115316595396,2,2025-10-24 04:00:00
GS,Goldman Sachs,887.3628,8.325977852053015,0.15705522483271375,2,2025-10-24 06:00:00
GS,Goldman Sachs,859.1746,8.251586849683935,0.15731376715499887,2,2025-10-24 08:00:00
GS,Goldman Sachs,851.1724,8.283706376028118,0.15817965404922352,2,2025-10-24 10:00:00
GS,Goldman Sachs,870.0904,8.250080686531076,0.15819190249313897,2,2025-10-24 12:00:00
GS,Goldman Sachs,888.9326,8.254048434041977,0.15779397334063522,2,2025-10-24 14:00:00
GS,Goldman Sachs,887.9388,8.316025649966186,0.15864186788805465,2,2025-10-24 16:00:00
GS,Goldman Sachs,877.283,8.30741137250289,0.15988219458987926,2,2025-10-24 18:00:00
GS,Goldman Sachs,869.4605,8.330659648126073,0.15943135109592924,2,2025-10-24 20:00:00
GS,Goldman Sachs,868.9282,8.31336920821078,0.157857471171168,2,2025-10-24 22:00:00
GS,Goldman Sachs,875.2447,8.340694764460096,0.1565810000110444,2,2025-10-25 00:00:00
GWW,W. W. Grainger,1029.1161,8.812699913978577,0.0,1,2025-10-24 02:00:00
GWW,W. W. Grainger,1052.9045,8.886213873460031,0.0,1,2025-10-24 04:00:00
GWW,W. W. Grainger,1050.9648,8.927269756986647,0.0,1,2025-10-24 06:00:00
GWW,W. W. Grainger,1043.9511,8.975791486718158,0.0,1,2025-10-24 08:00:00
GWW,W. W. Grainger,1041.9001,8.891326707402847,0.0,1,2025-10-24 10:00:00
GWW,W. W. Grainger,1043.6247,8.844707508990231,0.0,1,2025-10-24 12:00:00
GWW,W. W. Grainger,1042.6654,8.86856246698408,0.0,1,2025-10-24 14:00:00
GWW,W. W. Grainger,1042.6081,8.904128523664065,0.0,1,2025-10-24 16:00:00
GWW,W. W. Grainger,1042.2661,8.84811779675073,0.0,1,2025-10-24 18:00:00
GWW,W. W. Grainger,1042.3238,8.904142064135057,0.0,1,2025-10-24 20:00:00
GWW,W. W. Grainger,1043.8646,8.899728365681831,0.0,1,2025-10-24 22:00:00
GWW,W. W. Grainger,1042.7934,8.836706421923425,0.0,1,2025-10-25 00:00:00
HAL,Halliburton,24.161,8.173099756240845,0.0,1,2025-10-24 02:00:00
HAL,Halliburton,24.0847,8.220328579410419,0.0,1,2025-10-24 04:00:00
HAL,Halliburton,24.5595,8.212708600100525,0.0,1,2025-10-24 06:00:00
HAL,Halliburton,24.9837,8.279905840304853,0.0,1,2025-10-24 08:00:00
HAL,Halliburton,25.0826,8.274387304095898,0.0,1,2025-10-24 10:00:00
HAL,Halliburton,24.8352,8.29218526115371,0.0,1,2025-10-24 12:00:00
HAL,Halliburton,24.6816,8.283706106755698,0.0,1,2025-10-24 14:00:00
HAL,Halliburton,24.2513,8.207776908396587,0.0,1,2025-10-24 16:00:00
HAL,Halliburton,24.1795,8.242198702043328,0.0,1,2025-10-24 18:00:00
HAL,Halliburton,24.6164,8.217754948834136,0.0,1,2025-10-24 20:00:00
HAL,Halliburton,24.9764,8.260543881054915,0.0,1,2025-10-24 22:00:00
HAL,Halliburton,25.0734,8.196593449247317,0.0,1,2025-10-25 00:00:00
HAS,Hasbro,79.6118,-6.592100262641907,4.395900070667267,4,2025-10-24 02:00:00
HAS,Hasbro,82.6263,-6.579759021795752,4.357321532181414,4,2025-10-24 04:00:00
HAS,Hasbro,82.7239,-6.589169550367234,4.353536076335479,4,2025-10-24 06:00:00
HAS,Hasbro,82.0845,-6.561969953509921,4.3840178324699535,4,2025-10-24 08:00:00
HAS,Hasbro,81.4986,-6.556751796374548,4.406082787785413,4,2025-10-24 10:00:00
HAS,Hasbro,81.7279,-6.543761604964244,4.366869373608711,4,2025-10-24 12:00:00
HAS,Hasbro,82.3709,-6.484742543121406,4.324967630212514,4,2025-10-24 14:00:00
HAS,Hasbro,82.6968,-6.4851922978998875,4.362151113560809,4,2025-10-24 16:00:00
HAS,Hasbro,82.2632,-6.539101543006097,4.386393090522134,4,2025-10-24 18:00:00
HAS,Hasbro,81.6839,-6.514839980011883,4.3921763564869885,4,2025-10-24 20:00:00
HAS,Hasbro,81.7673,-6.533779625864325,4.4360511177492725,4,2025-10-24 22:00:00
HAS,Hasbro,82.2854,-6.5274274727315005,4.468002859110011,4,2025-10-25 00:00:00
HBAN,Huntington Bancshares,16.0621,4.502499997615814,4.876199960708618,4,2025-10-24 02:00:00
HBAN,Huntington Bancshares,16.0087,4.48043995290257,4.835878176615101,4,2025-10-24 04:00:00
HBAN,Huntington Bancshares,16.0038,4.518378641734039,4.852966182516599,4,2025-10-24 06:00:00
HBAN,Huntington Bancshares,15.9432,4.496315687093716,4.877544810579941,4,2025-10-24 08:00:00
HBAN,Huntington Bancshares,15.9008,4.471358416171319,4.853478888504524,4,2025-10-24 10:00:00
HBAN,Huntington Bancshares,15.9229,4.505118227658003,4.884771665900272,4,2025-10-24 12:00:00
HBAN,Huntington Bancshares,15.9597,4.4693235252612995,4.846689075048697,4,2025-10-24 14:00:00
HBAN,Huntington Bancshares,15.9562,4.470059438366276,4.818411937521566,4,2025-10-24 16:00:00
HBAN,Huntington Bancshares,16.0228,4.481873230853696,4.7909362150636445,4,2025-10-24 18:00:00
HBAN,Huntington Bancshares,16.0368,4.477913531655912,4.822044386578776,4,2025-10-24 20:00:00
HBAN,Huntington Bancshares,15.9467,4.462207232123346,4.834404138828062,4,2025-10-24 22:00:00
HBAN,Huntington Bancshares,15.9008,4.499295792094761,4.852974957260062,4,2025-10-25 00:00:00
HCA,HCA Healthcare,432.3742,-9.320899844169615,0.0,1,2025-10-24 02:00:00
HCA,HCA Healthcare,422.8513,-9.283961209451652,0.0,1,2025-10-24 04:00:00
HCA,HCA Healthcare,421.109,-9.31067498205227,0.0,1,2025-10-24 06:00:00
HCA,HCA Healthcare,425.0675,-9.262408221510636,0.0,1,2025-10-24 08:00:00
HCA,HCA Healthcare,427.6685,-9.184312834684757,0.0,1,2025-10-24 10:00:00
HCA,HCA Healthcare,426.327,-9.119301071099606,0.0,1,2025-10-24 12:00:00
HCA,HCA Healthcare,425.178,-9.20104044186447,0.0,1,2025-10-24 14:00:00
HCA,HCA Healthcare,425.8175,-9.203573359957922,0.0,1,2025-10-24 16:00:00
HCA,HCA Healthcare,426.4413,-9.158846018459851,0.0,1,2025-10-24 18:00:00
HCA,HCA Healthcare,426.2473,-9.09727619233306,0.0,1,2025-10-24 20:00:00
HCA,HCA Healthcare,425.4818,-9.083301074028027,0.0,1,2025-10-24 22:00:00
HCA,HCA Healthcare,425.8897,-9.037002826864603,0.0,1,2025-10-25 00:00:00
HD,Home Depot (The),399.0024,6.2327998876571655,2.190299928188324,2,2025-10-24 02:00:00
HD,Home Depot (The),404.7618,6.191833038611164,2.1759359943236563,2,2025-10-24 04:00:00
HD,Home Depot (The),403.1705,6.2359981565367475,2.180920126693282,2,2025-10-24 06:00:00
HD,Home Depot (The),400.8385,6.281281576878159,2.1760530673676555,2,2025-10-24 08:00:00
HD,Home Depot (The),401.0325,6.292355773173542,2.168476805448973,2,2025-10-24 10:00:00
HD,Home Depot (The),401.4351,6.2817334242150125,2.175230768216434,2,2025-10-24 12:00:00
HD,Home Depot (The),401.4945,6.339087074376683,2.17185058112142,2,2025-10-24 14:00:00
HD,Home Depot (The),401.3336,6.343861645729332,2.1800077360369756,2,2025-10-24 16:00:00
HD,Home Depot (The),401.0857,6.39159661754941,2.1915898873522193,2,2025-10-24 18:00:00
HD,Home Depot (The),401.075,6.358342152568634,2.189859727176046,2,2025-10-24 20:00:00
HD,Home Depot (The),401.1359,6.295087390677656,2.1802309124890265,2,2025-10-24 22:00:00
HD,Home Depot (The),401.355,6.321117654514779,2.177617345166281,2,2025-10-25 00:00:00
HIG,Hartford (The),130.3249,-8.559799790382385,0.0,1,2025-10-24 02:00:00
HIG,Hartford (The),132.4305,-8.638706387376647,0.0,1,2025-10-24 04:00:00
HIG,Hartford (The),131.6075,-8.670562476619432,0.0,1,2025-10-24 06:00:00
HIG,Hartford (The),130.3184,-8.620680383181947,0.0,1,2025-10-24 08:00:00
HIG,Hartford (The),130.2639,-8.637432233672946,0.0,1,2025-10-24 10:00:00
HIG,Hartford (The),130.9453,-8.61044882801177,0.0,1,2025-10-24 12:00:00
HIG,Hartford (The),130.9594,-8.534316189087608,0.0,1,2025-10-24 14:00:00
HIG,Hartford (The),130.9282,-8.55757864395804,0.0,1,2025-10-24 16:00:00
HIG,Hartford (The),131.1181,-8.596364873058498,0.0,1,2025-10-24 18:00:00
HIG,Hartford (The),130.9125,-8.595431403696427,0.0,1,2025-10-24 20:00:00
HIG,Hartford (The),130.8986,-8.604600174032278,0.0,1,2025-10-24 22:00:00
HIG,Hartford (The),131.0716,-8.663509911559276,0.0,1,2025-10-25 00:00:00
HII,Huntington Ingalls Industries,298.3418,-8.977100253105164,0.0,1,2025-10-24 02:00:00
HII,Huntington Ingalls Industries,294.8172,-8.945897405436554,0.0,1,2025-10-24 04:00:00
HII,Huntington Ingalls Industries,293.669,-8.91178978527108,0.0,1,2025-10-24 06:00:00
HII,Huntington Ingalls Industries,294.8009,-8.962090294928826,0.0,1,2025-10-24 08:00:00
HII,Huntington Ingalls Industries,295.3086,-8.927240435754062,0.0,1,2025-10-24 10:00:00
HII,Huntington Ingalls Industries,295.2636,-8.998638363354472,0.0,1,2025-10-24 12:00:00
HII,Huntington Ingalls Industries,294.9738,-8.932633961115672,0.0,1,2025-10-24 14:00:00
HII,Huntington Ingalls Industries,294.9837,-8.966878159793797,0.0,1,2025-10-24 16:00:00
HII,Huntington Ingalls Industries,296.0391,-8.97057864539089,0.0,1,2025-10-24 18:00:00
HII,Huntington Ingalls Industries,296.2587,-8.920087273966352,0.0,1,2025-10-24 20:00:00
HII,Huntington Ingalls Industries,295.0825,-8.995336471463336,0.0,1,2025-10-24 22:00:00
HII,Huntington Ingalls Industries,294.6835,-8.989959706565788,0.0,1,2025-10-25 00:00:00
HLT,Hilton Worldwide,280.5758,-8.673800230026245,0.0,1,2025-10-24 02:00:00
HLT,Hilton Worldwide,284.1398,-8.600385525879167,0.0,1,2025-10-24 04:00:00
HLT,Hilton Worldwide,282.0511,-8.532536276979753,0.0,1,2025-10-24 06:00:00
HLT,Hilton Worldwide,281.6497,-8.575619670543851,0.0,1,2025-10-24 08:00:00
HLT,Hilton Worldwide,281.5292,-8.587289015641671,0.0,1,2025-10-24 10:00:00
HLT,Hilton Worldwide,281.5054,-8.543809118858562,0.0,1,2025-10-24 12:00:00
HLT,Hilton Worldwide,281.3054,-8.504053179202717,0.0,1,2025-10-24 14:00:00
HLT,Hilton Worldwide,281.3914,-8.448430049780065,0.0,1,2025-10-24 16:00:00
HLT,Hilton Worldwide,280.4746,-8.430313400272864,0.0,1,2025-10-24 18:00:00
HLT,Hilton Worldwide,280.6112,-8.416721541599399,0.0,1,2025-10-24 20:00:00
HLT,Hilton Worldwide,281.3479,-8.49469220088744,0.0,1,2025-10-24 22:00:00
HLT,Hilton Worldwide,281.0422,-8.490575480657725,0.0,1,2025-10-25 00:00:00
HOLX,Hologic,74.9406,7.096099853515625,2.314900010824203,3,2025-10-24 02:00:00
HOLX,Hologic,75.4159,7.0631024558461295,2.3153212384764883,3,2025-10-24 04:00:00
HOLX,Hologic,75.4883,7.023824010866174,2.300548133399067,3,2025-10-24 06:00:00
HOLX,Hologic,75.1815,7.0036981071988835,2.3178799333939666,3,2025-10-24 08:00:00
HOLX,Hologic,75.0717,7.024539874246878,2.3227342840996883,3,2025-10-24 10:00:00
HOLX,Hologic,75.1688,6.969664457730567,2.3380198405703974,3,2025-10-24 12:00:00
HOLX,Hologic,75.2002,6.986979225798468,2.347865601001648,3,2025-10-24 14:00:00
HOLX,Hologic,75.1912,6.936747855614403,2.3501545304361255,3,2025-10-24 16:00:00
HOLX,Hologic,75.2749,6.896292870341837,2.3511460836939193,3,2025-10-24 18:00:00
HOLX,Hologic,75.342,6.84231682746951,2.343732601371465,3,2025-10-24 20:00:00
HOLX,Hologic,75.1798,6.775373013823682,2.340017727002889,3,2025-10-24 22:00:00
HOLX,Hologic,75.1362,6.77958339128282,2.335454558112968,3,2025-10-25 00:00:00
HON,Honeywell,213.0566,1.431500017642974,8.693699836730957,4,2025-10-24 02:00:00
HON,Honeywell,215.0721,1.4432749116624246,8.735379517418092,4,2025-10-24 04:00:00
HON,Honeywell,215.7421,1.4333936256098707,8.669485425163389,4,2025-10-24 06:00:00
HON,Honeywell,215.3846,1.4430488293287371,8.640232929734493,4,2025-10-24 08:00:00
HON,Honeywell,215.8056,1.4374908946360456,8.586361957025215,4,2025-10-24 10:00:00
HON,Honeywell,215.7397,1.4308140078819604,8.555903785588123,4,2025-10-24 12:00:00
HON,Honeywell,215.484,1.4263754578816505,8.631014741562522,4,2025-10-24 14:00:00
HON,Honeywell,214.8046,1.4288607802994042,8.545625760139082,4,2025-10-24 16:00:00
HON,Honeywell,215.6542,1.4424004194451694,8.518558607302374,4,2025-10-24 18:00:00
HON,Honeywell,216.095,1.4530861254169392,8.499930187779354,4,2025-10-24 20:00:00
HON,Honeywell,216.0268,1.4592855873476074,8.550661411270587,4,2025-10-24 22:00:00
HON,Honeywell,215.9103,1.463387177042517,8.628134165961566,4,2025-10-25 00:00:00
HOOD,Robinhood Markets,161.1456,7.453399896621704,2.511300146579742,5,2025-10-24 02:00:00
HOOD,Robinhood Markets,166.8075,7.415125598341526,2.5298742291339047,5,2025-10-24 04:00:00
HOOD,Robinhood Markets,167.3328,7.464934329682207,2.5447155334646046,5,2025-10-24 06:00:00
HOOD,Robinhood Markets,170.4066,7.4265938601681,2.543772808885724,5,2025-10-24 08:00:00
HOOD,Robinhood Markets,170.5769,7.368095591331462,2.5611071702935355,5,2025-10-24 10:00:00
HOOD,Robinhood Markets,170.8622,7.342024392678531,2.567513003932631,5,2025-10-24 12:00:00
HOOD,Robinhood Markets,170.2668,7.344740116625518,2.5757028218841795,5,2025-10-24 14:00:00
HOOD,Robinhood Markets,171.1362,7.331374640834284,2.578716426072259,5,2025-10-24 16:00:00
HOOD,Robinhood Markets,170.501,7.299767031880883,2.559909564850815,5,2025-10-24 18:00:00
HOOD,Robinhood Markets,171.2147,7.349883320186047,2.539085636488676,5,2025-10-24 20:00:00
HOOD,Robinhood Markets,170.4006,7.405748579376143,2.536906112733943,5,2025-10-24 22:00:00
HOOD,Robinhood Markets,171.1852,7.39811563128265,2.529000863662647,5,2025-10-25 00:00:00
HPE,Hewlett Packard Enterprise,23.7524,4.418700039386749,0.0,1,2025-10-24 02:00:00
HPE,Hewlett Packard Enterprise,23.7738,4.441610859258737,0.0,1,2025-10-24 04:00:00
HPE,Hewlett Packard Enterprise,23.6339,4.4576142650390205,0.0,1,2025-10-24 06:00:00
HPE,Hewlett Packard Enterprise,23.5061,4.431544872240638,0.0,1,2025-10-24 08:00:00
HPE,Hewlett Packard Enterprise,23.536,4.387337058784054,0.0,1,2025-10-24 10:00:00
HPE,Hewlett Packard Enterprise,23.6227,4.3779336106119136,0.0,1,2025-10-24 12:00:00
HPE,Hewlett Packard Enterprise,23.6238,4.371707456982427,0.0,1,2025-10-24 14:00:00
HPE,Hewlett Packard Enterprise,23.6071,4.398264755102418,0.0,1,2025-10-24 16:00:00
HPE,Hewlett Packard Enterprise,23.6339,4.437137555366063,0.0,1,2025-10-24 18:00:00
HPE,Hewlett Packard Enterprise,23.6388,4.405609345710176,0.0,1,2025-10-24 20:00:00
HPE,Hewlett Packard Enterprise,23.606,4.379370767886755,0.0,1,2025-10-24 22:00:00
HPE,Hewlett Packard Enterprise,23.562,4.35987277442642,0.0,1,2025-10-25 00:00:00
HPQ,HP Inc.,29.5083,9.0829998254776,0.0,1,2025-10-24 02:00:00
HPQ,HP Inc.,30.5785,9.005463235796075,0.0,1,2025-10-24 04:00:00
HPQ,HP Inc.,30.2536,8.996806098050502,0.0,1,2025-10-24 06:00:00
HPQ,HP Inc.,29.7147,8.99933110485546,0.0,1,2025-10-24 08:00:00
HPQ,HP Inc.,29.5694,8.94339666926084,0.0,1,2025-10-24 10:00:00
HPQ,HP Inc.,29.7468,8.946499074076122,0.0,1,2025-10-24 12:00:00
HPQ,HP Inc.,29.9573,8.884457776603904,0.0,1,2025-10-24 14:00:00
HPQ,HP Inc.,29.9894,8.834010554174169,0.0,1,2025-10-24 16:00:00
HPQ,HP Inc.,29.9064,8.76871596982528,0.0,1,2025-10-24 18:00:00
HPQ,HP Inc.,29.8607,8.83832168503134,0.0,1,2025-10-24 20:00:00
HPQ,HP Inc.,29.797,8.815114323915635,0.0,1,2025-10-24 22:00:00
HPQ,HP Inc.,29.7964,8.898164253899644,0.0,1,2025-10-25 00:00:00
HRL,Hormel Foods,26.6085,8.941599726676941,0.0,1,2025-10-24 02:00:00
HRL,Hormel Foods,27.4623,8.92141932188873,0.0,1,2025-10-24 04:00:00
HRL,Hormel Foods,27.0545,8.866813484728285,0.0,1,2025-10-24 06:00:00
HRL,Hormel Foods,26.6621,8.831484917745144,0.0,1,2025-10-24 08:00:00
HRL,Hormel Foods,26.7231,8.8367328946637,0.0,1,2025-10-24 10:00:00
HRL,Hormel Foods,26.5945,8.830825283719848,0.0,1,2025-10-24 12:00:00
HRL,Hormel Foods,26.7142,8.880630970421247,0.0,1,2025-10-24 14:00:00
HRL,Hormel Foods,26.7522,8.929962646690418,0.0,1,2025-10-24 16:00:00
HRL,Hormel Foods,26.8584,8.861462469367462,0.0,1,2025-10-24 18:00:00
HRL,Hormel Foods,26.8605,8.931058355814553,0.0,1,2025-10-24 20:00:00
HRL,Hormel Foods,26.7451,8.896462747916859,0.0,1,2025-10-24 22:00:00
HRL,Hormel Foods,26.7153,8.942631046407152,0.0,1,2025-10-25 00:00:00
HSIC,Henry Schein,67.1722,9.060999751091005,0.0,1,2025-10-24 02:00:00
HSIC,Henry Schein,68.0429,9.124326287659375,0.0,1,2025-10-24 04:00:00
HSIC,Henry Schein,67.5782,9.076219518565427,0.0,1,2025-10-24 06:00:00
HSIC,Henry Schein,67.4809,8.992739090117501,0.0,1,2025-10-24 08:00:00
HSIC,Henry Schein,67.6127,8.978262181609466,0.0,1,2025-10-24 10:00:00
HSIC,Henry Schein,67.6136,9.052416948107764,0.0,1,2025-10-24 12:00:00
HSIC,Henry Schein,67.5923,9.125664450712222,0.0,1,2025-10-24 14:00:00
HSIC,Henry Schein,67.5714,9.100989270717333,0.0,1,2025-10-24 16:00:00
HSIC,Henry Schein,67.5552,9.190356242360895,0.0,1,2025-10-24 18:00:00
HSIC,Henry Schein,67.5595,9.196698807983514,0.0,1,2025-10-24 20:00:00
HSIC,Henry Schein,67.5743,9.232332537329121,0.0,1,2025-10-24 22:00:00
HSIC,Henry Schein,67.5689,9.25222288718317,0.0,1,2025-10-25 00:00:00
HST,Host Hotels & Resorts,16.5622,9.005200266838074,0.0,1,2025-10-24 02:00:00
HST,Host Hotels & Resorts,16.7141,8.956677860342282,0.0,1,2025-10-24 04:00:00
HST,Host Hotels & Resorts,16.7491,8.93521207653036,0.0,1,2025-10-24 06:00:00
HST,Host Hotels & Resorts,16.5861,8.887593509723352,0.0,1,2025-10-24 08:00:00
HST,Host Hotels & Resorts,16.5761,8.827205131135388,0.0,1,2025-10-24 10:00:00
HST,Host Hotels & Resorts,16.6937,8.766832156035479,0.0,1,2025-10-24 12:00:00
HST,Host Hotels & Resorts,16.7747,8.809816269515958,0.0,1,2025-10-24 14:00:00
HST,Host Hotels & Resorts,16.6311,8.825480541141768,0.0,1,2025-10-24 16:00:00
HST,Host Hotels & Resorts,16.6478,8.77759137060637,0.0,1,2025-10-24 18:00:00
HST,Host Hotels & Resorts,16.673,8.843857504357457,0.0,1,2025-10-24 20:00:00
HST,Host Hotels & Resorts,16.6129,8.837601183346349,0.0,1,2025-10-24 22:00:00
HST,Host Hotels & Resorts,16.5995,8.828313619071018,0.0,1,2025-10-25 00:00:00
HSY,Hershey Company (The),181.2223,7.307800054550171,0.0,1,2025-10-24 02:00:00
HSY,Hershey Company (The),183.3872,7.379153518270619,0.0,1,2025-10-24 04:00:00
HSY,Hershey Company (The),183.405,7.370488324519212,0.0,1,2025-10-24 06:00:00
HSY,Hershey Company (The),182.3215,7.4339649926173275,0.0,1,2025-10-24 08:00:00
HSY,Hershey Company (The),181.927,7.442081350343592,0.0,1,2025-10-24 10:00:00
HSY,Hershey Company (The),182.1718,7.42715622135371,0.0,1,2025-10-24 12:00:00
HSY,Hershey Company (The),182.025,7.375692654768902,0.0,1,2025-10-24 14:00:00
HSY,Hershey Company (The),181.8386,7.380948150198038,0.0,1,2025-10-24 16:00:00
HSY,Hershey Company (The),182.5329,7.3993505179147565,0.0,1,2025-10-24 18:00:00
HSY,Hershey Company (The),182.6497,7.434634054728226,0.0,1,2025-10-24 20:00:00
HSY,Hershey Company (The),181.8151,7.46863093095341,0.0,1,2025-10-24 22:00:00
HSY,Hershey Company (The),181.663,7.424819580275559,0.0,1,2025-10-25 00:00:00
HUBB,Hubbell Incorporated,440.9077,5.220400094985962,0.0,1,2025-10-24 02:00:00
HUBB,Hubbell Incorporated,443.9404,5.1889475854316816,0.0,1,2025-10-24 04:00:00
HUBB,Hubbell Incorporated,443.964,5.210664879904005,0.0,1,2025-10-24 06:00:00
HUBB,Hubbell Incorporated,441.7417,5.223488400032897,0.0,1,2025-10-24 08:00:00
HUBB,Hubbell Incorporated,441.0912,5.274972696590157,0.0,1,2025-10-24 10:00:00
HUBB,Hubbell Incorporated,441.6043,5.237633231740655,0.0,1,2025-10-24 12:00:00
HUBB,Hubbell Incorporated,442.5474,5.245557269156508,0.0,1,2025-10-24 14:00:00
HUBB,Hubbell Incorporated,442.6518,5.281947275885797,0.0,1,2025-10-24 16:00:00
HUBB,Hubbell Incorporated,442.2855,5.323753324284434,0.0,1,2025-10-24 18:00:00
HUBB,Hubbell Incorporated,442.3386,5.282842288180982,0.0,1,2025-10-24 20:00:00
HUBB,Hubbell Incorporated,441.6251,5.33269374757844,0.0,1,2025-10-24 22:00:00
HUBB,Hubbell Incorporated,441.4496,5.286083599771091,0.0,1,2025-10-25 00:00:00
HUM,Humana,276.546,0.685800015926361,8.784300088882446,2,2025-10-24 02:00:00
HUM,Humana,264.7485,0.6918524086850552,8.828853643349646,2,2025-10-24 04:00:00
HUM,Humana,263.0545,0.6934576760116252,8.87119900645783,2,2025-10-24 06:00:00
HUM,Humana,266.7402,0.6908367100548538,8.83913648559035,2,2025-10-24 08:00:00
HUM,Humana,271.6004,0.684342452945446,8.821807348169473,2,2025-10-24 10:00:00
HUM,Humana,272.7385,0.6791304050416921,8.766412163710125,2,2025-10-24 12:00:00
HUM,Humana,270.2087,0.6753631064196008,8.822924587557463,2,2025-10-24 14:00:00
HUM,Humana,267.1357,0.6695860159320662,8.747389397458026,2,2025-10-24 16:00:00
HUM,Humana,265.8187,0.6692039175547453,8.759258753938152,2,2025-10-24 18:00:00
HUM,Humana,265.8859,0.6719643020718465,8.82286493063905,2,2025-10-24 20:00:00
HUM,Humana,267.0522,0.6739109032793923,8.750472539149587,2,2025-10-24 22:00:00
HUM,Humana,268.0501,0.6785712304000409,8.756715574483966,2,2025-10-25 00:00:00
HWM,Howmet Aerospace,234.9928,6.725199818611145,2.578499913215637,2,2025-10-24 02:00:00
HWM,Howmet Aerospace,242.2382,6.661391590947781,2.596199193157362,2,2025-10-24 04:00:00
HWM,Howmet Aerospace,243.817,6.626581782560391,2.591277616044526,2,2025-10-24 06:00:00
HWM,Howmet Aerospace,244.8614,6.587672213598084,2.6039959592757516,2,2025-10-24 08:00:00
HWM,Howmet Aerospace,243.226,6.636563803701536,2.589612418984808,2,2025-10-24 10:00:00
HWM,Howmet Aerospace,241.2327,6.621561207054929,2.576859167915809,2,2025-10-24 12:00:00
HWM,Howmet Aerospace,241.5166,6.639399167946867,2.5991097542603714,2,2025-10-24 14:00:00
HWM,Howmet Aerospace,243.1161,6.5901729303213985,2.597309971147434,2,2025-10-24 16:00:00
HWM,Howmet Aerospace,243.1712,6.610704305428669,2.6139121274048454,2,2025-10-24 18:00:00
HWM,Howmet Aerospace,242.9696,6.565605673948682,2.637957679324322,2,2025-10-24 20:00:00
HWM,Howmet Aerospace,242.3389,6.566478973525211,2.6474915021838568,2,2025-10-24 22:00:00
HWM,Howmet Aerospace,242.331,6.549168718014042,2.636308217646707,2,2025-10-25 00:00:00
IBKR,Interactive Brokers,76.515,8.54960024356842,0.821800008416175,2,2025-10-24 02:00:00
IBKR,Interactive Brokers,78.5559,8.605944681007157,0.8233331050883407,2,2025-10-24 04:00:00
IBKR,Interactive Brokers,78.2929,8.629873735994908,0.8299800791409508,2,2025-10-24 06:00:00
IBKR,Interactive Brokers,77.8713,8.577702362075367,0.8279926991196527,2,2025-10-24 08:00:00
IBKR,Interactive Brokers,77.5209,8.631629990746454,0.8338023650189236,2,2025-10-24 10:00:00
IBKR,Interactive Brokers,77.9093,8.657513503763951,0.8321501508103737,2,2025-10-24 12:00:00
IBKR,Interactive Brokers,78.2348,8.67873796521996,0.8394900294230643,2,2025-10-24 14:00:00
IBKR,Interactive Brokers,78.2882,8.74252854132864,0.8381986301602516,2,2025-10-24 16:00:00
IBKR,Interactive Brokers,78.4768,8.755259304587534,0.8330804248936913,2,2025-10-24 18:00:00
IBKR,Interactive Brokers,78.6139,8.797541448409005,0.8365002397083371,2,2025-10-24 20:00:00
IBKR,Interactive Brokers,78.0632,8.798538678527983,0.8331394714187611,2,2025-10-24 22:00:00
IBKR,Interactive Brokers,77.5209,8.71267249479,0.8260824916497701,2,2025-10-25 00:00:00
IBM,IBM,303.7327,1.5568999946117401,0.0,1,2025-10-24 02:00:00
IBM,IBM,294.2416,1.571959332729804,0.0,1,2025-10-24 04:00:00
IBM,IBM,288.8012,1.5856906667499315,0.0,1,2025-10-24 06:00:00
IBM,IBM,291.472,1.5746113297947801,0.0,1,2025-10-24 08:00:00
IBM,IBM,298.7866,1.5892961130654226,0.0,1,2025-10-24 10:00:00
IBM,IBM,299.3547,1.5752155651098863,0.0,1,2025-10-24 12:00:00
IBM,IBM,296.8506,1.563223670819463,0.0,1,2025-10-24 14:00:00
IBM,IBM,295.0201,1.5642448174672108,0.0,1,2025-10-24 16:00:00
IBM,IBM,296.935,1.5726539257883192,0.0,1,2025-10-24 18:00:00
IBM,IBM,298.5417,1.5575005107640536,0.0,1,2025-10-24 20:00:00
IBM,IBM,297.8408,1.5636282668142671,0.0,1,2025-10-24 22:00:00
IBM,IBM,296.9073,1.55587732541738,0.0,1,2025-10-25 00:00:00
ICE,Intercontinental Exchange,167.5103,7.297800183296204,1.9848999381065369,3,2025-10-24 02:00:00
ICE,Intercontinental Exchange,171.8127,7.359545034683418,1.9966308181242038,3,2025-10-24 04:00:00
ICE,Intercontinental Exchange,170.4012,7.357670376580803,1.978574422792871,3,2025-10-24 06:00:00
ICE,Intercontinental Exchange,167.8485,7.340471039346079,1.9950974346825254,3,2025-10-24 08:00:00
ICE,Intercontinental Exchange,167.0497,7.281117262130837,1.9807814758296831,3,2025-10-24 10:00:00
ICE,Intercontinental Exchange,168.2473,7.339300894250853,1.9806905481857733,3,2025-10-24 12:00:00
ICE,Intercontinental Exchange,169.3815,7.366776276254921,1.9967107383327882,3,2025-10-24 14:00:00
ICE,Intercontinental Exchange,169.5961,7.301750661094243,1.9982866678669384,3,2025-10-24 16:00:00
ICE,Intercontinental Exchange,168.615,7.238628568798057,2.01028483175966,3,2025-10-24 18:00:00
ICE,Intercontinental Exchange,167.917,7.176274182720512,2.007151924442282,3,2025-10-24 20:00:00
ICE,Intercontinental Exchange,168.1538,7.191157588509174,1.9872020003115274,3,2025-10-24 22:00:00
ICE,Intercontinental Exchange,168.5238,7.230469626824945,2.0005453494883776,3,2025-10-25 00:00:00
IDXX,Idexx Laboratories,602.3301,-9.200699925422668,0.0,1,2025-10-24 02:00:00
IDXX,Idexx Laboratories,581.0097,-9.214798463835612,0.0,1,2025-10-24 04:00:00
IDXX,Idexx Laboratories,590.3954,-9.272375577201746,0.0,1,2025-10-24 06:00:00
IDXX,Idexx Laboratories,610.7441,-9.255691599091994,0.0,1,2025-10-24 08:00:00
IDXX,Idexx Laboratories,612.8846,-9.191345626926417,0.0,1,2025-10-24 10:00:00
IDXX,Idexx Laboratories,607.8773,-9.205813646205243,0.0,1,2025-10-24 12:00:00
IDXX,Idexx Laboratories,604.4267,-9.265258926626842,0.0,1,2025-10-24 14:00:00
IDXX,Idexx Laboratories,606.3218,-9.352519048106599,0.0,1,2025-10-24 16:00:00
IDXX,Idexx Laboratories,605.8035,-9.367105990037226,0.0,1,2025-10-24 18:00:00
IDXX,Idexx Laboratories,605.033,-9.423863406037066,0.0,1,2025-10-24 20:00:00
IDXX,Idexx Laboratories,606.4922,-9.415941808584918,0.0,1,2025-10-24 22:00:00
IDXX,Idexx Laboratories,606.4562,-9.360012151506709,0.0,1,2025-10-25 00:00:00
IEX,IDEX Corporation,167.0663,-8.224300146102905,0.0,1,2025-10-24 02:00:00
IEX,IDEX Corporation,167.7701,-8.301727233231672,0.0,1,2025-10-24 04:00:00
IEX,IDEX Corporation,168.5862,-8.265798483290439,0.0,1,2025-10-24 06:00:00
IEX,IDEX Corporation,167.5188,-8.247398082231694,0.0,1,2025-10-24 08:00:00
IEX,IDEX Corporation,166.6184,-8.26355519899578,0.0,1,2025-10-24 10:00:00
IEX,IDEX Corporation,166.7229,-8.192402061001642,0.0,1,2025-10-24 12:00:00
IEX,IDEX Corporation,167.1241,-8.22471913659346,0.0,1,2025-10-24 14:00:00
IEX,IDEX Corporation,167.3974,-8.143635035569847,0.0,1,2025-10-24 16:00:00
IEX,IDEX Corporation,168.4018,-8.179685684466236,0.0,1,2025-10-24 18:00:00
IEX,IDEX Corporation,168.5722,-8.254385061926705,0.0,1,2025-10-24 20:00:00
IEX,IDEX Corporation,167.3012,-8.192226752154218,0.0,1,2025-10-24 22:00:00
IEX,IDEX Corporation,166.801,-8.199402796027062,0.0,1,2025-10-25 00:00:00
IFF,International Flavors & Fragrances,69.6525,8.709499835968018,0.0,1,2025-10-24 02:00:00
IFF,International Flavors & Fragrances,72.5623,8.643712516159495,0.0,1,2025-10-24 04:00:00
IFF,International Flavors & Fragrances,72.0749,8.638790452066292,0.0,1,2025-10-24 06:00:00
IFF,International Flavors & Fragrances,70.3916,8.681599222781106,0.0,1,2025-10-24 08:00:00
IFF,International Flavors & Fragrances,69.9436,8.757934219226136,0.0,1,2025-10-24 10:00:00
IFF,International Flavors & Fragrances,70.2538,8.69314687999349,0.0,1,2025-10-24 12:00:00
IFF,International Flavors & Fragrances,70.6127,8.675355109592243,0.0,1,2025-10-24 14:00:00
IFF,International Flavors & Fragrances,70.5669,8.649538407177268,0.0,1,2025-10-24 16:00:00
IFF,International Flavors & Fragrances,70.5326,8.640872233193267,0.0,1,2025-10-24 18:00:00
IFF,International Flavors & Fragrances,70.5182,8.566995892649114,0.0,1,2025-10-24 20:00:00
IFF,International Flavors & Fragrances,70.4468,8.644316760333886,0.0,1,2025-10-24 22:00:00
IFF,International Flavors & Fragrances,70.4129,8.579215649663253,0.0,1,2025-10-25 00:00:00
INCY,Incyte,88.8337,0.291900001466274,0.0,1,2025-10-24 02:00:00
INCY,Incyte,87.2067,0.29370207170510676,0.0,1,2025-10-24 04:00:00
INCY,Incyte,87.3615,0.2918695083502279,0.0,1,2025-10-24 06:00:00
INCY,Incyte,88.4604,0.2945422658632907,0.0,1,2025-10-24 08:00:00
INCY,Incyte,88.6628,0.2958614888182127,0.0,1,2025-10-24 10:00:00
INCY,Incyte,88.779,0.29590033226417234,0.0,1,2025-10-24 12:00:00
INCY,Incyte,88.7138,0.2955079919018627,0.0,1,2025-10-24 14:00:00
INCY,Incyte,88.7153,0.2978908023618283,0.0,1,2025-10-24 16:00:00
INCY,Incyte,88.75,0.2954404646227193,0.0,1,2025-10-24 18:00:00
INCY,Incyte,88.7729,0.2975171756893428,0.0,1,2025-10-24 20:00:00
INCY,Incyte,88.7353,0.2963577831121507,0.0,1,2025-10-24 22:00:00
INCY,Incyte,88.6876,0.2962391658179175,0.0,1,2025-10-25 00:00:00
INTC,Intel,35.5822,3.7154999375343323,6.390600204467773,2,2025-10-24 02:00:00
INTC,Intel,33.0484,3.7032802769693913,6.346109216809828,2,2025-10-24 04:00:00
INTC,Intel,32.9963,3.722859042880773,6.32530857832967,2,2025-10-24 06:00:00
INTC,Intel,34.6905,3.752918575621346,6.362383029365779,2,2025-10-24 08:00:00
INTC,Intel,34.5707,3.775708872344782,6.361406052838433,2,2025-10-24 10:00:00
INTC,Intel,34.7364,3.778443415963987,6.338845005590917,2,2025-10-24 12:00:00
INTC,Intel,35.1037,3.792873379160862,6.400254819653186,2,2025-10-24 14:00:00
INTC,Intel,35.2511,3.7563142927416466,6.407371861345584,2,2025-10-24 16:00:00
INTC,Intel,35.084,3.775117096051579,6.359253434088614,2,2025-10-24 18:00:00
INTC,Intel,35.0903,3.7624902393948814,6.3649983803121275,2,2025-10-24 20:00:00
INTC,Intel,35.1937,3.765935979871994,6.3953250843472516,2,2025-10-24 22:00:00
INTC,Intel,35.3325,3.748075825172713,6.420372542968208,2,2025-10-25 00:00:00
INTU,Intuit,679.7012,8.907099962234497,0.0,1,2025-10-24 02:00:00
INTU,Intuit,673.8874,8.92202233630059,0.0,1,2025-10-24 04:00:00
INTU,Intuit,673.6423,8.910211947617915,0.0,1,2025-10-24 06:00:00
INTU,Intuit,670.9614,8.844907008756325,0.0,1,2025-10-24 08:00:00
INTU,Intuit,669.7182,8.88964577389049,0.0,1,2025-10-24 10:00:00
INTU,Intuit,670.0838,8.906698336774955,0.0,1,2025-10-24 12:00:00
INTU,Intuit,671.2743,8.866536643799273,0.0,1,2025-10-24 14:00:00
INTU,Intuit,671.7169,8.908955730304417,0.0,1,2025-10-24 16:00:00
INTU,Intuit,670.6521,8.927190015975162,0.0,1,2025-10-24 18:00:00
INTU,Intuit,669.8862,9.01070638573158,0.0,1,2025-10-24 20:00:00
INTU,Intuit,669.8958,8.935364149357351,0.0,1,2025-10-24 22:00:00
INTU,Intuit,671.7386,8.946658449471158,0.0,1,2025-10-25 00:00:00
INVH,Invitation Homes,30.5833,8.942999839782715,0.0,1,2025-10-24 02:00:00
INVH,Invitation Homes,31.2171,8.976460777181712,0.0,1,2025-10-24 04:00:00
INVH,Invitation Homes,30.9334,8.892724315577354,0.0,1,2025-10-24 06:00:00
INVH,Invitation Homes,30.7149,8.870899922939936,0.0,1,2025-10-24 08:00:00
INVH,Invitation Homes,30.7759,8.86157978037818,0.0,1,2025-10-24 10:00:00
INVH,Invitation Homes,30.7457,8.863401926986244,0.0,1,2025-10-24 12:00:00
INVH,Invitation Homes,30.7195,8.88482720860545,0.0,1,2025-10-24 14:00:00
INVH,Invitation Homes,30.6686,8.819082706479811,0.0,1,2025-10-24 16:00:00
INVH,Invitation Homes,30.8482,8.802305977209961,0.0,1,2025-10-24 18:00:00
INVH,Invitation Homes,30.8796,8.832800238104726,0.0,1,2025-10-24 20:00:00
INVH,Invitation Homes,30.7873,8.786954183184754,0.0,1,2025-10-24 22:00:00
INVH,Invitation Homes,30.8042,8.775364838301924,0.0,1,2025-10-25 00:00:00
IP,International Paper,51.0728,6.5716999769210815,0.0,1,2025-10-24 02:00:00
IP,International Paper,52.0982,6.544456709875739,0.0,1,2025-10-24 04:00:00
IP,International Paper,52.0202,6.543793195266526,0.0,1,2025-10-24 06:00:00
IP,International Paper,51.5928,6.492467184536131,0.0,1,2025-10-24 08:00:00
IP,International Paper,51.4072,6.528675878592089,0.0,1,2025-10-24 10:00:00
IP,International Paper,51.5181,6.529223328637672,0.0,1,2025-10-24 12:00:00
IP,International Paper,51.5871,6.577908995809573,0.0,1,2025-10-24 14:00:00
IP,International Paper,51.6092,6.589758090834875,0.0,1,2025-10-24 16:00:00
IP,International Paper,51.75,6.610024134666442,0.0,1,2025-10-24 18:00:00
IP,International Paper,51.7162,6.63624664180543,0.0,1,2025-10-24 20:00:00
IP,International Paper,51.6164,6.610335566444316,0.0,1,2025-10-24 22:00:00
IP,International Paper,51.5804,6.598514030334973,0.0,1,2025-10-25 00:00:00
IPG,Interpublic Group of Companies (The),27.8151,-6.793799996376038,0.0,1,2025-10-24 02:00:00
IPG,Interpublic Group of Companies (The),28.3724,-6.784268074726336,0.0,1,2025-10-24 04:00:00
IPG,Interpublic Group of Companies (The),28.2957,-6.805565324157402,0.0,1,2025-10-24 06:00:00
IPG,Interpublic Group of Companies (The),28.1056,-6.772770141428619,0.0,1,2025-10-24 08:00:00
IPG,Interpublic Group of Companies (The),28.0608,-6.757048813269884,0.0,1,2025-10-24 10:00:00
IPG,Interpublic Group of Companies (The),28.1044,-6.769744491394579,0.0,1,2025-10-24 12:00:00
IPG,Interpublic Group of Companies (The),28.0749,-6.781569827601813,0.0,1,2025-10-24 14:00:00
IPG,Interpublic Group of Companies (The),28.0391,-6.830868247416602,0.0,1,2025-10-24 16:00:00
IPG,Interpublic Group of Companies (The),28.1358,-6.869409919940135,0.0,1,2025-10-24 18:00:00
IPG,Interpublic Group of Companies (The),28.1845,-6.916014100329334,0.0,1,2025-10-24 20:00:00
IPG,Interpublic Group of Companies (The),28.1717,-6.853534678761809,0.0,1,2025-10-24 22:00:00
IPG,Interpublic Group of Companies (The),28.1188,-6.90501794663784,0.0,1,2025-10-25 00:00:00
IQV,IQVIA,218.6475,7.7007997035980225,1.673900038003921,2,2025-10-24 02:00:00
IQV,IQVIA,218.5399,7.67034780186309,1.6904100666849324,2,2025-10-24 04:00:00
IQV,IQVIA,218.7938,7.615110513867927,1.7025582571288431,2,2025-10-24 06:00:00
IQV,IQVIA,218.4507,7.629635446492934,1.7014952370798966,2,2025-10-24 08:00:00
IQV,IQVIA,218.1597,7.696979400797092,1.7125722838391575,2,2025-10-24 10:00:00
IQV,IQVIA,218.3831,7.773621331652514,1.7287801791363495,2,2025-10-24 12:00:00
IQV,IQVIA,218.3991,7.739984308144019,1.7397612428699551,2,2025-10-24 14:00:00
IQV,IQVIA,218.4314,7.8089984150621845,1.7522402794220957,2,2025-10-24 16:00:00
IQV,IQVIA,218.7463,7.839598637393219,1.7503304776519286,2,2025-10-24 18:00:00
IQV,IQVIA,218.9256,7.834593272568359,1.7575796862763542,2,2025-10-24 20:00:00
IQV,IQVIA,218.4422,7.897250333221777,1.7711068319933676,2,2025-10-24 22:00:00
IQV,IQVIA,218.1597,7.88813200498208,1.7574050912781958,2,2025-10-25 00:00:00
IR,Ingersoll Rand,83.8164,8.192099928855896,0.613100007176399,2,2025-10-24 02:00:00
IR,Ingersoll Rand,86.0741,8.152176382038375,0.618523304182418,2,2025-10-24 04:00:00
IR,Ingersoll Rand,85.7418,8.1699875346851,0.6124187859176354,2,2025-10-24 06:00:00
IR,Ingersoll Rand,85.1023,8.138510458639187,0.6132918523077306,2,2025-10-24 08:00:00
IR,Ingersoll Rand,85.2964,8.094065830223842,0.6189874737491379,2,2025-10-24 10:00:00
IR,Ingersoll Rand,85.2594,8.021681104881772,0.6146157090534462,2,2025-10-24 12:00:00
IR,Ingersoll Rand,85.1786,7.955312387684414,0.6136267699056047,2,2025-10-24 14:00:00
IR,Ingersoll Rand,85.1813,7.890280961253231,0.6175152073576775,2,2025-10-24 16:00:00
IR,Ingersoll Rand,85.3817,7.940029167879442,0.6209883755601914,2,2025-10-24 18:00:00
IR,Ingersoll Rand,85.4229,7.985225643789815,0.6241876285703373,2,2025-10-24 20:00:00
IR,Ingersoll Rand,85.1978,7.950543191781801,0.6233736395809559,2,2025-10-24 22:00:00
IR,Ingersoll Rand,85.1786,7.931306163749784,0.6238946734078865,2,2025-10-25 00:00:00
IRM,Iron Mountain,110.6109,8.574600219726562,0.0,1,2025-10-24 02:00:00
IRM,Iron Mountain,112.1629,8.562938212445061,0.0,1,2025-10-24 04:00:00
IRM,Iron Mountain,110.8785,8.527330177647865,0.0,1,2025-10-24 06:00:00
IRM,Iron Mountain,110.046,8.477940152860038,0.0,1,2025-10-24 08:00:00
IRM,Iron Mountain,110.816,8.406941072975796,0.0,1,2025-10-24 10:00:00
IRM,Iron Mountain,111.5356,8.400816181443096,0.0,1,2025-10-24 12:00:00
IRM,Iron Mountain,111.5225,8.330506867500283,0.0,1,2025-10-24 14:00:00
IRM,Iron Mountain,111.3222,8.355007154733034,0.0,1,2025-10-24 16:00:00
IRM,Iron Mountain,111.3109,8.335956392852196,0.0,1,2025-10-24 18:00:00
IRM,Iron Mountain,111.472,8.349173248290517,0.0,1,2025-10-24 20:00:00
IRM,Iron Mountain,111.2353,8.304818243910265,0.0,1,2025-10-24 22:00:00
IRM,Iron Mountain,111.1271,8.235753579086309,0.0,1,2025-10-25 00:00:00
ISRG,Intuitive Surgical,548.0376,4.193899929523468,5.803200006484985,3,2025-10-24 02:00:00
ISRG,Intuitive Surgical,553.9672,4.21618411348523,5.7835221089960855,3,2025-10-24 04:00:00
ISRG,Intuitive Surgical,558.6442,4.209835823271064,5.7361194366165815,3,2025-10-24 06:00:00
ISRG,Intuitive Surgical,556.5944,4.185387973644224,5.743246587274466,3,2025-10-24 08:00:00
ISRG,Intuitive Surgical,550.7227,4.178129086363902,5.7899593063292185,3,2025-10-24 10:00:00
ISRG,Intuitive Surgical,549.4893,4.2007655682683955,5.810472646112694,3,2025-10-24 12:00:00
ISRG,Intuitive Surgical,551.6179,4.183645105883943,5.791378178811111,3,2025-10-24 14:00:00
ISRG,Intuitive Surgical,552.3754,4.167131448683944,5.753851359806582,3,2025-10-24 16:00:00
ISRG,Intuitive Surgical,553.9461,4.148239737357238,5.753725432517109,3,2025-10-24 18:00:00
ISRG,Intuitive Surgical,554.1998,4.125225225155404,5.743327510556534,3,2025-10-24 20:00:00
ISRG,Intuitive Surgical,552.2204,4.084550432507168,5.775735647311844,3,2025-10-24 22:00:00
ISRG,Intuitive Surgical,550.7587,4.097323937943593,5.785115804124709,3,2025-10-25 00:00:00
IT,Gartner,280.9829,-1.867700070142746,8.018699884414673,3,2025-10-24 02:00:00
IT,Gartner,312.3792,-1.8809099283695139,8.027843548001739,3,2025-10-24 04:00:00
IT,Gartner,308.4912,-1.87481794847092,8.10591062400109,3,2025-10-24 06:00:00
IT,Gartner,270.6907,-1.8890908613938606,8.118955809246424,3,2025-10-24 08:00:00
IT,Gartner,264.0336,-1.9057889754402306,8.156188260742198,3,2025-10-24 10:00:00
IT,Gartner,277.1112,-1.8899428816521064,8.125606200082418,3,2025-10-24 12:00:00
IT,Gartner,299.4527,-1.8899832125887226,8.058609167004091,3,2025-10-24 14:00:00
IT,Gartner,301.8756,-1.887952179504344,8.081240750397722,3,2025-10-24 16:00:00
IT,Gartner,275.7507,-1.8951278269365865,8.007211300206443,3,2025-10-24 18:00:00
IT,Gartner,264.4998,-1.8778679622123648,7.974825663409597,3,2025-10-24 20:00:00
IT,Gartner,274.2834,-1.8930242545665215,8.03759595057557,3,2025-10-24 22:00:00
IT,Gartner,294.7972,-1.8954882609937886,8.108578597087618,3,2025-10-25 00:00:00
ITW,Illinois Tool Works,250.1677,3.420799970626831,6.243699789047241,8,2025-10-24 02:00:00
ITW,Illinois Tool Works,252.5639,3.4399625826230995,6.2456384270125485,8,2025-10-24 04:00:00
ITW,Illinois Tool Works,252.1263,3.4089592611903137,6.229201209352983,8,2025-10-24 06:00:00
ITW,Illinois Tool Works,251.8944,3.412581629515034,6.284137201006408,8,2025-10-24 08:00:00
ITW,Illinois Tool Works,251.8689,3.438542525530509,6.233206812058813,8,2025-10-24 10:00:00
ITW,Illinois Tool Works,251.941,3.413148327759144,6.240560613328623,8,2025-10-24 12:00:00
ITW,Illinois Tool Works,251.9433,3.3856890427728765,6.243366514652961,8,2025-10-24 14:00:00
ITW,Illinois Tool Works,251.9274,3.385227612837541,6.298977553246329,8,2025-10-24 16:00:00
ITW,Illinois Tool Works,251.6988,3.3773949018173495,6.240492990333846,8,2025-10-24 18:00:00
ITW,Illinois Tool Works,251.6474,3.3900091877123057,6.236232111933926,8,2025-10-24 20:00:00
ITW,Illinois Tool Works,251.95,3.372310702504741,6.267391925901601,8,2025-10-24 22:00:00
ITW,Illinois Tool Works,252.0079,3.395896682546791,6.222523910295922,8,2025-10-25 00:00:00
IVZ,Invesco,21.2175,4.297899901866913,7.410399913787842,9,2025-10-24 02:00:00
IVZ,Invesco,20.2676,4.261630366641962,7.466764817644951,9,2025-10-24 04:00:00
IVZ,Invesco,20.546,4.2695523388655765,7.40011909986678,9,2025-10-24 06:00:00
IVZ,Invesco,21.1399,4.2676254110128,7.346614595258591,9,2025-10-24 08:00:00
IVZ,Invesco,21.1998,4.276148162017262,7.390805259628111,9,2025-10-24 10:00:00
IVZ,Invesco,21.0659,4.245924566864428,7.449145134056844,9,2025-10-24 12:00:00
IVZ,Invesco,20.9192,4.217350206126743,7.521306742977896,9,2025-10-24 14:00:00
IVZ,Invesco,20.916,4.188865590646161,7.523389300869633,9,2025-10-24 16:00:00
IVZ,Invesco,21.0394,4.18473368691477,7.524225886042654,9,2025-10-24 18:00:00
IVZ,Invesco,21.1321,4.173675178499958,7.488587790869778,9,2025-10-24 20:00:00
IVZ,Invesco,21.0657,4.185542609799216,7.44278680428576,9,2025-10-24 22:00:00
IVZ,Invesco,20.95,4.154228869870374,7.437754996475897,9,2025-10-25 00:00:00
J,Jacobs Solutions,150.3006,-7.8602999448776245,0.0,1,2025-10-24 02:00:00
J,Jacobs Solutions,146.7075,-7.854734435958123,0.0,1,2025-10-24 04:00:00
J,Jacobs Solutions,147.5317,-7.790618020783111,0.0,1,2025-10-24 06:00:00
J,Jacobs Solutions,150.2657,-7.7968197126488255,0.0,1,2025-10-24 08:00:00
J,Jacobs Solutions,150.7073,-7.846912503520581,0.0,1,2025-10-24 10:00:00
J,Jacobs Solutions,150.4189,-7.810374517604391,0.0,1,2025-10-24 12:00:00
J,Jacobs Solutions,149.8451,-7.738725561886084,0.0,1,2025-10-24 14:00:00
J,Jacobs Solutions,149.7018,-7.693196550741297,0.0,1,2025-10-24 16:00:00
J,Jacobs Solutions,149.8551,-7.7699847149899774,0.0,1,2025-10-24 18:00:00
J,Jacobs Solutions,149.8609,-7.799371418358164,0.0,1,2025-10-24 20:00:00
J,Jacobs Solutions,149.9891,-7.862289817581331,0.0,1,2025-10-24 22:00:00
J,Jacobs Solutions,149.9817,-7.8587581074858415,0.0,1,2025-10-25 00:00:00
JBHT,J.B. Hunt,163.9716,7.535899877548218,0.0,1,2025-10-24 02:00:00
JBHT,J.B. Hunt,164.1161,7.534212250962436,0.0,1,2025-10-24 04:00:00
JBHT,J.B. Hunt,164.728,7.550006003333478,0.0,1,2025-10-24 06:00:00
JBHT,J.B. Hunt,163.1531,7.488453896304637,0.0,1,2025-10-24 08:00:00
JBHT,J.B. Hunt,163.6932,7.418021127758753,0.0,1,2025-10-24 10:00:00
JBHT,J.B. Hunt,164.4953,7.444295064973225,0.0,1,2025-10-24 12:00:00
JBHT,J.B. Hunt,164.6644,7.42354033266388,0.0,1,2025-10-24 14:00:00
JBHT,J.B. Hunt,164.5743,7.459763681101153,0.0,1,2025-10-24 16:00:00
JBHT,J.B. Hunt,164.5096,7.531609983114089,0.0,1,2025-10-24 18:00:00
JBHT,J.B. Hunt,164.5892,7.4590923432442935,0.0,1,2025-10-24 20:00:00
JBHT,J.B. Hunt,162.9416,7.524936189144419,0.0,1,2025-10-24 22:00:00
JBHT,J.B. Hunt,163.6551,7.455885642815589,0.0,1,2025-10-25 00:00:00
JBL,Jabil,229.9914,8.295199871063232,0.0,1,2025-10-24 02:00:00
JBL,Jabil,232.7037,8.377323187054367,0.0,1,2025-10-24 04:00:00
JBL,Jabil,233.3859,8.352982637575334,0.0,1,2025-10-24 06:00:00
JBL,Jabil,232.4565,8.378787552097924,0.0,1,2025-10-24 08:00:00
JBL,Jabil,230.8169,8.428896089736162,0.0,1,2025-10-24 10:00:00
JBL,Jabil,229.9402,8.41589741078496,0.0,1,2025-10-24 12:00:00
JBL,Jabil,231.2662,8.379542695142433,0.0,1,2025-10-24 14:00:00
JBL,Jabil,232.9259,8.30953681554809,0.0,1,2025-10-24 16:00:00
JBL,Jabil,233.0156,8.248456592548065,0.0,1,2025-10-24 18:00:00
JBL,Jabil,229.8175,8.315249799330099,0.0,1,2025-10-24 20:00:00
JBL,Jabil,228.185,8.295702267250839,0.0,1,2025-10-24 22:00:00
JBL,Jabil,230.6453,8.232518132877784,0.0,1,2025-10-25 00:00:00
JCI,Johnson Controls,119.4391,3.0302000045776363,9.768800139427183,3,2025-10-24 02:00:00
JCI,Johnson Controls,118.4947,3.0056250102114253,9.74255354890939,3,2025-10-24 04:00:00
JCI,Johnson Controls,118.5314,3.0103920274295004,9.67972845693895,3,2025-10-24 06:00:00
JCI,Johnson Controls,118.8314,3.026690631559496,9.723900615466183,3,2025-10-24 08:00:00
JCI,Johnson Controls,118.6449,3.0277073225230233,9.71231246289501,3,2025-10-24 10:00:00
JCI,Johnson Controls,118.6685,3.031011371970536,9.784091558549264,3,2025-10-24 12:00:00
JCI,Johnson Controls,118.7214,3.038313197668738,9.735591555565874,3,2025-10-24 14:00:00
JCI,Johnson Controls,118.8085,3.0356904690303326,9.832487376298127,3,2025-10-24 16:00:00
JCI,Johnson Controls,118.8987,3.03777244079884,9.737097305233306,3,2025-10-24 18:00:00
JCI,Johnson Controls,119.0718,3.0394644929486265,9.676366678678617,3,2025-10-24 20:00:00
JCI,Johnson Controls,118.5736,3.01633363153398,9.749094891629515,3,2025-10-24 22:00:00
JCI,Johnson Controls,118.6785,3.037416131009724,9.838181518165374,3,2025-10-25 00:00:00
JKHY,Jack Henry & Associates,163.9571,8.963900208473206,0.0,1,2025-10-24 02:00:00
JKHY,Jack Henry & Associates,165.8357,9.016090761760795,0.0,1,2025-10-24 04:00:00
JKHY,Jack Henry & Associates,164.8047,8.935498727680189,0.0,1,2025-10-24 06:00:00
JKHY,Jack Henry & Associates,164.4142,9.02175691397357,0.0,1,2025-10-24 08:00:00
JKHY,Jack Henry & Associates,164.6346,8.999695378842882,0.0,1,2025-10-24 10:00:00
JKHY,Jack Henry & Associates,164.644,8.934369021251408,0.0,1,2025-10-24 12:00:00
JKHY,Jack Henry & Associates,164.3797,8.878438149929293,0.0,1,2025-10-24 14:00:00
JKHY,Jack Henry & Associates,164.3713,8.962068542278468,0.0,1,2025-10-24 16:00:00
JKHY,Jack Henry & Associates,164.5548,9.03843570265748,0.0,1,2025-10-24 18:00:00
JKHY,Jack Henry & Associates,164.5659,9.076129052382553,0.0,1,2025-10-24 20:00:00
JKHY,Jack Henry & Associates,164.373,8.987384132268947,0.0,1,2025-10-24 22:00:00
JKHY,Jack Henry & Associates,164.3353,8.997213158545327,0.0,1,2025-10-25 00:00:00
JNJ,Johnson & Johnson,179.1571,-3.031699955463409,4.027499854564667,3,2025-10-24 02:00:00
JNJ,Johnson & Johnson,175.7829,-3.0287645263164538,3.9930415532004084,3,2025-10-24 04:00:00
JNJ,Johnson & Johnson,176.8458,-3.0349363336520923,4.0327561405103785,3,2025-10-24 06:00:00
JNJ,Johnson & Johnson,178.3252,-3.0337567207010463,4.002256697630191,3,2025-10-24 08:00:00
JNJ,Johnson & Johnson,178.6062,-3.013304452276459,4.031868004309269,3,2025-10-24 10:00:00
JNJ,Johnson & Johnson,178.0444,-3.003687276635151,4.056074935821817,3,2025-10-24 12:00:00
JNJ,Johnson & Johnson,177.9187,-2.9865331372418638,4.078358419218464,3,2025-10-24 14:00:00
JNJ,Johnson & Johnson,177.9565,-3.0052289990854595,4.114610203640579,3,2025-10-24 16:00:00
JNJ,Johnson & Johnson,178.1413,-2.998437237291679,4.107613265241942,3,2025-10-24 18:00:00
JNJ,Johnson & Johnson,178.1222,-2.98967559032156,4.083741220675634,3,2025-10-24 20:00:00
JNJ,Johnson & Johnson,178.0474,-3.007699685104645,4.12391834151949,3,2025-10-24 22:00:00
JNJ,Johnson & Johnson,177.9187,-2.9893130647079587,4.089361645357392,3,2025-10-25 00:00:00
JPM,JPMorgan Chase,319.4262,4.864799976348877,3.927499949932098,3,2025-10-24 02:00:00
JPM,JPMorgan Chase,327.4185,4.848723304420356,3.9424146653185823,3,2025-10-24 04:00:00
JPM,JPMorgan Chase,325.8679,4.8086891132586285,3.9277814554302855,3,2025-10-24 06:00:00
JPM,JPMorgan Chase,319.7663,4.792639392550795,3.937661137929853,3,2025-10-24 08:00:00
JPM,JPMorgan Chase,318.346,4.781018570998097,3.9322545633230197,3,2025-10-24 10:00:00
JPM,JPMorgan Chase,319.2755,4.7570973224282485,3.9009501993165756,3,2025-10-24 12:00:00
JPM,JPMorgan Chase,322.0672,4.794354540694302,3.870983667660035,3,2025-10-24 14:00:00
JPM,JPMorgan Chase,321.4198,4.812418345821708,3.8537208232496662,3,2025-10-24 16:00:00
JPM,JPMorgan Chase,322.1159,4.850591350403528,3.8184586188484086,3,2025-10-24 18:00:00
JPM,JPMorgan Chase,321.0398,4.849553979469835,3.8406930250961473,3,2025-10-24 20:00:00
JPM,JPMorgan Chase,318.6323,4.882756883368652,3.8328563896795047,3,2025-10-24 22:00:00
JPM,JPMorgan Chase,322.8985,4.872746284285735,3.8265918373613923,3,2025-10-25 00:00:00
K,Kellanova,85.5043,7.586899995803833,0.863500013947486,3,2025-10-24 02:00:00
K,Kellanova,86.3454,7.531153160741077,0.8710871888210907,3,2025-10-24 04:00:00
K,Kellanova,86.201,7.5895943328190825,0.8711868081541563,3,2025-10-24 06:00:00
K,Kellanova,86.203,7.591627778456012,0.8795561586595338,3,2025-10-24 08:00:00
K,Kellanova,86.5203,7.618120283808917,0.886608109213916,3,2025-10-24 10:00:00
K,Kellanova,86.6503,7.543843519639954,0.8892236199951914,3,2025-10-24 12:00:00
K,Kellanova,86.4717,7.492662513419346,0.8922328104719232,3,2025-10-24 14:00:00
K,Kellanova,86.3353,7.546257832016822,0.8937732784181945,3,2025-10-24 16:00:00
K,Kellanova,86.5664,7.594333205908868,0.896584010244413,3,2025-10-24 18:00:00
K,Kellanova,86.7186,7.64631356902532,0.8983138347790882,3,2025-10-24 20:00:00
K,Kellanova,86.5535,7.605603028786686,0.8996320449829611,3,2025-10-24 22:00:00
K,Kellanova,86.3082,7.6599583743263535,0.8966725791286912,3,2025-10-25 00:00:00
KDP,Keurig Dr Pepper,29.764,3.312099874019623,5.405600070953369,7,2025-10-24 02:00:00
KDP,Keurig Dr Pepper,30.942,3.300167077585229,5.421732174649332,7,2025-10-24 04:00:00
KDP,Keurig Dr Pepper,30.56,3.2746516752071084,5.443770278982858,7,2025-10-24 06:00:00
KDP,Keurig Dr Pepper,29.8823,3.293895258191004,5.415680143978101,7,2025-10-24 08:00:00
KDP,Keurig Dr Pepper,29.7364,3.296630134488292,5.38590916699992,7,2025-10-24 10:00:00
KDP,Keurig Dr Pepper,29.8437,3.268081322394744,5.422521380351547,7,2025-10-24 12:00:00
KDP,Keurig Dr Pepper,29.9194,3.2883178696339206,5.395189856709303,7,2025-10-24 14:00:00
KDP,Keurig Dr Pepper,29.9107,3.2715247979148314,5.423853513394391,7,2025-10-24 16:00:00
KDP,Keurig Dr Pepper,30.0445,3.301111588850411,5.421405759959483,7,2025-10-24 18:00:00
KDP,Keurig Dr Pepper,30.0821,3.2980922976139806,5.455059486747332,7,2025-10-24 20:00:00
KDP,Keurig Dr Pepper,29.9136,3.3153025788395736,5.50126251996225,7,2025-10-24 22:00:00
KDP,Keurig Dr Pepper,29.8217,3.3335354878962207,5.53535613362467,7,2025-10-25 00:00:00
KEY,KeyCorp,18.1967,0.006999999750405,7.934799790382385,3,2025-10-24 02:00:00
KEY,KeyCorp,18.1321,0.0070498064368009926,7.948918293248165,3,2025-10-24 04:00:00
KEY,KeyCorp,17.9447,0.007004370665625846,7.96979510061651,3,2025-10-24 06:00:00
KEY,KeyCorp,17.9994,0.006939566164423869,7.944832155447915,3,2025-10-24 08:00:00
KEY,KeyCorp,18.1702,0.00696592034444168,7.955935171249964,3,2025-10-24 10:00:00
KEY,KeyCorp,18.2289,0.0069069577461856714,7.903749942619049,3,2025-10-24 12:00:00
KEY,KeyCorp,18.1725,0.00695505915090262,7.848543538032053,3,2025-10-24 14:00:00
KEY,KeyCorp,18.0749,0.006941627722342065,7.84639690934941,3,2025-10-24 16:00:00
KEY,KeyCorp,17.9325,0.006925106064678584,7.865729281977661,3,2025-10-24 18:00:00
KEY,KeyCorp,17.9255,0.006889548277530376,7.93122561659091,3,2025-10-24 20:00:00
KEY,KeyCorp,18.0937,0.006865225067475452,7.920786726759124,3,2025-10-24 22:00:00
KEY,KeyCorp,18.2291,0.006861157231786181,7.846035028311178,3,2025-10-25 00:00:00
KEYS,Keysight Technologies,166.9597,8.596799969673157,0.538400001823902,2,2025-10-24 02:00:00
KEYS,Keysight Technologies,166.0981,8.681572760491072,0.5389256038105773,2,2025-10-24 04:00:00
KEYS,Keysight Technologies,166.7412,8.702157328237782,0.5378808592649394,2,2025-10-24 06:00:00
KEYS,Keysight Technologies,166.6119,8.77220870223986,0.5401608725490924,2,2025-10-24 08:00:00
KEYS,Keysight Technologies,166.2526,8.81517582702293,0.5431863280098935,2,2025-10-24 10:00:00
KEYS,Keysight Technologies,166.1692,8.800554476025424,0.542869191382277,2,2025-10-24 12:00:00
KEYS,Keysight Technologies,166.3236,8.820320339662482,0.5451174032420871,2,2025-10-24 14:00:00
KEYS,Keysight Technologies,166.4166,8.846664504116537,0.5442493852802774,2,2025-10-24 16:00:00
KEYS,Keysight Technologies,166.9487,8.788407230885166,0.542934990361505,2,2025-10-24 18:00:00
KEYS,Keysight Technologies,167.3015,8.833034989425771,0.5379620870138355,2,2025-10-24 20:00:00
KEYS,Keysight Technologies,166.2907,8.900211320736727,0.5397191617748635,2,2025-10-24 22:00:00
KEYS,Keysight Technologies,166.1131,8.9444304567161,0.5386977553559612,2,2025-10-25 00:00:00
KHC,Kraft Heinz,27.4411,6.290000081062317,2.799899876117706,2,2025-10-24 02:00:00
KHC,Kraft Heinz,28.9896,6.242121418072369,2.8255637799144293,2,2025-10-24 04:00:00
KHC,Kraft Heinz,28.7176,6.292728090404806,2.834845628195768,2,2025-10-24 06:00:00
KHC,Kraft Heinz,27.7388,6.249384500496403,2.8602455481008517,2,2025-10-24 08:00:00
KHC,Kraft Heinz,27.5514,6.29623836047491,2.886277811956396,2,2025-10-24 10:00:00
KHC,Kraft Heinz,27.6671,6.253767538806953,2.871697716268544,2,2025-10-24 12:00:00
KHC,Kraft Heinz,27.7832,6.21532814616962,2.8464714936955846,2,2025-10-24 14:00:00
KHC,Kraft Heinz,27.8027,6.245737355092372,2.8492283288420057,2,2025-10-24 16:00:00
KHC,Kraft Heinz,27.9876,6.189073118211654,2.8502277586237237,2,2025-10-24 18:00:00
KHC,Kraft Heinz,28.0242,6.243102945875387,2.870468971086408,2,2025-10-24 20:00:00
KHC,Kraft Heinz,27.7621,6.245784432231599,2.8762848029808197,2,2025-10-24 22:00:00
KHC,Kraft Heinz,27.6364,6.259422471392149,2.8589203864094563,2,2025-10-25 00:00:00
KIM,Kimco Realty,22.159,8.498799800872803,0.0,1,2025-10-24 02:00:00
KIM,Kimco Realty,22.1118,8.530548630787722,0.0,1,2025-10-24 04:00:00
KIM,Kimco Realty,22.1662,8.500507965464534,0.0,1,2025-10-24 06:00:00
KIM,Kimco Realty,22.1444,8.43457752646491,0.0,1,2025-10-24 08:00:00
KIM,Kimco Realty,22.1084,8.36090200788483,0.0,1,2025-10-24 10:00:00
KIM,Kimco Realty,22.1084,8.348394883707407,0.0,1,2025-10-24 12:00:00
KIM,Kimco Realty,22.1202,8.415801329735855,0.0,1,2025-10-24 14:00:00
KIM,Kimco Realty,22.1217,8.408663260260207,0.0,1,2025-10-24 16:00:00
KIM,Kimco Realty,22.1708,8.332178351114418,0.0,1,2025-10-24 18:00:00
KIM,Kimco Realty,22.1933,8.3856671238753,0.0,1,2025-10-24 20:00:00
KIM,Kimco Realty,22.1226,8.445181439724744,0.0,1,2025-10-24 22:00:00
KIM,Kimco Realty,22.0912,8.517433436310961,0.0,1,2025-10-25 00:00:00
KKR,KKR & Co.,132.1401,1.5726999938488002,10.013099908828735,2,2025-10-24 02:00:00
KKR,KKR & Co.,137.9516,1.5728205765869423,10.07593630752934,2,2025-10-24 04:00:00
KKR,KKR & Co.,135.5324,1.5639345319932663,10.015302065318352,2,2025-10-24 06:00:00
KKR,KKR & Co.,132.1486,1.5662600417697712,9.97509504995917,2,2025-10-24 08:00:00
KKR,KKR & Co.,131.9561,1.561393056947928,9.930611168365703,2,2025-10-24 10:00:00
KKR,KKR & Co.,132.8452,1.5735646010313655,9.879493452182304,2,2025-10-24 12:00:00
KKR,KKR & Co.,134.5736,1.5678258675677164,9.806033165544145,2,2025-10-24 14:00:00
KKR,KKR & Co.,135.6922,1.5711889939047141,9.768882522705228,2,2025-10-24 16:00:00
KKR,KKR & Co.,135.7224,1.5649438491130327,9.848434533541315,2,2025-10-24 18:00:00
KKR,KKR & Co.,134.3491,1.5600951801999512,9.861346077631875,2,2025-10-24 20:00:00
KKR,KKR & Co.,133.1419,1.5502368075486324,9.783934764742517,2,2025-10-24 22:00:00
KKR,KKR & Co.,132.9337,1.5395002648685396,9.713337257329105,2,2025-10-25 00:00:00
KLAC,KLA Corporation,988.8678,-8.585299849510193,0.0,1,2025-10-24 02:00:00
KLAC,KLA Corporation,938.962,-8.634819452716437,0.0,1,2025-10-24 04:00:00
KLAC,KLA Corporation,949.7426,-8.693714269567101,0.0,1,2025-10-24 06:00:00
KLAC,KLA Corporation,959.2255,-8.622176276573935,0.0,1,2025-10-24 08:00:00
KLAC,KLA Corporation,955.1189,-8.6847236787493,0.0,1,2025-10-24 10:00:00
KLAC,KLA Corporation,949.3297,-8.726963453072747,0.0,1,2025-10-24 12:00:00
KLAC,KLA Corporation,948.8466,-8.69924149249161,0.0,1,2025-10-24 14:00:00
KLAC,KLA Corporation,951.098,-8.639824475931304,0.0,1,2025-10-24 16:00:00
KLAC,KLA Corporation,947.2079,-8.635703978094604,0.0,1,2025-10-24 18:00:00
KLAC,KLA Corporation,944.5609,-8.615647138743965,0.0,1,2025-10-24 20:00:00
KLAC,KLA Corporation,949.0344,-8.614587388914524,0.0,1,2025-10-24 22:00:00
KLAC,KLA Corporation,949.635,-8.530671098899829,0.0,1,2025-10-25 00:00:00
KMB,Kimberly-Clark,125.7309,-4.166499972343445,0.0,1,2025-10-24 02:00:00
KMB,Kimberly-Clark,127.6271,-4.1278064268758445,0.0,1,2025-10-24 04:00:00
KMB,Kimberly-Clark,126.8034,-4.105264138184141,0.0,1,2025-10-24 06:00:00
KMB,Kimberly-Clark,126.0057,-4.134710423111701,0.0,1,2025-10-24 08:00:00
KMB,Kimberly-Clark,126.098,-4.12688598598617,0.0,1,2025-10-24 10:00:00
KMB,Kimberly-Clark,126.2387,-4.114505110514253,0.0,1,2025-10-24 12:00:00
KMB,Kimberly-Clark,126.259,-4.0975606718409665,0.0,1,2025-10-24 14:00:00
KMB,Kimberly-Clark,126.2409,-4.0908685967605605,0.0,1,2025-10-24 16:00:00
KMB,Kimberly-Clark,126.3495,-4.127751441948444,0.0,1,2025-10-24 18:00:00
KMB,Kimberly-Clark,126.3442,-4.128172018108301,0.0,1,2025-10-24 20:00:00
KMB,Kimberly-Clark,126.2567,-4.167082388544352,0.0,1,2025-10-24 22:00:00
KMB,Kimberly-Clark,126.249,-4.157073054205773,0.0,1,2025-10-25 00:00:00
KMI,Kinder Morgan,28.2771,7.850199937820435,0.0,1,2025-10-24 02:00:00
KMI,Kinder Morgan,29.4233,7.782727604603817,0.0,1,2025-10-24 04:00:00
KMI,Kinder Morgan,29.4306,7.8087165295466745,0.0,1,2025-10-24 06:00:00
KMI,Kinder Morgan,29.1677,7.881423036802054,0.0,1,2025-10-24 08:00:00
KMI,Kinder Morgan,29.0966,7.905911718619306,0.0,1,2025-10-24 10:00:00
KMI,Kinder Morgan,29.1657,7.829074940124341,0.0,1,2025-10-24 12:00:00
KMI,Kinder Morgan,29.1651,7.889113605282621,0.0,1,2025-10-24 14:00:00
KMI,Kinder Morgan,29.1858,7.921655617158148,0.0,1,2025-10-24 16:00:00
KMI,Kinder Morgan,29.1403,7.886338560605024,0.0,1,2025-10-24 18:00:00
KMI,Kinder Morgan,29.1761,7.948754698948718,0.0,1,2025-10-24 20:00:00
KMI,Kinder Morgan,29.1632,7.875806112967542,0.0,1,2025-10-24 22:00:00
KMI,Kinder Morgan,29.167,7.808231276129865,0.0,1,2025-10-25 00:00:00
KMX,CarMax,57.91,6.3603997230529785,0.0,1,2025-10-24 02:00:00
KMX,CarMax,59.9684,6.3274067568861785,0.0,1,2025-10-24 04:00:00
KMX,CarMax,57.9474,6.368815571997152,0.0,1,2025-10-24 06:00:00
KMX,CarMax,55.5748,6.311333342902467,0.0,1,2025-10-24 08:00:00
KMX,CarMax,55.5797,6.312269364616232,0.0,1,2025-10-24 10:00:00
KMX,CarMax,55.7649,6.283899630113905,0.0,1,2025-10-24 12:00:00
KMX,CarMax,55.8798,6.27580186885259,0.0,1,2025-10-24 14:00:00
KMX,CarMax,55.8705,6.3203022091695376,0.0,1,2025-10-24 16:00:00
KMX,CarMax,55.8401,6.350749580404218,0.0,1,2025-10-24 18:00:00
KMX,CarMax,55.9181,6.294227700529626,0.0,1,2025-10-24 20:00:00
KMX,CarMax,55.7999,6.241313178825158,0.0,1,2025-10-24 22:00:00
KMX,CarMax,55.5784,6.270550630831077,0.0,1,2025-10-25 00:00:00
KO,Coca-Cola Company (The),69.512,2.985399961471557,5.4339998960494995,3,2025-10-24 02:00:00
KO,Coca-Cola Company (The),69.6265,2.9707231464599517,5.440698742386923,3,2025-10-24 04:00:00
KO,Coca-Cola Company (The),69.6825,2.9865817102023926,5.478690992248825,3,2025-10-24 06:00:00
KO,Coca-Cola Company (The),69.6118,2.9960703465238225,5.530531003468141,3,2025-10-24 08:00:00
KO,Coca-Cola Company (The),69.6063,3.0245150455224215,5.567970697339087,3,2025-10-24 10:00:00
KO,Coca-Cola Company (The),69.6063,3.048873875074185,5.60000807132286,3,2025-10-24 12:00:00
KO,Coca-Cola Company (The),69.6124,3.060518329219719,5.638245823164694,3,2025-10-24 14:00:00
KO,Coca-Cola Company (The),69.6071,3.0439920090157218,5.60686177833916,3,2025-10-24 16:00:00
KO,Coca-Cola Company (The),69.6791,3.0537808741347066,5.551695714213198,3,2025-10-24 18:00:00
KO,Coca-Cola Company (The),69.6657,3.0334825050598986,5.599626151292301,3,2025-10-24 20:00:00
KO,Coca-Cola Company (The),69.6118,3.0560443200351575,5.641790934140715,3,2025-10-24 22:00:00
KO,Coca-Cola Company (The),69.5566,3.064778675231083,5.605836495347081,3,2025-10-25 00:00:00
KR,Kroger,69.1012,3.506999909877777,5.702599883079529,2,2025-10-24 02:00:00
KR,Kroger,70.9671,3.475334210725618,5.661720130023404,2,2025-10-24 04:00:00
KR,Kroger,71.1046,3.467136086523422,5.654529928303007,2,2025-10-24 06:00:00
KR,Kroger,70.5712,3.470087955617628,5.672256201692495,2,2025-10-24 08:00:00
KR,Kroger,70.7774,3.4519142370637255,5.708017494679532,2,2025-10-24 10:00:00
KR,Kroger,70.9937,3.4214742233249638,5.653202672130627,2,2025-10-24 12:00:00
KR,Kroger,70.7744,3.3873689315691533,5.707642792698642,2,2025-10-24 14:00:00
KR,Kroger,70.6648,3.384037750109514,5.723722299235346,2,2025-10-24 16:00:00
KR,Kroger,71.0395,3.3662794072158593,5.736653250681864,2,2025-10-24 18:00:00
KR,Kroger,71.1751,3.3956033764684865,5.785834010028265,2,2025-10-24 20:00:00
KR,Kroger,70.8447,3.3870247436865757,5.755118832904845,2,2025-10-24 22:00:00
KR,Kroger,70.881,3.3618820371914877,5.726884567662165,2,2025-10-25 00:00:00
KVUE,Kenvue,18.6287,7.188299894332886,0.0,1,2025-10-24 02:00:00
KVUE,Kenvue,19.6591,7.235055181463424,0.0,1,2025-10-24 04:00:00
KVUE,Kenvue,19.2598,7.185435267175701,0.0,1,2025-10-24 06:00:00
KVUE,Kenvue,18.8142,7.20304984586053,0.0,1,2025-10-24 08:00:00
KVUE,Kenvue,18.7719,7.172412720436504,0.0,1,2025-10-24 10:00:00
KVUE,Kenvue,18.8074,7.166998247739662,0.0,1,2025-10-24 12:00:00
KVUE,Kenvue,18.8412,7.141015670866108,0.0,1,2025-10-24 14:00:00
KVUE,Kenvue,18.8393,7.194565259581346,0.0,1,2025-10-24 16:00:00
KVUE,Kenvue,18.8837,7.123902797881223,0.0,1,2025-10-24 18:00:00
KVUE,Kenvue,18.9019,7.089806660937699,0.0,1,2025-10-24 20:00:00
KVUE,Kenvue,18.8175,7.098945792909192,0.0,1,2025-10-24 22:00:00
KVUE,Kenvue,18.8059,7.128656410834678,0.0,1,2025-10-25 00:00:00
L,Loews Corporation,96.6852,2.2499,5.870800000000001,20,2025-10-24 02:00:00
L,Loews Corporation,95.6274,2.2409432833212533,5.882412459164183,20,2025-10-24 04:00:00
L,Loews Corporation,96.0395,2.260959196997655,5.849164087730611,20,2025-10-24 06:00:00
L,Loews Corporation,96.0984,2.247126545582074,5.792556709598085,20,2025-10-24 08:00:00
L,Loews Corporation,96.6548,2.261981495462344,5.747701648929983,20,2025-10-24 10:00:00
L,Loews Corporation,96.756,2.24898574183077,5.696189192567263,20,2025-10-24 12:00:00
L,Loews Corporation,96.7357,2.2613022810049417,5.681338576747439,20,2025-10-24 14:00:00
L,Loews Corporation,96.0462,2.248561523681374,5.731071202232282,20,2025-10-24 16:00:00
L,Loews Corporation,96.6456,2.2407251343825982,5.7181105656554365,20,2025-10-24 18:00:00
L,Loews Corporation,96.8241,2.2184074433572483,5.740346042889793,20,2025-10-24 20:00:00
L,Loews Corporation,96.0382,2.202894927527213,5.717075837103187,20,2025-10-24 22:00:00
L,Loews Corporation,96.5341,2.214290185008512,5.6640475887454205,20,2025-10-25 00:00:00
LDOS,Leidos,194.941,7.954000234603882,0.0,1,2025-10-24 02:00:00
LDOS,Leidos,198.7364,7.919773505703704,0.0,1,2025-10-24 04:00:00
LDOS,Leidos,199.0513,7.909069324556068,0.0,1,2025-10-24 06:00:00
LDOS,Leidos,198.2137,7.92293993736643,0.0,1,2025-10-24 08:00:00
LDOS,Leidos,197.9063,7.907102959259097,0.0,1,2025-10-24 10:00:00
LDOS,Leidos,198.0753,7.847575884454316,0.0,1,2025-10-24 12:00:00
LDOS,Leidos,198.1581,7.8928191630693325,0.0,1,2025-10-24 14:00:00
LDOS,Leidos,198.111,7.90131914217037,0.0,1,2025-10-24 16:00:00
LDOS,Leidos,198.4754,7.959472864315769,0.0,1,2025-10-24 18:00:00
LDOS,Leidos,198.5245,7.929957120090135,0.0,1,2025-10-24 20:00:00
LDOS,Leidos,198.3103,7.884825452902955,0.0,1,2025-10-24 22:00:00
LDOS,Leidos,198.0614,7.885148777337497,0.0,1,2025-10-25 00:00:00
LEN,Lennar,130.9489,-2.0258000493049617,0.0,1,2025-10-24 02:00:00
LEN,Lennar,132.8469,-2.0225914899148236,0.0,1,2025-10-24 04:00:00
LEN,Lennar,132.3435,-2.022971062852711,0.0,1,2025-10-24 06:00:00
LEN,Lennar,131.3718,-2.0244540210053317,0.0,1,2025-10-24 08:00:00
LEN,Lennar,131.2328,-2.0056619894587255,0.0,1,2025-10-24 10:00:00
LEN,Lennar,131.5002,-2.0211587293105304,0.0,1,2025-10-24 12:00:00
LEN,Lennar,131.7524,-2.0241106882474273,0.0,1,2025-10-24 14:00:00
LEN,Lennar,131.6521,-2.0106610604043724,0.0,1,2025-10-24 16:00:00
LEN,Lennar,131.7973,-1.995095063708108,0.0,1,2025-10-24 18:00:00
LEN,Lennar,131.8068,-1.97846299388536,0.0,1,2025-10-24 20:00:00
LEN,Lennar,131.6281,-1.976963381538197,0.0,1,2025-10-24 22:00:00
LEN,Lennar,131.5241,-1.9620383834012523,0.0,1,2025-10-25 00:00:00
LH,Labcorp,269.6662,-0.646800026297569,3.908900022506714,2,2025-10-24 02:00:00
LH,Labcorp,267.2441,-0.6427970159543528,3.940283242260292,2,2025-10-24 04:00:00
LH,Labcorp,270.0111,-0.6442708914138527,3.9582491483189983,2,2025-10-24 06:00:00
LH,Labcorp,272.2182,-0.6474789538964821,3.9404799264676926,2,2025-10-24 08:00:00
LH,Labcorp,273.1809,-0.6470701105741116,3.9359579748266493,2,2025-10-24 10:00:00
LH,Labcorp,271.9781,-0.6477985383432486,3.9580238079701595,2,2025-10-24 12:00:00
LH,Labcorp,270.2446,-0.642289796471807,3.951589610430033,2,2025-10-24 14:00:00
LH,Labcorp,271.0386,-0.6447777159947221,3.9201140782993473,2,2025-10-24 16:00:00
LH,Labcorp,271.1897,-0.6445759297388148,3.9587483511351618,2,2025-10-24 18:00:00
LH,Labcorp,271.1985,-0.645514956189887,3.9435290359999278,2,2025-10-24 20:00:00
LH,Labcorp,271.2712,-0.6487486894846644,3.946940923393131,2,2025-10-24 22:00:00
LH,Labcorp,271.9441,-0.647251609646526,3.938605279327732,2,2025-10-25 00:00:00
LHX,L3Harris,296.0464,4.225099980831146,5.7051002979278564,2,2025-10-24 02:00:00
LHX,L3Harris,297.549,4.2382667888092085,5.699790376437687,2,2025-10-24 04:00:00
LHX,L3Harris,296.7138,4.219118554947244,5.658911691812825,2,2025-10-24 06:00:00
LHX,L3Harris,295.4358,4.200328778482789,5.663100887274398,2,2025-10-24 08:00:00
LHX,L3Harris,295.4945,4.215012003910478,5.682936423009474,2,2025-10-24 10:00:00
LHX,L3Harris,296.1349,4.206915409790237,5.6267515722362695,2,2025-10-24 12:00:00
LHX,L3Harris,296.138,4.2389415704541085,5.629157006762688,2,2025-10-24 14:00:00
LHX,L3Harris,296.0899,4.22603864873208,5.67186865838591,2,2025-10-24 16:00:00
LHX,L3Harris,296.2488,4.187855935131596,5.696666812021963,2,2025-10-24 18:00:00
LHX,L3Harris,296.0725,4.174024881510045,5.689362029292569,2,2025-10-24 20:00:00
LHX,L3Harris,295.8998,4.164653899872702,5.663244256369105,2,2025-10-24 22:00:00
LHX,L3Harris,295.6879,4.189557590560291,5.699001193170579,2,2025-10-25 00:00:00
LII,Lennox International,531.46,-4.5928001403808585,6.619799733161926,2,2025-10-24 02:00:00
LII,Lennox International,551.1663,-4.593710836341184,6.57174026394849,2,2025-10-24 04:00:00
LII,Lennox International,544.9012,-4.587174698465712,6.574980142749503,2,2025-10-24 06:00:00
LII,Lennox International,531.5994,-4.596043963655104,6.565709838537569,2,2025-10-24 08:00:00
LII,Lennox International,528.9335,-4.565099272964776,6.615741967613201,2,2025-10-24 10:00:00
LII,Lennox International,533.4969,-4.538085241210442,6.635338994498053,2,2025-10-24 12:00:00
LII,Lennox International,536.5487,-4.503032923897204,6.653462476249985,2,2025-10-24 14:00:00
LII,Lennox International,535.4491,-4.487869719074687,6.589590769761917,2,2025-10-24 16:00:00
LII,Lennox International,535.8261,-4.50698006052249,6.5870885539933175,2,2025-10-24 18:00:00
LII,Lennox International,535.7356,-4.4977023423380045,6.587900138738093,2,2025-10-24 20:00:00
LII,Lennox International,534.3835,-4.507988915694119,6.561942482599975,2,2025-10-24 22:00:00
LII,Lennox International,532.7472,-4.503678469384306,6.597801487678683,2,2025-10-25 00:00:00
LIN,Linde plc,458.2744,8.703399896621704,0.0,1,2025-10-24 02:00:00
LIN,Linde plc,463.9071,8.651955203798352,0.0,1,2025-10-24 04:00:00
LIN,Linde plc,462.6284,8.732553356197863,0.0,1,2025-10-24 06:00:00
LIN,Linde plc,459.8734,8.67262318304388,0.0,1,2025-10-24 08:00:00
LIN,Linde plc,459.3912,8.733708015680806,0.0,1,2025-10-24 10:00:00
LIN,Linde plc,459.8133,8.707409269139857,0.0,1,2025-10-24 12:00:00
LIN,Linde plc,460.0282,8.77826861554293,0.0,1,2025-10-24 14:00:00
LIN,Linde plc,460.243,8.763333785115758,0.0,1,2025-10-24 16:00:00
LIN,Linde plc,460.4145,8.721100483528756,0.0,1,2025-10-24 18:00:00
LIN,Linde plc,460.4264,8.666752067921376,0.0,1,2025-10-24 20:00:00
LIN,Linde plc,460.0096,8.611922443211911,0.0,1,2025-10-24 22:00:00
LIN,Linde plc,460.0235,8.61131981692344,0.0,1,2025-10-25 00:00:00
LKQ,LKQ Corporation,32.1945,-7.853000164031982,0.0,1,2025-10-24 02:00:00
LKQ,LKQ Corporation,33.1285,-7.831381842436043,0.0,1,2025-10-24 04:00:00
LKQ,LKQ Corporation,32.9078,-7.780975594286904,0.0,1,2025-10-24 06:00:00
LKQ,LKQ Corporation,32.0657,-7.719990477678684,0.0,1,2025-10-24 08:00:00
LKQ,LKQ Corporation,31.9857,-7.75584293040189,0.0,1,2025-10-24 10:00:00
LKQ,LKQ Corporation,32.1022,-7.787872782698634,0.0,1,2025-10-24 12:00:00
LKQ,LKQ Corporation,32.1739,-7.778201627484116,0.0,1,2025-10-24 14:00:00
LKQ,LKQ Corporation,32.1686,-7.7885835700873205,0.0,1,2025-10-24 16:00:00
LKQ,LKQ Corporation,32.1218,-7.840603036571346,0.0,1,2025-10-24 18:00:00
LKQ,LKQ Corporation,32.1033,-7.767269732598087,0.0,1,2025-10-24 20:00:00
LKQ,LKQ Corporation,32.1054,-7.74127533753569,0.0,1,2025-10-24 22:00:00
LKQ,LKQ Corporation,32.1396,-7.812244863043173,0.0,1,2025-10-25 00:00:00
LLY,Lilly (Eli),858.4549,0.850400030612945,7.478799819946289,12,2025-10-24 02:00:00
LLY,Lilly (Eli),869.4543,0.8566695259845838,7.5124935195851155,12,2025-10-24 04:00:00
LLY,Lilly (Eli),864.5198,0.8644565222309243,7.518359836855021,12,2025-10-24 06:00:00
LLY,Lilly (Eli),850.7396,0.872426153375831,7.513509132496672,12,2025-10-24 08:00:00
LLY,Lilly (Eli),845.4569,0.8717833919931577,7.501883208610276,12,2025-10-24 10:00:00
LLY,Lilly (Eli),851.0813,0.8720980717504362,7.482210632727335,12,2025-10-24 12:00:00
LLY,Lilly (Eli),859.1458,0.8706927137324796,7.5417786487715786,12,2025-10-24 14:00:00
LLY,Lilly (Eli),859.7524,0.8643388192288788,7.560550399836376,12,2025-10-24 16:00:00
LLY,Lilly (Eli),855.0961,0.8698461542658286,7.491230867239304,12,2025-10-24 18:00:00
LLY,Lilly (Eli),850.7218,0.8643169350741182,7.506921967662605,12,2025-10-24 20:00:00
LLY,Lilly (Eli),850.8045,0.858461585529687,7.520120050863455,12,2025-10-24 22:00:00
LLY,Lilly (Eli),852.9515,0.8605428000151782,7.579802125439105,12,2025-10-25 00:00:00
LMT,Lockheed Martin,507.3639,-9.030100107192991,0.0,1,2025-10-24 02:00:00
LMT,Lockheed Martin,518.5673,-9.11646085556376,0.0,1,2025-10-24 04:00:00
LMT,Lockheed Martin,516.9373,-9.113132557608672,0.0,1,2025-10-24 06:00:00
LMT,Lockheed Martin,511.8596,-9.155129780074851,0.0,1,2025-10-24 08:00:00
LMT,Lockheed Martin,513.6983,-9.098416667162187,0.0,1,2025-10-24 10:00:00
LMT,Lockheed Martin,512.8433,-9.138917533413977,0.0,1,2025-10-24 12:00:00
LMT,Lockheed Martin,511.1921,-9.12714378162725,0.0,1,2025-10-24 14:00:00
LMT,Lockheed Martin,511.0927,-9.184102216118898,0.0,1,2025-10-24 16:00:00
LMT,Lockheed Martin,512.0102,-9.189207068609196,0.0,1,2025-10-24 18:00:00
LMT,Lockheed Martin,512.6084,-9.12391948260355,0.0,1,2025-10-24 20:00:00
LMT,Lockheed Martin,512.1945,-9.044946776815456,0.0,1,2025-10-24 22:00:00
LMT,Lockheed Martin,511.1639,-8.974305878391243,0.0,1,2025-10-25 00:00:00
LNT,Alliant Energy,70.1567,-9.166499972343443,0.0,1,2025-10-24 02:00:00
LNT,Alliant Energy,70.6601,-9.13525700689273,0.0,1,2025-10-24 04:00:00
LNT,Alliant Energy,70.4719,-9.108893930439681,0.0,1,2025-10-24 06:00:00
LNT,Alliant Energy,70.1846,-9.103799789307761,0.0,1,2025-10-24 08:00:00
LNT,Alliant Energy,70.1853,-9.166047789522612,0.0,1,2025-10-24 10:00:00
LNT,Alliant Energy,70.195,-9.086804378205393,0.0,1,2025-10-24 12:00:00
LNT,Alliant Energy,70.2519,-9.033457448996646,0.0,1,2025-10-24 14:00:00
LNT,Alliant Energy,70.2459,-8.971828625041246,0.0,1,2025-10-24 16:00:00
LNT,Alliant Energy,70.3205,-9.061023700425014,0.0,1,2025-10-24 18:00:00
LNT,Alliant Energy,70.3992,-9.092898557790985,0.0,1,2025-10-24 20:00:00
LNT,Alliant Energy,70.2493,-9.03153843528739,0.0,1,2025-10-24 22:00:00
LNT,Alliant Energy,70.1523,-9.073643138223517,0.0,1,2025-10-25 00:00:00
LOW,Lowe's,250.0374,7.39870011806488,0.0,1,2025-10-24 02:00:00
LOW,Lowe's,252.4338,7.384647762722063,0.0,1,2025-10-24 04:00:00
LOW,Lowe's,251.49,7.41509906394666,0.0,1,2025-10-24 06:00:00
LOW,Lowe's,250.8343,7.412544611031258,0.0,1,2025-10-24 08:00:00
LOW,Lowe's,250.921,7.458525573353627,0.0,1,2025-10-24 10:00:00
LOW,Lowe's,251.0546,7.414023453926274,0.0,1,2025-10-24 12:00:00
LOW,Lowe's,251.0961,7.46606619878648,0.0,1,2025-10-24 14:00:00
LOW,Lowe's,251.0657,7.445227272145339,0.0,1,2025-10-24 16:00:00
LOW,Lowe's,250.3609,7.504942489344448,0.0,1,2025-10-24 18:00:00
LOW,Lowe's,250.2101,7.5441897781048715,0.0,1,2025-10-24 20:00:00
LOW,Lowe's,251.0524,7.472993813546772,0.0,1,2025-10-24 22:00:00
LOW,Lowe's,251.3425,7.464149778772893,0.0,1,2025-10-25 00:00:00
LRCX,Lam Research,124.2558,-6.349300146102905,0.0,1,2025-10-24 02:00:00
LRCX,Lam Research,117.5911,-6.361407702920633,0.0,1,2025-10-24 04:00:00
LRCX,Lam Research,116.8821,-6.3836747409625465,0.0,1,2025-10-24 06:00:00
LRCX,Lam Research,120.6989,-6.344684830009641,0.0,1,2025-10-24 08:00:00
LRCX,Lam Research,121.2131,-6.402928918568363,0.0,1,2025-10-24 10:00:00
LRCX,Lam Research,121.0182,-6.362393859726999,0.0,1,2025-10-24 12:00:00
LRCX,Lam Research,120.9118,-6.309732887547717,0.0,1,2025-10-24 14:00:00
LRCX,Lam Research,120.4284,-6.361480194419055,0.0,1,2025-10-24 16:00:00
LRCX,Lam Research,120.8108,-6.369936714260315,0.0,1,2025-10-24 18:00:00
LRCX,Lam Research,120.8532,-6.429227222198552,0.0,1,2025-10-24 20:00:00
LRCX,Lam Research,120.3315,-6.402941564469158,0.0,1,2025-10-24 22:00:00
LRCX,Lam Research,120.819,-6.376446607627442,0.0,1,2025-10-25 00:00:00
LULU,Lululemon Athletica,120.0858,0.389400012791156,0.0,1,2025-10-24 02:00:00
LULU,Lululemon Athletica,117.3027,0.38707795207829665,0.0,1,2025-10-24 04:00:00
LULU,Lululemon Athletica,142.0716,0.38501185658137127,0.0,1,2025-10-24 06:00:00
LULU,Lululemon Athletica,176.7342,0.3875751042001542,0.0,1,2025-10-24 08:00:00
LULU,Lululemon Athletica,156.6281,0.38873975764738694,0.0,1,2025-10-24 10:00:00
LULU,Lululemon Athletica,121.0671,0.3907528230798889,0.0,1,2025-10-24 12:00:00
LULU,Lululemon Athletica,117.8224,0.3943614666086987,0.0,1,2025-10-24 14:00:00
LULU,Lululemon Athletica,153.8406,0.3939777648480511,0.0,1,2025-10-24 16:00:00
LULU,Lululemon Athletica,172.4023,0.39100179562855225,0.0,1,2025-10-24 18:00:00
LULU,Lululemon Athletica,150.8125,0.39412172483265084,0.0,1,2025-10-24 20:00:00
LULU,Lululemon Athletica,121.4675,0.3909089929055357,0.0,1,2025-10-24 22:00:00
LULU,Lululemon Athletica,120.7309,0.3945940066044311,0.0,1,2025-10-25 00:00:00
LUV,Southwest Airlines,32.9055,-6.116999983787537,4.379000067710876,4,2025-10-24 02:00:00
LUV,Southwest Airlines,33.0058,-6.161695694549535,4.358567439115407,4,2025-10-24 04:00:00
LUV,Southwest Airlines,32.961,-6.164626340011485,4.384022750641546,4,2025-10-24 06:00:00
LUV,Southwest Airlines,32.7616,-6.156881508284392,4.373945720468129,4,2025-10-24 08:00:00
LUV,Southwest Airlines,32.7332,-6.159224484673346,4.413715167568611,4,2025-10-24 10:00:00
LUV,Southwest Airlines,32.7836,-6.185940733260538,4.392655223579034,4,2025-10-24 12:00:00
LUV,Southwest Airlines,32.7948,-6.1793070341553324,4.40791904534287,4,2025-10-24 14:00:00
LUV,Southwest Airlines,32.8309,-6.220157397952496,4.416477512149129,4,2025-10-24 16:00:00
LUV,Southwest Airlines,32.9444,-6.221578602439144,4.389008381240729,4,2025-10-24 18:00:00
LUV,Southwest Airlines,32.9499,-6.198861995435423,4.375263324076231,4,2025-10-24 20:00:00
LUV,Southwest Airlines,32.7981,-6.149429171848353,4.351887037345407,4,2025-10-24 22:00:00
LUV,Southwest Airlines,32.7332,-6.1868139241085585,4.393483844487582,4,2025-10-25 00:00:00
LVS,Las Vegas Sands,55.4558,1.4003999531269071,5.576000213623047,6,2025-10-24 02:00:00
LVS,Las Vegas Sands,54.0603,1.4005285481948122,5.616287916958818,6,2025-10-24 04:00:00
LVS,Las Vegas Sands,54.5742,1.3985021910790876,5.610935005304657,6,2025-10-24 06:00:00
LVS,Las Vegas Sands,55.3263,1.4034338586818613,5.635355978849858,6,2025-10-24 08:00:00
LVS,Las Vegas Sands,55.362,1.4016613072914887,5.59248692258008,6,2025-10-24 10:00:00
LVS,Las Vegas Sands,55.2625,1.402974644114601,5.58449026373111,6,2025-10-24 12:00:00
LVS,Las Vegas Sands,55.2212,1.39597165288577,5.618584377073163,6,2025-10-24 14:00:00
LVS,Las Vegas Sands,55.2391,1.4050884578328173,5.610091119571895,6,2025-10-24 16:00:00
LVS,Las Vegas Sands,55.35,1.3964954589755607,5.66019588200507,6,2025-10-24 18:00:00
LVS,Las Vegas Sands,55.3852,1.4088328456313315,5.7115355023614836,6,2025-10-24 20:00:00
LVS,Las Vegas Sands,55.2871,1.40903846819193,5.660841023271879,6,2025-10-24 22:00:00
LVS,Las Vegas Sands,55.2134,1.3958222492085017,5.709840549820807,6,2025-10-25 00:00:00
LW,Lamb Weston,60.1457,8.614100217819214,0.0,1,2025-10-24 02:00:00
LW,Lamb Weston,55.3146,8.56042004004447,0.0,1,2025-10-24 04:00:00
LW,Lamb Weston,54.457,8.517947927166233,0.0,1,2025-10-24 06:00:00
LW,Lamb Weston,55.2098,8.587476955335681,0.0,1,2025-10-24 08:00:00
LW,Lamb Weston,58.6366,8.621054635493905,0.0,1,2025-10-24 10:00:00
LW,Lamb Weston,61.1447,8.660593573758751,0.0,1,2025-10-24 12:00:00
LW,Lamb Weston,59.7964,8.719734361887904,0.0,1,2025-10-24 14:00:00
LW,Lamb Weston,55.5129,8.751366756564137,0.0,1,2025-10-24 16:00:00
LW,Lamb Weston,54.1627,8.749078275176698,0.0,1,2025-10-24 18:00:00
LW,Lamb Weston,55.3073,8.672964637953815,0.0,1,2025-10-24 20:00:00
LW,Lamb Weston,58.2718,8.707376180911202,0.0,1,2025-10-24 22:00:00
LW,Lamb Weston,60.2075,8.732482215278983,0.0,1,2025-10-25 00:00:00
LYB,LyondellBasell,54.973,4.525499939918518,6.197400093078613,2,2025-10-24 02:00:00
LYB,LyondellBasell,57.4818,4.508049065385421,6.2053200459957525,2,2025-10-24 04:00:00
LYB,LyondellBasell,54.8447,4.490578747334168,6.178227307764869,2,2025-10-24 06:00:00
LYB,LyondellBasell,51.4401,4.512577666822505,6.13376140367401,2,2025-10-24 08:00:00
LYB,LyondellBasell,51.0708,4.5399994886509285,6.186734308627905,2,2025-10-24 10:00:00
LYB,LyondellBasell,52.5045,4.557145089904357,6.176037040136806,2,2025-10-24 12:00:00
LYB,LyondellBasell,54.0561,4.585672998179679,6.16606690777236,2,2025-10-24 14:00:00
LYB,LyondellBasell,54.4993,4.549209423452111,6.135290355386006,2,2025-10-24 16:00:00
LYB,LyondellBasell,53.5079,4.524277999985482,6.17258871656263,2,2025-10-24 18:00:00
LYB,LyondellBasell,51.9677,4.531279448670185,6.165812932734075,2,2025-10-24 20:00:00
LYB,LyondellBasell,51.9632,4.566219324200977,6.163969431926403,2,2025-10-24 22:00:00
LYB,LyondellBasell,52.7896,4.550736406979099,6.141863031525806,2,2025-10-25 00:00:00
LYV,Live Nation Entertainment,164.0465,7.860900163650513,0.0,1,2025-10-24 02:00:00
LYV,Live Nation Entertainment,168.5366,7.802183298548836,0.0,1,2025-10-24 04:00:00
LYV,Live Nation Entertainment,167.0845,7.846541770877438,0.0,1,2025-10-24 06:00:00
LYV,Live Nation Entertainment,164.007,7.792401100677016,0.0,1,2025-10-24 08:00:00
LYV,Live Nation Entertainment,161.1217,7.8237704866932924,0.0,1,2025-10-24 10:00:00
LYV,Live Nation Entertainment,161.9009,7.803842614605803,0.0,1,2025-10-24 12:00:00
LYV,Live Nation Entertainment,165.5858,7.786473866316858,0.0,1,2025-10-24 14:00:00
LYV,Live Nation Entertainment,166.7408,7.711422769001967,0.0,1,2025-10-24 16:00:00
LYV,Live Nation Entertainment,166.9158,7.686549144852108,0.0,1,2025-10-24 18:00:00
LYV,Live Nation Entertainment,166.3047,7.726636043099321,0.0,1,2025-10-24 20:00:00
LYV,Live Nation Entertainment,164.6886,7.695947869965353,0.0,1,2025-10-24 22:00:00
LYV,Live Nation Entertainment,163.7966,7.7085307830002545,0.0,1,2025-10-25 00:00:00
MA,Mastercard,580.6891,-0.077700000256299,7.872700095176697,14,2025-10-24 02:00:00
MA,Mastercard,584.5299,-0.07758993999733724,7.834426466887211,14,2025-10-24 04:00:00
MA,Mastercard,584.8356,-0.07704786953654469,7.802133057774543,14,2025-10-24 06:00:00
MA,Mastercard,582.878,-0.07696975805227878,7.865348029268051,14,2025-10-24 08:00:00
MA,Mastercard,582.0575,-0.07650274312561507,7.92457194227994,14,2025-10-24 10:00:00
MA,Mastercard,582.8073,-0.07654509203507608,7.940395027723445,14,2025-10-24 12:00:00
MA,Mastercard,582.9321,-0.07630548887042524,7.934175475554929,14,2025-10-24 14:00:00
MA,Mastercard,582.2478,-0.07674824436430354,7.970075154726913,14,2025-10-24 16:00:00
MA,Mastercard,583.5307,-0.07634737737571236,7.9425889174503235,14,2025-10-24 18:00:00
MA,Mastercard,583.343,-0.07660165110564714,7.943870305747854,14,2025-10-24 20:00:00
MA,Mastercard,582.2213,-0.0761269592434677,7.937895156500026,14,2025-10-24 22:00:00
MA,Mastercard,582.3893,-0.07580486235184916,7.873902442742769,14,2025-10-25 00:00:00
MAA,Mid-America Apartment Communities,137.8231,8.327100276947021,0.0,1,2025-10-24 02:00:00
MAA,Mid-America Apartment Communities,139.9428,8.247870091452521,0.0,1,2025-10-24 04:00:00
MAA,Mid-America Apartment Communities,139.8097,8.217874443608993,0.0,1,2025-10-24 06:00:00
MAA,Mid-America Apartment Communities,138.7068,8.152240643365204,0.0,1,2025-10-24 08:00:00
MAA,Mid-America Apartment Communities,138.4442,8.154615471981723,0.0,1,2025-10-24 10:00:00
MAA,Mid-America Apartment Communities,138.5403,8.110552339914014,0.0,1,2025-10-24 12:00:00
MAA,Mid-America Apartment Communities,138.8736,8.055693443442374,0.0,1,2025-10-24 14:00:00
MAA,Mid-America Apartment Communities,138.8554,8.000477560132857,0.0,1,2025-10-24 16:00:00
MAA,Mid-America Apartment Communities,138.9535,8.01046546691571,0.0,1,2025-10-24 18:00:00
MAA,Mid-America Apartment Communities,138.9647,7.954738473186405,0.0,1,2025-10-24 20:00:00
MAA,Mid-America Apartment Communities,138.7268,7.906186553886916,0.0,1,2025-10-24 22:00:00
MAA,Mid-America Apartment Communities,138.6673,7.860364456799317,0.0,1,2025-10-25 00:00:00
MAR,Marriott International,272.4517,-2.026199996471405,6.9450002908706665,2,2025-10-24 02:00:00
MAR,Marriott International,272.6399,-2.0307977208394785,6.878191423800799,2,2025-10-24 04:00:00
MAR,Marriott International,272.5953,-2.032982901490489,6.847580974949374,2,2025-10-24 06:00:00
MAR,Marriott International,271.5547,-2.0210788015540744,6.913526758167027,2,2025-10-24 08:00:00
MAR,Marriott International,271.2438,-2.020012549085892,6.951687169802422,2,2025-10-24 10:00:00
MAR,Marriott International,271.6958,-2.009842875666294,6.899959378177781,2,2025-10-24 12:00:00
MAR,Marriott International,271.5808,-2.017164972968082,6.86761758769753,2,2025-10-24 14:00:00
MAR,Marriott International,271.6508,-2.0215398195911787,6.846276074187508,2,2025-10-24 16:00:00
MAR,Marriott International,272.1461,-2.0384326464067453,6.899685540997661,2,2025-10-24 18:00:00
MAR,Marriott International,272.61,-2.028513240268797,6.8881685826312085,2,2025-10-24 20:00:00
MAR,Marriott International,271.5596,-2.01314095254573,6.856537197864999,2,2025-10-24 22:00:00
MAR,Marriott International,271.2765,-2.0312556060557667,6.863981266365165,2,2025-10-25 00:00:00
MAS,Masco,70.8833,0.22630000486969898,0.0,1,2025-10-24 02:00:00
MAS,Masco,72.2625,0.2260502099494196,0.0,1,2025-10-24 04:00:00
MAS,Masco,72.3533,0.22827226296962805,0.0,1,2025-10-24 06:00:00
MAS,Masco,72.2975,0.22636130293559106,0.0,1,2025-10-24 08:00:00
MAS,Masco,72.4694,0.22638425367717097,0.0,1,2025-10-24 10:00:00
MAS,Masco,72.5467,0.22776549044537864,0.0,1,2025-10-24 12:00:00
MAS,Masco,72.478,0.22687456722494598,0.0,1,2025-10-24 14:00:00
MAS,Masco,72.4633,0.22745631586241982,0.0,1,2025-10-24 16:00:00
MAS,Masco,72.5115,0.22841848158222747,0.0,1,2025-10-24 18:00:00
MAS,Masco,72.5115,0.2263329970023612,0.0,1,2025-10-24 20:00:00
MAS,Masco,72.4685,0.2268028866941467,0.0,1,2025-10-24 22:00:00
MAS,Masco,72.4268,0.22643665876174615,0.0,1,2025-10-25 00:00:00
MCD,McDonald's,306.9619,5.921599864959717,0.0,1,2025-10-24 02:00:00
MCD,McDonald's,308.0325,5.898883139582785,0.0,1,2025-10-24 04:00:00
MCD,McDonald's,307.9308,5.8911946103154245,0.0,1,2025-10-24 06:00:00
MCD,McDonald's,307.1507,5.862807909690397,0.0,1,2025-10-24 08:00:00
MCD,McDonald's,307.0026,5.899390069535011,0.0,1,2025-10-24 10:00:00
MCD,McDonald's,307.023,5.957838852867665,0.0,1,2025-10-24 12:00:00
MCD,McDonald's,307.2095,5.9543471708976625,0.0,1,2025-10-24 14:00:00
MCD,McDonald's,307.1597,5.9128135030832505,0.0,1,2025-10-24 16:00:00
MCD,McDonald's,307.795,5.883906040122582,0.0,1,2025-10-24 18:00:00
MCD,McDonald's,307.9107,5.910404210604835,0.0,1,2025-10-24 20:00:00
MCD,McDonald's,307.1484,5.910885289849563,0.0,1,2025-10-24 22:00:00
MCD,McDonald's,307.0299,5.875957642172969,0.0,1,2025-10-25 00:00:00
MCHP,Microchip Technology,63.4287,8.934199810028076,0.0,1,2025-10-24 02:00:00
MCHP,Microchip Technology,65.4197,8.953285878553178,0.0,1,2025-10-24 04:00:00
MCHP,Microchip Technology,66.5674,8.921867010349656,0.0,1,2025-10-24 06:00:00
MCHP,Microchip Technology,65.8656,8.925014338961809,0.0,1,2025-10-24 08:00:00
MCHP,Microchip Technology,64.3958,8.850029973922139,0.0,1,2025-10-24 10:00:00
MCHP,Microchip Technology,63.9658,8.91740931421176,0.0,1,2025-10-24 12:00:00
MCHP,Microchip Technology,64.4104,8.853375107486555,0.0,1,2025-10-24 14:00:00
MCHP,Microchip Technology,65.2755,8.766901993962685,0.0,1,2025-10-24 16:00:00
MCHP,Microchip Technology,66.1983,8.723392342920699,0.0,1,2025-10-24 18:00:00
MCHP,Microchip Technology,66.1806,8.80642904238901,0.0,1,2025-10-24 20:00:00
MCHP,Microchip Technology,65.0013,8.771263199967715,0.0,1,2025-10-24 22:00:00
MCHP,Microchip Technology,64.1378,8.841291137142763,0.0,1,2025-10-25 00:00:00
MCK,McKesson Corporation,718.2086,8.044899702072144,0.45749999582767403,2,2025-10-24 02:00:00
MCK,McKesson Corporation,684.7316,7.967369639642979,0.45496130681723523,2,2025-10-24 04:00:00
MCK,McKesson Corporation,686.3131,7.909190475015821,0.45251798578469205,2,2025-10-24 06:00:00
MCK,McKesson Corporation,703.5402,7.9201723102961745,0.4549212949916531,2,2025-10-24 08:00:00
MCK,McKesson Corporation,715.5268,7.9875896133899635,0.4546312598303671,2,2025-10-24 10:00:00
MCK,McKesson Corporation,710.5837,7.952296542677415,0.45707703381718884,2,2025-10-24 12:00:00
MCK,McKesson Corporation,702.4314,8.022279036807031,0.45258787156836827,2,2025-10-24 14:00:00
MCK,McKesson Corporation,700.913,7.98252334725049,0.4518732955297811,2,2025-10-24 16:00:00
MCK,McKesson Corporation,699.868,7.979311652584989,0.4474697691446358,2,2025-10-24 18:00:00
MCK,McKesson Corporation,698.9934,7.976366313795612,0.4513569909203876,2,2025-10-24 20:00:00
MCK,McKesson Corporation,703.1604,8.009999122916057,0.44926567426461006,2,2025-10-24 22:00:00
MCK,McKesson Corporation,705.6954,7.975463646341664,0.45209085280897227,2,2025-10-25 00:00:00
MCO,Moody's Corporation,503.2469,-8.387799859046936,0.523700006306171,2,2025-10-24 02:00:00
MCO,Moody's Corporation,506.7628,-8.37360307024929,0.5266953849332984,2,2025-10-24 04:00:00
MCO,Moody's Corporation,502.7373,-8.36065865934211,0.523465043322797,2,2025-10-24 06:00:00
MCO,Moody's Corporation,499.341,-8.422966286531036,0.5254895403771178,2,2025-10-24 08:00:00
MCO,Moody's Corporation,500.0136,-8.50546831992516,0.5293242587228246,2,2025-10-24 10:00:00
MCO,Moody's Corporation,499.845,-8.43907777183621,0.529647480122158,2,2025-10-24 12:00:00
MCO,Moody's Corporation,499.6734,-8.482310777711247,0.5246156389437252,2,2025-10-24 14:00:00
MCO,Moody's Corporation,499.4175,-8.49736981906104,0.5253095147830859,2,2025-10-24 16:00:00
MCO,Moody's Corporation,500.4962,-8.462703025890267,0.5289564934245207,2,2025-10-24 18:00:00
MCO,Moody's Corporation,500.1956,-8.537237269440462,0.5332302098404702,2,2025-10-24 20:00:00
MCO,Moody's Corporation,499.4881,-8.46639415265083,0.5288715126934976,2,2025-10-24 22:00:00
MCO,Moody's Corporation,499.6562,-8.441567100871833,0.528991928172528,2,2025-10-25 00:00:00
MDLZ,Mondelez International,64.137,1.262499988079071,7.285699844360352,8,2025-10-24 02:00:00
MDLZ,Mondelez International,65.2325,1.2657765081129775,7.330339908959245,8,2025-10-24 04:00:00
MDLZ,Mondelez International,64.9303,1.2667600719075662,7.34450547735497,8,2025-10-24 06:00:00
MDLZ,Mondelez International,64.7777,1.2748880158021407,7.307698214896034,8,2025-10-24 08:00:00
MDLZ,Mondelez International,64.7829,1.279495746102546,7.331542022758146,8,2025-10-24 10:00:00
MDLZ,Mondelez International,64.8351,1.2732711410534072,7.301005065403753,8,2025-10-24 12:00:00
MDLZ,Mondelez International,64.8474,1.2677137097836935,7.334857904121742,8,2025-10-24 14:00:00
MDLZ,Mondelez International,64.8312,1.2600666721812053,7.381462328160456,8,2025-10-24 16:00:00
MDLZ,Mondelez International,64.9126,1.26538014454425,7.31650944427656,8,2025-10-24 18:00:00
MDLZ,Mondelez International,64.9417,1.2588745395739127,7.293842311841221,8,2025-10-24 20:00:00
MDLZ,Mondelez International,64.8342,1.2483911007230202,7.227580535888022,8,2025-10-24 22:00:00
MDLZ,Mondelez International,64.8071,1.25037735091095,7.272959550183791,8,2025-10-25 00:00:00
MDT,Medtronic,92.1504,1.1462000012397762,5.5076998472213745,3,2025-10-24 02:00:00
MDT,Medtronic,91.7319,1.1573847238818493,5.479098376603692,3,2025-10-24 04:00:00
MDT,Medtronic,92.214,1.1650804696634756,5.438288805298105,3,2025-10-24 06:00:00
MDT,Medtronic,92.4187,1.16760855268396,5.473718175896612,3,2025-10-24 08:00:00
MDT,Medtronic,92.3489,1.1644712771768018,5.484875817654961,3,2025-10-24 10:00:00
MDT,Medtronic,92.2372,1.1601393772614375,5.474558928378451,3,2025-10-24 12:00:00
MDT,Medtronic,92.205,1.1535041094614955,5.450440155181396,3,2025-10-24 14:00:00
MDT,Medtronic,92.1992,1.1576037316792676,5.407084391774031,3,2025-10-24 16:00:00
MDT,Medtronic,92.3386,1.1554493914522364,5.395963577837068,3,2025-10-24 18:00:00
MDT,Medtronic,92.4922,1.1568451256307044,5.343086395849589,3,2025-10-24 20:00:00
MDT,Medtronic,92.2427,1.1617376806880502,5.311617564971584,3,2025-10-24 22:00:00
MDT,Medtronic,92.1879,1.167704262833454,5.3446845110526615,3,2025-10-25 00:00:00
MET,MetLife,79.8319,-0.597099997103214,0.0,1,2025-10-24 02:00:00
MET,MetLife,80.3281,-0.6000622562629453,0.0,1,2025-10-24 04:00:00
MET,MetLife,80.0675,-0.6046739121614727,0.0,1,2025-10-24 06:00:00
MET,MetLife,79.8326,-0.604972975241083,0.0,1,2025-10-24 08:00:00
MET,MetLife,79.7825,-0.605323149089154,0.0,1,2025-10-24 10:00:00
MET,MetLife,79.8721,-0.5999656824873959,0.0,1,2025-10-24 12:00:00
MET,MetLife,79.9198,-0.5955465957781599,0.0,1,2025-10-24 14:00:00
MET,MetLife,79.8924,-0.5996675927026127,0.0,1,2025-10-24 16:00:00
MET,MetLife,79.9963,-0.5970458764119566,0.0,1,2025-10-24 18:00:00
MET,MetLife,79.9923,-0.5925941127751547,0.0,1,2025-10-24 20:00:00
MET,MetLife,79.9104,-0.5932673567055851,0.0,1,2025-10-24 22:00:00
MET,MetLife,79.8429,-0.5983203817808774,0.0,1,2025-10-25 00:00:00
META,Meta Platforms,797.1961,-1.01230002939701,5.031599998474121,15,2025-10-24 02:00:00
META,Meta Platforms,835.9303,-1.00277304910318,5.005682378200565,15,2025-10-24 04:00:00
META,Meta Platforms,830.3871,-1.0103936269562723,5.021803340182742,15,2025-10-24 06:00:00
META,Meta Platforms,804.2852,-1.0046457721968605,4.981319129713243,15,2025-10-24 08:00:00
META,Meta Platforms,791.5786,-1.0110854379730871,4.933517102748669,15,2025-10-24 10:00:00
META,Meta Platforms,796.8515,-1.0068841204223307,4.94921490464061,15,2025-10-24 12:00:00
META,Meta Platforms,816.0453,-1.0011780674775437,4.94216983666281,15,2025-10-24 14:00:00
META,Meta Platforms,818.9476,-1.0001426910977693,4.9178012825270745,15,2025-10-24 16:00:00
META,Meta Platforms,809.2597,-1.0065210947225247,4.876876626784029,15,2025-10-24 18:00:00
META,Meta Platforms,801.6638,-1.0066346989574306,4.859758411085191,15,2025-10-24 20:00:00
META,Meta Platforms,802.8765,-1.0037009993106498,4.905426557126639,15,2025-10-24 22:00:00
META,Meta Platforms,809.5964,-0.9948983068093327,4.905139364411087,15,2025-10-25 00:00:00
MGM,MGM Resorts,35.0384,0.153500000014901,0.0,1,2025-10-24 02:00:00
MGM,MGM Resorts,36.5335,0.15386091344968902,0.0,1,2025-10-24 04:00:00
MGM,MGM Resorts,36.2775,0.15321114429968874,0.0,1,2025-10-24 06:00:00
MGM,MGM Resorts,35.5419,0.15178164225145774,0.0,1,2025-10-24 08:00:00
MGM,MGM Resorts,35.5139,0.1506027389218715,0.0,1,2025-10-24 10:00:00
MGM,MGM Resorts,35.5704,0.1498118417221269,0.0,1,2025-10-24 12:00:00
MGM,MGM Resorts,35.6289,0.14885824089299676,0.0,1,2025-10-24 14:00:00
MGM,MGM Resorts,35.5904,0.14845185714103698,0.0,1,2025-10-24 16:00:00
MGM,MGM Resorts,35.7537,0.14950447550899812,0.0,1,2025-10-24 18:00:00
MGM,MGM Resorts,35.7586,0.1484227078291124,0.0,1,2025-10-24 20:00:00
MGM,MGM Resorts,35.5941,0.14809598680242117,0.0,1,2025-10-24 22:00:00
MGM,MGM Resorts,35.5606,0.1490380084655167,0.0,1,2025-10-25 00:00:00
MHK,Mohawk Industries,128.3136,2.1624000370502467,2.891699969768524,5,2025-10-24 02:00:00
MHK,Mohawk Industries,135.3092,2.15553221804816,2.870223520576796,5,2025-10-24 04:00:00
MHK,Mohawk Industries,134.776,2.1563202550968446,2.8490605061716625,5,2025-10-24 06:00:00
MHK,Mohawk Industries,132.932,2.152707482430909,2.871878766125192,5,2025-10-24 08:00:00
MHK,Mohawk Industries,132.6848,2.173672863130581,2.8503779105107254,5,2025-10-24 10:00:00
MHK,Mohawk Industries,133.4134,2.192847264442071,2.8738558700572385,5,2025-10-24 12:00:00
MHK,Mohawk Industries,133.371,2.180388043668773,2.8881544342525247,5,2025-10-24 14:00:00
MHK,Mohawk Industries,133.0982,2.1922587385270225,2.908091056222144,5,2025-10-24 16:00:00
MHK,Mohawk Industries,132.6955,2.1957582597456033,2.8849452689361383,5,2025-10-24 18:00:00
MHK,Mohawk Industries,132.4592,2.1997608228272827,2.9015006084421606,5,2025-10-24 20:00:00
MHK,Mohawk Industries,132.8267,2.1786060611219824,2.9011556745215956,5,2025-10-24 22:00:00
MHK,Mohawk Industries,133.2224,2.1743193057323222,2.88035260468263,5,2025-10-25 00:00:00
MKC,McCormick & Company,70.8498,-9.038299918174744,0.0,1,2025-10-24 02:00:00
MKC,McCormick & Company,72.1337,-9.051125801315038,0.0,1,2025-10-24 04:00:00
MKC,McCormick & Company,71.5328,-9.036603135696254,0.0,1,2025-10-24 06:00:00
MKC,McCormick & Company,71.5769,-8.949174550945342,0.0,1,2025-10-24 08:00:00
MKC,McCormick & Company,71.7333,-8.965948336776776,0.0,1,2025-10-24 10:00:00
MKC,McCormick & Company,71.8024,-8.923411991719,0.0,1,2025-10-24 12:00:00
MKC,McCormick & Company,71.7488,-8.92017072134479,0.0,1,2025-10-24 14:00:00
MKC,McCormick & Company,71.7329,-8.87551918153712,0.0,1,2025-10-24 16:00:00
MKC,McCormick & Company,71.7815,-8.816316723192706,0.0,1,2025-10-24 18:00:00
MKC,McCormick & Company,71.8601,-8.882294841339672,0.0,1,2025-10-24 20:00:00
MKC,McCormick & Company,71.7308,-8.929915728462632,0.0,1,2025-10-24 22:00:00
MKC,McCormick & Company,71.7162,-8.860510566108458,0.0,1,2025-10-25 00:00:00
MLM,Martin Marietta Materials,602.802,8.64579975605011,0.0,1,2025-10-24 02:00:00
MLM,Martin Marietta Materials,599.4095,8.592886991166313,0.0,1,2025-10-24 04:00:00
MLM,Martin Marietta Materials,603.4477,8.563186509818518,0.0,1,2025-10-24 06:00:00
MLM,Martin Marietta Materials,603.2135,8.482668904323454,0.0,1,2025-10-24 08:00:00
MLM,Martin Marietta Materials,605.4878,8.52380627700859,0.0,1,2025-10-24 10:00:00
MLM,Martin Marietta Materials,605.5301,8.563322751955312,0.0,1,2025-10-24 12:00:00
MLM,Martin Marietta Materials,605.6711,8.565561471005028,0.0,1,2025-10-24 14:00:00
MLM,Martin Marietta Materials,602.6632,8.625721434664761,0.0,1,2025-10-24 16:00:00
MLM,Martin Marietta Materials,603.6764,8.55207396391789,0.0,1,2025-10-24 18:00:00
MLM,Martin Marietta Materials,603.9091,8.60531208758059,0.0,1,2025-10-24 20:00:00
MLM,Martin Marietta Materials,602.4833,8.684286467910944,0.0,1,2025-10-24 22:00:00
MLM,Martin Marietta Materials,605.009,8.630664255418957,0.0,1,2025-10-25 00:00:00
MMC,Marsh McLennan,200.2709,8.909800052642822,0.0,1,2025-10-24 02:00:00
MMC,Marsh McLennan,206.7537,8.894039993925524,0.0,1,2025-10-24 04:00:00
MMC,Marsh McLennan,206.6027,8.89726499380662,0.0,1,2025-10-24 06:00:00
MMC,Marsh McLennan,204.4652,8.936622175730099,0.0,1,2025-10-24 08:00:00
MMC,Marsh McLennan,203.6291,9.021393922042044,0.0,1,2025-10-24 10:00:00
MMC,Marsh McLennan,204.2127,9.023253592988086,0.0,1,2025-10-24 12:00:00
MMC,Marsh McLennan,204.6644,9.024486996478853,0.0,1,2025-10-24 14:00:00
MMC,Marsh McLennan,204.6508,9.072975093120643,0.0,1,2025-10-24 16:00:00
MMC,Marsh McLennan,204.5459,9.036857114428596,0.0,1,2025-10-24 18:00:00
MMC,Marsh McLennan,204.5466,8.98450616201142,0.0,1,2025-10-24 20:00:00
MMC,Marsh McLennan,204.3345,8.990216052772608,0.0,1,2025-10-24 22:00:00
MMC,Marsh McLennan,204.2963,8.987532262492632,0.0,1,2025-10-25 00:00:00
MMM,3M,178.1591,-5.67799985408783,0.0,1,2025-10-24 02:00:00
MMM,3M,185.1136,-5.6506049057109715,0.0,1,2025-10-24 04:00:00
MMM,3M,184.7791,-5.694089869811672,0.0,1,2025-10-24 06:00:00
MMM,3M,181.6196,-5.703249127043812,0.0,1,2025-10-24 08:00:00
MMM,3M,179.8958,-5.677219259420174,0.0,1,2025-10-24 10:00:00
MMM,3M,181.2211,-5.689318317309488,0.0,1,2025-10-24 12:00:00
MMM,3M,183.9139,-5.701844537459067,0.0,1,2025-10-24 14:00:00
MMM,3M,184.3414,-5.729412714417675,0.0,1,2025-10-24 16:00:00
MMM,3M,183.7901,-5.710934196063668,0.0,1,2025-10-24 18:00:00
MMM,3M,182.6276,-5.70294346445887,0.0,1,2025-10-24 20:00:00
MMM,3M,182.0062,-5.691115162849445,0.0,1,2025-10-24 22:00:00
MMM,3M,182.2566,-5.672919429586338,0.0,1,2025-10-25 00:00:00
MNST,Monster Beverage,65.3293,0.967099964618682,11.199699640274048,2,2025-10-24 02:00:00
MNST,Monster Beverage,63.2578,0.9592973385552492,11.14608524984017,2,2025-10-24 04:00:00
MNST,Monster Beverage,63.7571,0.9556104226036708,11.112017302589912,2,2025-10-24 06:00:00
MNST,Monster Beverage,65.1076,0.9525440789018835,11.188636006745979,2,2025-10-24 08:00:00
MNST,Monster Beverage,65.175,0.9599821977910447,11.136075589486031,2,2025-10-24 10:00:00
MNST,Monster Beverage,64.9161,0.9624330953116036,11.205603360788645,2,2025-10-24 12:00:00
MNST,Monster Beverage,64.8664,0.9635955856415356,11.301574956423,2,2025-10-24 14:00:00
MNST,Monster Beverage,64.8233,0.9649648131431389,11.219463890463832,2,2025-10-24 16:00:00
MNST,Monster Beverage,64.806,0.9591122447825492,11.136195751741935,2,2025-10-24 18:00:00
MNST,Monster Beverage,64.843,0.9613397559648842,11.06814866859318,2,2025-10-24 20:00:00
MNST,Monster Beverage,64.9212,0.9544742977251862,11.015154389928016,2,2025-10-24 22:00:00
MNST,Monster Beverage,64.9315,0.9609933894154632,11.048608684944949,2,2025-10-25 00:00:00
MO,Altria,69.8904,0.894000008702278,0.0,1,2025-10-24 02:00:00
MO,Altria,71.0947,0.889235005603831,0.0,1,2025-10-24 04:00:00
MO,Altria,70.7687,0.8828313668956709,0.0,1,2025-10-24 06:00:00
MO,Altria,69.9761,0.8771949505028187,0.0,1,2025-10-24 08:00:00
MO,Altria,69.764,0.8769570587388011,0.0,1,2025-10-24 10:00:00
MO,Altria,69.9225,0.8835295795075832,0.0,1,2025-10-24 12:00:00
MO,Altria,70.2692,0.8798905732698945,0.0,1,2025-10-24 14:00:00
MO,Altria,70.4109,0.8756406487348042,0.0,1,2025-10-24 16:00:00
MO,Altria,70.5573,0.8721134961197183,0.0,1,2025-10-24 18:00:00
MO,Altria,70.568,0.8682646724503293,0.0,1,2025-10-24 20:00:00
MO,Altria,70.1968,0.8607457918168315,0.0,1,2025-10-24 22:00:00
MO,Altria,69.9407,0.856086752999368,0.0,1,2025-10-25 00:00:00
MOH,Molina Healthcare,148.9234,0.062699997797608,0.039400001987814,3,2025-10-24 02:00:00
MOH,Molina Healthcare,138.4199,0.06325055809952983,0.03978675892423719,3,2025-10-24 04:00:00
MOH,Molina Healthcare,136.5441,0.06329344011057102,0.039638326135863794,3,2025-10-24 06:00:00
MOH,Molina Healthcare,141.8722,0.06383925921467162,0.03943837281695183,3,2025-10-24 08:00:00
MOH,Molina Healthcare,156.7949,0.06375767495809818,0.03915261074062457,3,2025-10-24 10:00:00
MOH,Molina Healthcare,164.131,0.06422820557308244,0.03908360529839549,3,2025-10-24 12:00:00
MOH,Molina Healthcare,159.8796,0.06457601254643565,0.03877740448047889,3,2025-10-24 14:00:00
MOH,Molina Healthcare,147.7319,0.06488149180760389,0.03879173754942091,3,2025-10-24 16:00:00
MOH,Molina Healthcare,140.1561,0.06461701854886913,0.038925823303842505,3,2025-10-24 18:00:00
MOH,Molina Healthcare,140.136,0.06486784219267819,0.03896019875028522,3,2025-10-24 20:00:00
MOH,Molina Healthcare,141.1197,0.06503428054099178,0.03882925570727334,3,2025-10-24 22:00:00
MOH,Molina Healthcare,149.3633,0.06496318559394086,0.03914040605547701,3,2025-10-25 00:00:00
MOS,Mosaic Company (The),30.5238,9.00629997253418,0.0,1,2025-10-24 02:00:00
MOS,Mosaic Company (The),30.539,9.035381830737466,0.0,1,2025-10-24 04:00:00
MOS,Mosaic Company (The),30.3403,9.03287659027172,0.0,1,2025-10-24 06:00:00
MOS,Mosaic Company (The),30.2308,9.01490338276758,0.0,1,2025-10-24 08:00:00
MOS,Mosaic Company (The),30.2629,9.0129795330566,0.0,1,2025-10-24 10:00:00
MOS,Mosaic Company (The),30.362,9.097964282967224,0.0,1,2025-10-24 12:00:00
MOS,Mosaic Company (The),30.3624,9.030911770754118,0.0,1,2025-10-24 14:00:00
MOS,Mosaic Company (The),30.3375,8.993055661789816,0.0,1,2025-10-24 16:00:00
MOS,Mosaic Company (The),30.332,9.071752248264998,0.0,1,2025-10-24 18:00:00
MOS,Mosaic Company (The),30.3364,9.00175687569536,0.0,1,2025-10-24 20:00:00
MOS,Mosaic Company (The),30.3392,8.952756277602951,0.0,1,2025-10-24 22:00:00
MOS,Mosaic Company (The),30.3335,8.89179945339929,0.0,1,2025-10-25 00:00:00
MPC,Marathon Petroleum,190.5489,3.931500017642975,5.975300073623657,3,2025-10-24 02:00:00
MPC,Marathon Petroleum,187.1738,3.9047369201907154,5.990430046835927,3,2025-10-24 04:00:00
MPC,Marathon Petroleum,188.095,3.9126820393098978,5.97751044933962,3,2025-10-24 06:00:00
MPC,Marathon Petroleum,189.187,3.9206827325150413,6.016158604047962,3,2025-10-24 08:00:00
MPC,Marathon Petroleum,189.7461,3.957601956512618,6.06667953050921,3,2025-10-24 10:00:00
MPC,Marathon Petroleum,189.0585,3.95835555712819,6.007220205711098,3,2025-10-24 12:00:00
MPC,Marathon Petroleum,187.8251,3.9830708303728892,5.959647237312458,3,2025-10-24 14:00:00
MPC,Marathon Petroleum,187.8583,3.9642930785195394,5.982134753439935,3,2025-10-24 16:00:00
MPC,Marathon Petroleum,188.908,3.944342812382921,5.981336646690801,3,2025-10-24 18:00:00
MPC,Marathon Petroleum,189.5952,3.905992781939822,5.969581889467594,3,2025-10-24 20:00:00
MPC,Marathon Petroleum,189.089,3.8996235447780547,6.006039786842651,3,2025-10-24 22:00:00
MPC,Marathon Petroleum,188.4681,3.9229836116516235,5.976489380091569,3,2025-10-25 00:00:00
MPWR,Monolithic Power Systems,940.1294,5.814200043678284,1.240599974989891,2,2025-10-24 02:00:00
MPWR,Monolithic Power Systems,907.8544,5.7572541421285,1.2474700319818237,2,2025-10-24 04:00:00
MPWR,Monolithic Power Systems,920.7529,5.806251661268984,1.2433319052385683,2,2025-10-24 06:00:00
MPWR,Monolithic Power Systems,941.9279,5.835541611155169,1.2383075818228093,2,2025-10-24 08:00:00
MPWR,Monolithic Power Systems,942.541,5.804530883207986,1.2461027237276998,2,2025-10-24 10:00:00
MPWR,Monolithic Power Systems,933.0799,5.838809949705918,1.2508470391288795,2,2025-10-24 12:00:00
MPWR,Monolithic Power Systems,928.3626,5.789549202056039,1.247285423282548,2,2025-10-24 14:00:00
MPWR,Monolithic Power Systems,930.2292,5.816731261924793,1.255028917616934,2,2025-10-24 16:00:00
MPWR,Monolithic Power Systems,931.3657,5.7736309509549315,1.2560148905684767,2,2025-10-24 18:00:00
MPWR,Monolithic Power Systems,930.6827,5.819216960709273,1.267832685839705,2,2025-10-24 20:00:00
MPWR,Monolithic Power Systems,927.2246,5.776410447122736,1.2800874792759447,2,2025-10-24 22:00:00
MPWR,Monolithic Power Systems,926.9012,5.812600402334928,1.2892996000429577,2,2025-10-25 00:00:00
MRK,Merck & Co.,82.6012,1.1860000342130659,6.216300129890442,11,2025-10-24 02:00:00
MRK,Merck & Co.,81.4617,1.1829808889022864,6.228780875836647,11,2025-10-24 04:00:00
MRK,Merck & Co.,82.9164,1.178144196058761,6.285759545670546,11,2025-10-24 06:00:00
MRK,Merck & Co.,84.6314,1.1871814145041628,6.288645808856516,11,2025-10-24 08:00:00
MRK,Merck & Co.,84.4616,1.184999787430394,6.333803787111047,11,2025-10-24 10:00:00
MRK,Merck & Co.,83.0072,1.1961406959561296,6.327764730202798,11,2025-10-24 12:00:00
MRK,Merck & Co.,82.1755,1.1843970060938198,6.3135936814357745,11,2025-10-24 14:00:00
MRK,Merck & Co.,81.299,1.1769699264997575,6.287805907483311,11,2025-10-24 16:00:00
MRK,Merck & Co.,82.914,1.174810088387181,6.298217129400714,11,2025-10-24 18:00:00
MRK,Merck & Co.,84.7683,1.163190619481694,6.343920274291021,11,2025-10-24 20:00:00
MRK,Merck & Co.,84.8835,1.1692672775211495,6.375549128458416,11,2025-10-24 22:00:00
MRK,Merck & Co.,83.0874,1.1746517354702346,6.418277623392993,11,2025-10-25 00:00:00
MRNA,Moderna,18.377,5.533499717712402,4.083299934864044,2,2025-10-24 02:00:00
MRNA,Moderna,19.4539,5.51793544789013,4.074642112893093,2,2025-10-24 04:00:00
MRNA,Moderna,23.2747,5.483965083266551,4.075636158383241,2,2025-10-24 06:00:00
MRNA,Moderna,26.7354,5.431179222439438,4.063353099493136,2,2025-10-24 08:00:00
MRNA,Moderna,27.5891,5.479073136268954,4.067282733018131,2,2025-10-24 10:00:00
MRNA,Moderna,21.8683,5.463409376029267,4.078956168737092,2,2025-10-24 12:00:00
MRNA,Moderna,20.2691,5.482031041201255,4.077006267143787,2,2025-10-24 14:00:00
MRNA,Moderna,21.8227,5.468922577338119,4.074725433836576,2,2025-10-24 16:00:00
MRNA,Moderna,25.1696,5.427984118692836,4.092039934217822,2,2025-10-24 18:00:00
MRNA,Moderna,27.4799,5.468258727912865,4.055281449482853,2,2025-10-24 20:00:00
MRNA,Moderna,27.0005,5.4526423130186314,4.092787341040542,2,2025-10-24 22:00:00
MRNA,Moderna,17.7201,5.461911691637499,4.129236684598511,2,2025-10-25 00:00:00
MS,Morgan Stanley,163.5113,9.103999733924866,0.0,1,2025-10-24 02:00:00
MS,Morgan Stanley,163.9895,9.152291071766868,0.0,1,2025-10-24 04:00:00
MS,Morgan Stanley,164.2522,9.236907795902969,0.0,1,2025-10-24 06:00:00
MS,Morgan Stanley,163.2502,9.154300184180826,0.0,1,2025-10-24 08:00:00
MS,Morgan Stanley,162.7223,9.244183803326516,0.0,1,2025-10-24 10:00:00
MS,Morgan Stanley,163.0218,9.320814258333865,0.0,1,2025-10-24 12:00:00
MS,Morgan Stanley,163.0469,9.35526986886973,0.0,1,2025-10-24 14:00:00
MS,Morgan Stanley,162.646,9.410582791073471,0.0,1,2025-10-24 16:00:00
MS,Morgan Stanley,163.8547,9.460303807219663,0.0,1,2025-10-24 18:00:00
MS,Morgan Stanley,164.8276,9.402182932925049,0.0,1,2025-10-24 20:00:00
MS,Morgan Stanley,163.3519,9.4952875838896,0.0,1,2025-10-24 22:00:00
MS,Morgan Stanley,162.3104,9.557955268824115,0.0,1,2025-10-25 00:00:00
MSCI,MSCI Inc.,557.1855,8.997399806976318,0.287599992007017,2,2025-10-24 02:00:00
MSCI,MSCI Inc.,562.4343,8.939075709478109,0.288685047602409,2,2025-10-24 04:00:00
MSCI,MSCI Inc.,559.2995,8.851044313323776,0.2901641784458639,2,2025-10-24 06:00:00
MSCI,MSCI Inc.,556.6517,8.853036534034173,0.29001855229669876,2,2025-10-24 08:00:00
MSCI,MSCI Inc.,557.0278,8.90785479578121,0.2927948818908739,2,2025-10-24 10:00:00
MSCI,MSCI Inc.,557.3678,8.89706217267298,0.29570560386191497,2,2025-10-24 12:00:00
MSCI,MSCI Inc.,557.391,8.925796061087873,0.29810740220899345,2,2025-10-24 14:00:00
MSCI,MSCI Inc.,557.4162,8.858189847168214,0.2969992636338866,2,2025-10-24 16:00:00
MSCI,MSCI Inc.,557.8534,8.83317143049815,0.2956335121018829,2,2025-10-24 18:00:00
MSCI,MSCI Inc.,557.8133,8.915839917768139,0.29822487458428004,2,2025-10-24 20:00:00
MSCI,MSCI Inc.,557.4164,8.860663756447828,0.29524851798869756,2,2025-10-24 22:00:00
MSCI,MSCI Inc.,557.0713,8.84498624230809,0.29660164488368784,2,2025-10-25 00:00:00
MSFT,Microsoft,524.7891,2.011999934911728,3.674199879169464,6,2025-10-24 02:00:00
MSFT,Microsoft,526.8922,2.021336778066278,3.6996543388069645,6,2025-10-24 04:00:00
MSFT,Microsoft,527.0387,2.0036284021109974,3.7047969851799216,6,2025-10-24 06:00:00
MSFT,Microsoft,524.6845,2.0210756358505684,3.6707963493772002,6,2025-10-24 08:00:00
MSFT,Microsoft,521.8162,2.0238320544627157,3.666235127039315,6,2025-10-24 10:00:00
MSFT,Microsoft,521.5488,2.025150392627784,3.6512588980322906,6,2025-10-24 12:00:00
MSFT,Microsoft,523.0891,2.008897643986191,3.647359168409202,6,2025-10-24 14:00:00
MSFT,Microsoft,524.2941,1.9997074447123635,3.6167971804003742,6,2025-10-24 16:00:00
MSFT,Microsoft,527.2306,1.9947372654407802,3.6309703406598746,6,2025-10-24 18:00:00
MSFT,Microsoft,527.4651,1.9949493006038466,3.6072816458035426,6,2025-10-24 20:00:00
MSFT,Microsoft,523.2525,2.0023272170184194,3.6255436064375384,6,2025-10-24 22:00:00
MSFT,Microsoft,520.9777,2.0176153178409058,3.6461820809739582,6,2025-10-25 00:00:00
MSI,Motorola Solutions,454.6307,6.7145997285842896,3.158900141716003,2,2025-10-24 02:00:00
MSI,Motorola Solutions,468.1994,6.735402288269512,3.189093914350334,2,2025-10-24 04:00:00
MSI,Motorola Solutions,467.1848,6.757571605856914,3.2113425634021535,2,2025-10-24 06:00:00
MSI,Motorola Solutions,458.3246,6.703644218913942,3.2343582592361084,2,2025-10-24 08:00:00
MSI,Motorola Solutions,453.2481,6.741904393246512,3.221405705672709,2,2025-10-24 10:00:00
MSI,Motorola Solutions,456.9613,6.796032578869961,3.250779394283483,2,2025-10-24 12:00:00
MSI,Motorola Solutions,460.5277,6.843891599862287,3.2761704514347767,2,2025-10-24 14:00:00
MSI,Motorola Solutions,460.5207,6.911006575554951,3.2478011092199153,2,2025-10-24 16:00:00
MSI,Motorola Solutions,459.1366,6.963677803306453,3.262309904335894,2,2025-10-24 18:00:00
MSI,Motorola Solutions,458.1237,7.008771033883889,3.282589336610364,2,2025-10-24 20:00:00
MSI,Motorola Solutions,457.4948,6.984906486935331,3.3098126915898525,2,2025-10-24 22:00:00
MSI,Motorola Solutions,456.0984,6.9940167544578165,3.3269764347741,2,2025-10-25 00:00:00
MTB,M&T Bank,194.9131,7.820199728012085,0.0,1,2025-10-24 02:00:00
MTB,M&T Bank,197.8885,7.750973217107758,0.0,1,2025-10-24 04:00:00
MTB,M&T Bank,197.471,7.721095541601505,0.0,1,2025-10-24 06:00:00
MTB,M&T Bank,195.2737,7.796195656555505,0.0,1,2025-10-24 08:00:00
MTB,M&T Bank,194.2153,7.846511611083646,0.0,1,2025-10-24 10:00:00
MTB,M&T Bank,194.9142,7.802916833461604,0.0,1,2025-10-24 12:00:00
MTB,M&T Bank,195.8903,7.812975513532547,0.0,1,2025-10-24 14:00:00
MTB,M&T Bank,195.8758,7.8821558659810105,0.0,1,2025-10-24 16:00:00
MTB,M&T Bank,195.3999,7.908670858595652,0.0,1,2025-10-24 18:00:00
MTB,M&T Bank,195.4532,7.852266300228552,0.0,1,2025-10-24 20:00:00
MTB,M&T Bank,195.0914,7.793426721352313,0.0,1,2025-10-24 22:00:00
MTB,M&T Bank,195.2532,7.85411820231543,0.0,1,2025-10-25 00:00:00
MTCH,Match Group,34.1255,0.750499963760376,0.0,1,2025-10-24 02:00:00
MTCH,Match Group,34.4948,0.7449438496890675,0.0,1,2025-10-24 04:00:00
MTCH,Match Group,34.5908,0.748562497894443,0.0,1,2025-10-24 06:00:00
MTCH,Match Group,34.6077,0.7456327250935253,0.0,1,2025-10-24 08:00:00
MTCH,Match Group,34.5861,0.7435611887260722,0.0,1,2025-10-24 10:00:00
MTCH,Match Group,34.5861,0.7419233411604884,0.0,1,2025-10-24 12:00:00
MTCH,Match Group,34.5892,0.7388145949543498,0.0,1,2025-10-24 14:00:00
MTCH,Match Group,34.5799,0.7384243441443524,0.0,1,2025-10-24 16:00:00
MTCH,Match Group,34.6275,0.7313463330668513,0.0,1,2025-10-24 18:00:00
MTCH,Match Group,34.6244,0.7375997307142143,0.0,1,2025-10-24 20:00:00
MTCH,Match Group,34.6027,0.7322950370232254,0.0,1,2025-10-24 22:00:00
MTCH,Match Group,34.5633,0.7292660114621967,0.0,1,2025-10-25 00:00:00
MTD,Mettler Toledo,1417.5959,7.012400031089783,2.629500031471252,2,2025-10-24 02:00:00
MTD,Mettler Toledo,1419.2038,7.053307424497398,2.625197853010046,2,2025-10-24 04:00:00
MTD,Mettler Toledo,1425.5828,7.010092769929813,2.646751168103363,2,2025-10-24 06:00:00
MTD,Mettler Toledo,1420.7963,6.963968705599527,2.6217848792270457,2,2025-10-24 08:00:00
MTD,Mettler Toledo,1417.8077,6.959802180894454,2.604426500502398,2,2025-10-24 10:00:00
MTD,Mettler Toledo,1419.2222,6.98143138156551,2.6198351695151585,2,2025-10-24 12:00:00
MTD,Mettler Toledo,1417.2101,7.0147856114705665,2.6355706174016884,2,2025-10-24 14:00:00
MTD,Mettler Toledo,1415.6975,6.949132518905379,2.6288824963112662,2,2025-10-24 16:00:00
MTD,Mettler Toledo,1419.0766,6.973811629616905,2.6251143840946103,2,2025-10-24 18:00:00
MTD,Mettler Toledo,1418.3223,6.933757691192199,2.625457996325502,2,2025-10-24 20:00:00
MTD,Mettler Toledo,1416.1277,6.950650810559057,2.6054061745103088,2,2025-10-24 22:00:00
MTD,Mettler Toledo,1415.7742,7.017006001838698,2.6088798680449474,2,2025-10-25 00:00:00
MU,Micron Technology,187.3724,5.138300061225891,6.3134002685546875,8,2025-10-24 02:00:00
MU,Micron Technology,176.4809,5.1548355150815315,6.333111262865528,8,2025-10-24 04:00:00
MU,Micron Technology,176.5791,5.140428465801136,6.371533850349738,8,2025-10-24 06:00:00
MU,Micron Technology,183.724,5.090826963643934,6.31549234597827,8,2025-10-24 08:00:00
MU,Micron Technology,184.9964,5.073519022949819,6.27438212769188,8,2025-10-24 10:00:00
MU,Micron Technology,184.7261,5.122412890992591,6.300795466124982,8,2025-10-24 12:00:00
MU,Micron Technology,181.9115,5.083781503963499,6.2477309427885315,8,2025-10-24 14:00:00
MU,Micron Technology,180.6017,5.123556909065746,6.295564989277505,8,2025-10-24 16:00:00
MU,Micron Technology,181.5061,5.093211708885766,6.322382599520226,8,2025-10-24 18:00:00
MU,Micron Technology,183.2278,5.085759784024911,6.287552524978785,8,2025-10-24 20:00:00
MU,Micron Technology,184.3749,5.0706231116534,6.317145794654269,8,2025-10-24 22:00:00
MU,Micron Technology,184.2264,5.081728989166888,6.300645622343614,8,2025-10-25 00:00:00
NCLH,Norwegian Cruise Line Holdings,24.016,6.9359999895095825,0.0,1,2025-10-24 02:00:00
NCLH,Norwegian Cruise Line Holdings,24.5772,6.973896174168362,0.0,1,2025-10-24 04:00:00
NCLH,Norwegian Cruise Line Holdings,24.5966,6.931793359517899,0.0,1,2025-10-24 06:00:00
NCLH,Norwegian Cruise Line Holdings,24.0518,6.9263685023259844,0.0,1,2025-10-24 08:00:00
NCLH,Norwegian Cruise Line Holdings,23.7557,6.964822511193602,0.0,1,2025-10-24 10:00:00
NCLH,Norwegian Cruise Line Holdings,23.9389,6.9077103210676825,0.0,1,2025-10-24 12:00:00
NCLH,Norwegian Cruise Line Holdings,24.235,6.9234627480533435,0.0,1,2025-10-24 14:00:00
NCLH,Norwegian Cruise Line Holdings,24.3099,6.857975987535621,0.0,1,2025-10-24 16:00:00
NCLH,Norwegian Cruise Line Holdings,24.3575,6.7919750273590145,0.0,1,2025-10-24 18:00:00
NCLH,Norwegian Cruise Line Holdings,24.356,6.783234010434497,0.0,1,2025-10-24 20:00:00
NCLH,Norwegian Cruise Line Holdings,24.0546,6.784052487369737,0.0,1,2025-10-24 22:00:00
NCLH,Norwegian Cruise Line Holdings,23.8924,6.725728147460397,0.0,1,2025-10-25 00:00:00
NDAQ,"Nasdaq, Inc.",96.6966,-1.972299963235855,0.0,1,2025-10-24 02:00:00
NDAQ,"Nasdaq, Inc.",98.4799,-1.9768228069183835,0.0,1,2025-10-24 04:00:00
NDAQ,"Nasdaq, Inc.",97.4694,-1.995683152572868,0.0,1,2025-10-24 06:00:00
NDAQ,"Nasdaq, Inc.",96.4402,-1.9836381310724358,0.0,1,2025-10-24 08:00:00
NDAQ,"Nasdaq, Inc.",96.3523,-1.993469077479682,0.0,1,2025-10-24 10:00:00
NDAQ,"Nasdaq, Inc.",97.0612,-1.994954535248428,0.0,1,2025-10-24 12:00:00
NDAQ,"Nasdaq, Inc.",97.3911,-1.9876111630854478,0.0,1,2025-10-24 14:00:00
NDAQ,"Nasdaq, Inc.",97.0807,-1.997268402673845,0.0,1,2025-10-24 16:00:00
NDAQ,"Nasdaq, Inc.",96.997,-2.0081907035053037,0.0,1,2025-10-24 18:00:00
NDAQ,"Nasdaq, Inc.",97.2443,-2.002352557671173,0.0,1,2025-10-24 20:00:00
NDAQ,"Nasdaq, Inc.",97.0277,-2.0090417508657015,0.0,1,2025-10-24 22:00:00
NDAQ,"Nasdaq, Inc.",96.9398,-2.0020574252830965,0.0,1,2025-10-25 00:00:00
NDSN,Nordson Corporation,239.4471,5.978299975395203,0.0,1,2025-10-24 02:00:00
NDSN,Nordson Corporation,240.8953,5.9471113000717875,0.0,1,2025-10-24 04:00:00
NDSN,Nordson Corporation,239.6044,5.916649085959516,0.0,1,2025-10-24 06:00:00
NDSN,Nordson Corporation,239.1912,5.895093304525082,0.0,1,2025-10-24 08:00:00
NDSN,Nordson Corporation,239.4676,5.949825151515018,0.0,1,2025-10-24 10:00:00
NDSN,Nordson Corporation,239.603,5.953944143960067,0.0,1,2025-10-24 12:00:00
NDSN,Nordson Corporation,239.493,5.922447480950303,0.0,1,2025-10-24 14:00:00
NDSN,Nordson Corporation,239.429,5.967720692433018,0.0,1,2025-10-24 16:00:00
NDSN,Nordson Corporation,239.4438,5.923128542809321,0.0,1,2025-10-24 18:00:00
NDSN,Nordson Corporation,239.4438,5.946458804940601,0.0,1,2025-10-24 20:00:00
NDSN,Nordson Corporation,239.6003,6.00088227751451,0.0,1,2025-10-24 22:00:00
NDSN,Nordson Corporation,239.6321,6.055802747802189,0.0,1,2025-10-25 00:00:00
NEE,NextEra Energy,82.2913,0.24420000612735698,9.157999753952026,4,2025-10-24 02:00:00
NEE,NextEra Energy,80.5912,0.2458371443940778,9.15699526643404,4,2025-10-24 04:00:00
NEE,NextEra Energy,80.7153,0.24628011290814128,9.228676513510042,4,2025-10-24 06:00:00
NEE,NextEra Energy,81.6088,0.24798905293393322,9.25780456102308,4,2025-10-24 08:00:00
NEE,NextEra Energy,82.1245,0.2467164684378107,9.285009287127549,4,2025-10-24 10:00:00
NEE,NextEra Energy,81.9121,0.24550984684056495,9.292415761764705,4,2025-10-24 12:00:00
NEE,NextEra Energy,81.5489,0.24380428962866524,9.31490284931005,4,2025-10-24 14:00:00
NEE,NextEra Energy,81.4949,0.24544844415308312,9.230056633375483,4,2025-10-24 16:00:00
NEE,NextEra Energy,81.79,0.24403025847192947,9.15480975757472,4,2025-10-24 18:00:00
NEE,NextEra Energy,81.9704,0.2438950133428662,9.071941024814288,4,2025-10-24 20:00:00
NEE,NextEra Energy,81.8724,0.24287018905222646,9.087638256092399,4,2025-10-24 22:00:00
NEE,NextEra Energy,81.5566,0.24337063790632021,9.100181899362337,4,2025-10-25 00:00:00
NEM,Newmont,78.5712,4.882299900054931,5.060399770736694,3,2025-10-24 02:00:00
NEM,Newmont,77.4211,4.86956294859398,5.036579724149298,3,2025-10-24 04:00:00
NEM,Newmont,81.6652,4.87188655535161,5.021429307648363,3,2025-10-24 06:00:00
NEM,Newmont,84.1254,4.883300868272195,4.977502061284492,3,2025-10-24 08:00:00
NEM,Newmont,84.4653,4.84711832822428,4.933518830753026,3,2025-10-24 10:00:00
NEM,Newmont,84.5305,4.802024679090165,4.939634633461459,3,2025-10-24 12:00:00
NEM,Newmont,84.5841,4.822795787812268,4.943550189368665,3,2025-10-24 14:00:00
NEM,Newmont,84.2925,4.822265424464016,4.967022022710394,3,2025-10-24 16:00:00
NEM,Newmont,84.1621,4.810022351583975,4.919138740665543,3,2025-10-24 18:00:00
NEM,Newmont,84.4799,4.792225407982034,4.938584071539557,3,2025-10-24 20:00:00
NEM,Newmont,84.7045,4.834186749107642,4.91959884389887,3,2025-10-24 22:00:00
NEM,Newmont,84.6266,4.82952450951833,4.934581523955012,3,2025-10-25 00:00:00
NFLX,Netflix,1139.6674,4.872500002384186,4.420599937438965,7,2025-10-24 02:00:00
NFLX,Netflix,1165.8816,4.879133607361143,4.459426084592088,7,2025-10-24 04:00:00
NFLX,Netflix,1169.4397,4.910777925530591,4.42533231585335,7,2025-10-24 06:00:00
NFLX,Netflix,1186.8639,4.875995681629928,4.387626452285619,7,2025-10-24 08:00:00
NFLX,Netflix,1191.4626,4.923533558965625,4.3491725769236265,7,2025-10-24 10:00:00
NFLX,Netflix,1176.8968,4.957958900191745,4.307030978385396,7,2025-10-24 12:00:00
NFLX,Netflix,1163.3113,4.931548426655156,4.270771939521514,7,2025-10-24 14:00:00
NFLX,Netflix,1169.7584,4.933713397920162,4.232713621476065,7,2025-10-24 16:00:00
NFLX,Netflix,1184.3116,4.953115022152301,4.248144535033373,7,2025-10-24 18:00:00
NFLX,Netflix,1190.3715,4.98959148781109,4.274027714265806,7,2025-10-24 20:00:00
NFLX,Netflix,1186.2033,5.02917892987771,4.262064619110381,7,2025-10-24 22:00:00
NFLX,Netflix,1170.3721,5.074540858070802,4.266813449793956,7,2025-10-25 00:00:00
NI,NiSource,42.969,-4.910100102424621,0.0,1,2025-10-24 02:00:00
NI,NiSource,41.8606,-4.90802708352871,0.0,1,2025-10-24 04:00:00
NI,NiSource,41.4546,-4.945034629733419,0.0,1,2025-10-24 06:00:00
NI,NiSource,42.2196,-4.939538389420958,0.0,1,2025-10-24 08:00:00
NI,NiSource,42.7693,-4.985699500110125,0.0,1,2025-10-24 10:00:00
NI,NiSource,42.8787,-5.0190769166916605,0.0,1,2025-10-24 12:00:00
NI,NiSource,42.7409,-4.983244735853051,0.0,1,2025-10-24 14:00:00
NI,NiSource,42.6573,-4.955212917240853,0.0,1,2025-10-24 16:00:00
NI,NiSource,42.7725,-4.94451087957896,0.0,1,2025-10-24 18:00:00
NI,NiSource,42.782,-4.959134144669899,0.0,1,2025-10-24 20:00:00
NI,NiSource,42.7055,-4.931482178136729,0.0,1,2025-10-24 22:00:00
NI,NiSource,42.6635,-4.9298942687485345,0.0,1,2025-10-25 00:00:00
NKE,"Nike, Inc.",68.2876,-8.084999918937683,0.0,1,2025-10-24 02:00:00
NKE,"Nike, Inc.",67.8612,-8.09490983262049,0.0,1,2025-10-24 04:00:00
NKE,"Nike, Inc.",68.1589,-8.126083516623911,0.0,1,2025-10-24 06:00:00
NKE,"Nike, Inc.",68.7385,-8.101966878755858,0.0,1,2025-10-24 08:00:00
NKE,"Nike, Inc.",69.0796,-8.100088991771347,0.0,1,2025-10-24 10:00:00
NKE,"Nike, Inc.",68.7444,-8.14712986706167,0.0,1,2025-10-24 12:00:00
NKE,"Nike, Inc.",68.4975,-8.191984083070546,0.0,1,2025-10-24 14:00:00
NKE,"Nike, Inc.",68.4671,-8.266394082157912,0.0,1,2025-10-24 16:00:00
NKE,"Nike, Inc.",68.4487,-8.288626920595965,0.0,1,2025-10-24 18:00:00
NKE,"Nike, Inc.",68.4649,-8.285307099729867,0.0,1,2025-10-24 20:00:00
NKE,"Nike, Inc.",68.6365,-8.246926910367462,0.0,1,2025-10-24 22:00:00
NKE,"Nike, Inc.",68.6278,-8.29392270690882,0.0,1,2025-10-25 00:00:00
NOC,Northrop Grumman,588.4988,7.325900197029114,0.0,1,2025-10-24 02:00:00
NOC,Northrop Grumman,578.8786,7.283527083379629,0.0,1,2025-10-24 04:00:00
NOC,Northrop Grumman,581.987,7.30240262681728,0.0,1,2025-10-24 06:00:00
NOC,Northrop Grumman,591.7761,7.324434949757511,0.0,1,2025-10-24 08:00:00
NOC,Northrop Grumman,592.8024,7.378637814047246,0.0,1,2025-10-24 10:00:00
NOC,Northrop Grumman,590.6916,7.370980958791759,0.0,1,2025-10-24 12:00:00
NOC,Northrop Grumman,586.9518,7.33164287240702,0.0,1,2025-10-24 14:00:00
NOC,Northrop Grumman,586.9761,7.368856896334164,0.0,1,2025-10-24 16:00:00
NOC,Northrop Grumman,588.5238,7.37350265521211,0.0,1,2025-10-24 18:00:00
NOC,Northrop Grumman,590.1566,7.3495500683012835,0.0,1,2025-10-24 20:00:00
NOC,Northrop Grumman,590.3062,7.3058194231396065,0.0,1,2025-10-24 22:00:00
NOC,Northrop Grumman,588.3451,7.304210888024621,0.0,1,2025-10-25 00:00:00
NOW,ServiceNow,964.9972,-0.274299997836351,7.5060999393463135,10,2025-10-24 02:00:00
NOW,ServiceNow,986.1362,-0.2740236994312073,7.438680088837316,10,2025-10-24 04:00:00
NOW,ServiceNow,980.8357,-0.2756930699522436,7.408786119010923,10,2025-10-24 06:00:00
NOW,ServiceNow,980.367,-0.27724519047328516,7.432178853185009,10,2025-10-24 08:00:00
NOW,ServiceNow,980.2123,-0.27592814248431025,7.458466095653331,10,2025-10-24 10:00:00
NOW,ServiceNow,979.0879,-0.2747496668318572,7.533017786122943,10,2025-10-24 12:00:00
NOW,ServiceNow,979.0021,-0.27219225828522,7.487034512038978,10,2025-10-24 14:00:00
NOW,ServiceNow,978.8383,-0.2742371362394442,7.535469517996022,10,2025-10-24 16:00:00
NOW,ServiceNow,979.6866,-0.27579014733629775,7.593304622142696,10,2025-10-24 18:00:00
NOW,ServiceNow,980.6154,-0.2775702018344824,7.635786184317598,10,2025-10-24 20:00:00
NOW,ServiceNow,979.465,-0.2769386306673908,7.672463899308346,10,2025-10-24 22:00:00
NOW,ServiceNow,978.125,-0.27693317402801193,7.637097216640338,10,2025-10-25 00:00:00
NRG,NRG Energy,190.6072,7.84850001335144,1.6789999604225159,2,2025-10-24 02:00:00
NRG,NRG Energy,193.4388,7.92680906813726,1.6772924470960773,2,2025-10-24 04:00:00
NRG,NRG Energy,192.8723,7.981331169887467,1.686081454857833,2,2025-10-24 06:00:00
NRG,NRG Energy,196.3192,7.939016300348667,1.6727024647929576,2,2025-10-24 08:00:00
NRG,NRG Energy,195.903,8.014761954553975,1.6751772524330408,2,2025-10-24 10:00:00
NRG,NRG Energy,195.7279,7.949089218737965,1.6837164243950549,2,2025-10-24 12:00:00
NRG,NRG Energy,195.521,8.007162793420024,1.6923694760430583,2,2025-10-24 14:00:00
NRG,NRG Energy,195.346,8.009706476802144,1.686834421983561,2,2025-10-24 16:00:00
NRG,NRG Energy,195.9785,7.938998834671151,1.7003308084482607,2,2025-10-24 18:00:00
NRG,NRG Energy,195.9319,7.90059146328233,1.700607601366095,2,2025-10-24 20:00:00
NRG,NRG Energy,195.4127,7.906885444728709,1.7114195501032716,2,2025-10-24 22:00:00
NRG,NRG Energy,195.378,7.975837378867457,1.7027370137593603,2,2025-10-25 00:00:00
NSC,Norfolk Southern,280.1311,-1.8312999606132498,7.01259970664978,5,2025-10-24 02:00:00
NSC,Norfolk Southern,281.4578,-1.8170700108974693,7.0331076151933996,5,2025-10-24 04:00:00
NSC,Norfolk Southern,281.8973,-1.8009912341578147,6.973709873490616,5,2025-10-24 06:00:00
NSC,Norfolk Southern,281.487,-1.8031105254849469,7.022959507465509,5,2025-10-24 08:00:00
NSC,Norfolk Southern,281.1379,-1.8126764375352906,7.072775622446162,5,2025-10-24 10:00:00
NSC,Norfolk Southern,281.2526,-1.8270376882189707,7.008951530714989,5,2025-10-24 12:00:00
NSC,Norfolk Southern,281.2973,-1.835197812837821,6.9537447741332885,5,2025-10-24 14:00:00
NSC,Norfolk Southern,281.2647,-1.8501777793832035,7.001169834032366,5,2025-10-24 16:00:00
NSC,Norfolk Southern,281.5241,-1.8548081608493683,7.03347906712024,5,2025-10-24 18:00:00
NSC,Norfolk Southern,281.5034,-1.871078224145807,7.024320258299513,5,2025-10-24 20:00:00
NSC,Norfolk Southern,281.2842,-1.8700345740561493,7.053425296855904,5,2025-10-24 22:00:00
NSC,Norfolk Southern,281.2867,-1.8529023126068112,7.109364477886253,5,2025-10-25 00:00:00
NTAP,NetApp,118.6393,2.226500064134597,6.406099796295166,4,2025-10-24 02:00:00
NTAP,NetApp,119.9424,2.2253344370347157,6.39807716603298,4,2025-10-24 04:00:00
NTAP,NetApp,119.7763,2.2459922724338397,6.4318718621503885,4,2025-10-24 06:00:00
NTAP,NetApp,119.3509,2.2517530678157542,6.401403319823913,4,2025-10-24 08:00:00
NTAP,NetApp,119.2634,2.2434706344458473,6.427537280662086,4,2025-10-24 10:00:00
NTAP,NetApp,119.4064,2.265261634551343,6.394689400546619,4,2025-10-24 12:00:00
NTAP,NetApp,119.2684,2.2729712214354896,6.437690597583847,4,2025-10-24 14:00:00
NTAP,NetApp,119.3373,2.269123932927626,6.430985724457291,4,2025-10-24 16:00:00
NTAP,NetApp,119.3695,2.2507867473324055,6.480326533564895,4,2025-10-24 18:00:00
NTAP,NetApp,119.5161,2.240343433934502,6.4654782769034655,4,2025-10-24 20:00:00
NTAP,NetApp,119.2462,2.233370601987054,6.466777708692558,4,2025-10-24 22:00:00
NTAP,NetApp,119.263,2.2515925818457094,6.51882419034432,4,2025-10-25 00:00:00
NTRS,Northern Trust,129.5919,-9.374399781227112,0.0,1,2025-10-24 02:00:00
NTRS,Northern Trust,131.3207,-9.41186239782141,0.0,1,2025-10-24 04:00:00
NTRS,Northern Trust,131.2366,-9.487129905541222,0.0,1,2025-10-24 06:00:00
NTRS,Northern Trust,129.1271,-9.51650437137388,0.0,1,2025-10-24 08:00:00
NTRS,Northern Trust,128.5674,-9.495662275201592,0.0,1,2025-10-24 10:00:00
NTRS,Northern Trust,130.2806,-9.536677374661702,0.0,1,2025-10-24 12:00:00
NTRS,Northern Trust,131.3708,-9.473189302025212,0.0,1,2025-10-24 14:00:00
NTRS,Northern Trust,129.5679,-9.388261959708718,0.0,1,2025-10-24 16:00:00
NTRS,Northern Trust,128.9624,-9.450870495974117,0.0,1,2025-10-24 18:00:00
NTRS,Northern Trust,129.8673,-9.516798556398523,0.0,1,2025-10-24 20:00:00
NTRS,Northern Trust,129.2477,-9.47517075060303,0.0,1,2025-10-24 22:00:00
NTRS,Northern Trust,130.1923,-9.568805815121905,0.0,1,2025-10-25 00:00:00
NUE,Nucor,138.5208,9.017400145530699,0.0,1,2025-10-24 02:00:00
NUE,Nucor,140.3986,9.022610216638661,0.0,1,2025-10-24 04:00:00
NUE,Nucor,141.6178,9.006550273790186,0.0,1,2025-10-24 06:00:00
NUE,Nucor,139.4113,8.984651574616512,0.0,1,2025-10-24 08:00:00
NUE,Nucor,138.7812,8.928963704121719,0.0,1,2025-10-24 10:00:00
NUE,Nucor,139.2852,8.894751289907276,0.0,1,2025-10-24 12:00:00
NUE,Nucor,140.4236,8.957081915942933,0.0,1,2025-10-24 14:00:00
NUE,Nucor,139.5832,8.949706251135769,0.0,1,2025-10-24 16:00:00
NUE,Nucor,140.0763,8.974016820118463,0.0,1,2025-10-24 18:00:00
NUE,Nucor,140.7316,8.896609143331007,0.0,1,2025-10-24 20:00:00
NUE,Nucor,139.1188,8.839901731127108,0.0,1,2025-10-24 22:00:00
NUE,Nucor,139.2944,8.900552047299929,0.0,1,2025-10-25 00:00:00
NVDA,Nvidia,208.1284,2.799299955368042,7.2693997621536255,5,2025-10-24 02:00:00
NVDA,Nvidia,210.8969,2.8185768257703034,7.236967171723841,5,2025-10-24 04:00:00
NVDA,Nvidia,214.1943,2.829384264840118,7.172804042666645,5,2025-10-24 06:00:00
NVDA,Nvidia,215.5871,2.810884823317514,7.197222281144971,5,2025-10-24 08:00:00
NVDA,Nvidia,215.8944,2.7903408247523767,7.2381322869973115,5,2025-10-24 10:00:00
NVDA,Nvidia,216.4591,2.789408824528923,7.210243743526928,5,2025-10-24 12:00:00
NVDA,Nvidia,216.2462,2.7627049819825094,7.264155818186435,5,2025-10-24 14:00:00
NVDA,Nvidia,216.0361,2.78457922094487,7.231032330878231,5,2025-10-24 16:00:00
NVDA,Nvidia,216.49,2.779664116806403,7.227032832024027,5,2025-10-24 18:00:00
NVDA,Nvidia,216.445,2.779081029148131,7.260218390449018,5,2025-10-24 20:00:00
NVDA,Nvidia,216.5825,2.7601195347653316,7.1877114845296965,5,2025-10-24 22:00:00
NVDA,Nvidia,216.5624,2.7598881620805886,7.124770700791382,5,2025-10-25 00:00:00
NVR,"NVR, Inc.",9243.1843,-4.427500069141388,6.081500053405762,2,2025-10-24 02:00:00
NVR,"NVR, Inc.",9329.5562,-4.4091586237359826,6.083163966902589,2,2025-10-24 04:00:00
NVR,"NVR, Inc.",9286.0639,-4.414958853938186,6.122017675149973,2,2025-10-24 06:00:00
NVR,"NVR, Inc.",9201.5279,-4.385316873647156,6.072932295177599,2,2025-10-24 08:00:00
NVR,"NVR, Inc.",9296.8561,-4.419541821974572,6.129300708061047,2,2025-10-24 10:00:00
NVR,"NVR, Inc.",9377.7644,-4.396114884491082,6.095278528034309,2,2025-10-24 12:00:00
NVR,"NVR, Inc.",9378.284,-4.398441649205717,6.131579653706266,2,2025-10-24 14:00:00
NVR,"NVR, Inc.",9218.0929,-4.411718140704736,6.083739605196766,2,2025-10-24 16:00:00
NVR,"NVR, Inc.",9171.5859,-4.39407676530957,6.066882386851767,2,2025-10-24 18:00:00
NVR,"NVR, Inc.",9209.5203,-4.418632498244497,6.076586213708,2,2025-10-24 20:00:00
NVR,"NVR, Inc.",9192.0316,-4.447021687904389,6.0667492634033975,2,2025-10-24 22:00:00
NVR,"NVR, Inc.",9135.7467,-4.442064996607352,6.0558697838886015,2,2025-10-25 00:00:00
NWS,News Corp (Class B),30.5915,8.628000020980835,0.0,1,2025-10-24 02:00:00
NWS,News Corp (Class B),30.7709,8.628792099536248,0.0,1,2025-10-24 04:00:00
NWS,News Corp (Class B),30.7502,8.610521136651784,0.0,1,2025-10-24 06:00:00
NWS,News Corp (Class B),30.6925,8.690918748735891,0.0,1,2025-10-24 08:00:00
NWS,News Corp (Class B),30.6419,8.629820246615187,0.0,1,2025-10-24 10:00:00
NWS,News Corp (Class B),30.6541,8.682055750645365,0.0,1,2025-10-24 12:00:00
NWS,News Corp (Class B),30.6457,8.674538685608203,0.0,1,2025-10-24 14:00:00
NWS,News Corp (Class B),30.6937,8.658255003486044,0.0,1,2025-10-24 16:00:00
NWS,News Corp (Class B),30.6572,8.632182373752041,0.0,1,2025-10-24 18:00:00
NWS,News Corp (Class B),30.6209,8.594839391513432,0.0,1,2025-10-24 20:00:00
NWS,News Corp (Class B),30.6703,8.64841331325436,0.0,1,2025-10-24 22:00:00
NWS,News Corp (Class B),30.6743,8.699166373972734,0.0,1,2025-10-25 00:00:00
NWSA,News Corp (Class A),26.9504,8.628000020980835,0.0,1,2025-10-24 02:00:00
NWSA,News Corp (Class A),27.0849,8.55724058202193,0.0,1,2025-10-24 04:00:00
NWSA,News Corp (Class A),26.9794,8.621037416069235,0.0,1,2025-10-24 06:00:00
NWSA,News Corp (Class A),26.9489,8.656528031602663,0.0,1,2025-10-24 08:00:00
NWSA,News Corp (Class A),26.9934,8.725644939837453,0.0,1,2025-10-24 10:00:00
NWSA,News Corp (Class A),27.0288,8.66070423306927,0.0,1,2025-10-24 12:00:00
NWSA,News Corp (Class A),27.0282,8.710542543577724,0.0,1,2025-10-24 14:00:00
NWSA,News Corp (Class A),27.0311,8.659839593934741,0.0,1,2025-10-24 16:00:00
NWSA,News Corp (Class A),26.9926,8.625220094887109,0.0,1,2025-10-24 18:00:00
NWSA,News Corp (Class A),26.9864,8.640602166345746,0.0,1,2025-10-24 20:00:00
NWSA,News Corp (Class A),26.9762,8.61301594840461,0.0,1,2025-10-24 22:00:00
NWSA,News Corp (Class A),26.9934,8.665384610671726,0.0,1,2025-10-25 00:00:00
NXPI,NXP Semiconductors,226.3909,6.94570004940033,0.0,1,2025-10-24 02:00:00
NXPI,NXP Semiconductors,229.6606,6.916744810775116,0.0,1,2025-10-24 04:00:00
NXPI,NXP Semiconductors,229.5077,6.867107801919777,0.0,1,2025-10-24 06:00:00
NXPI,NXP Semiconductors,228.0406,6.909716958642366,0.0,1,2025-10-24 08:00:00
NXPI,NXP Semiconductors,227.5788,6.888619864322295,0.0,1,2025-10-24 10:00:00
NXPI,NXP Semiconductors,227.8009,6.922988780358048,0.0,1,2025-10-24 12:00:00
NXPI,NXP Semiconductors,228.39,6.980684725542006,0.0,1,2025-10-24 14:00:00
NXPI,NXP Semiconductors,228.3609,7.033772762864428,0.0,1,2025-10-24 16:00:00
NXPI,NXP Semiconductors,227.8354,6.9760987774857215,0.0,1,2025-10-24 18:00:00
NXPI,NXP Semiconductors,227.792,7.015054846436246,0.0,1,2025-10-24 20:00:00
NXPI,NXP Semiconductors,227.997,7.076807388372688,0.0,1,2025-10-24 22:00:00
NXPI,NXP Semiconductors,228.0217,7.089165716746181,0.0,1,2025-10-25 00:00:00
O,Realty Income,59.4085,9.007800221443176,0.0,1,2025-10-24 02:00:00
O,Realty Income,59.3197,8.929049789742306,0.0,1,2025-10-24 04:00:00
O,Realty Income,59.5039,8.917815221978486,0.0,1,2025-10-24 06:00:00
O,Realty Income,59.4184,8.953616772360688,0.0,1,2025-10-24 08:00:00
O,Realty Income,59.3463,8.972988715168063,0.0,1,2025-10-24 10:00:00
O,Realty Income,59.3689,9.05379594335319,0.0,1,2025-10-24 12:00:00
O,Realty Income,59.3799,9.113278123959125,0.0,1,2025-10-24 14:00:00
O,Realty Income,59.3716,9.096625253320537,0.0,1,2025-10-24 16:00:00
O,Realty Income,59.4611,9.114434317488424,0.0,1,2025-10-24 18:00:00
O,Realty Income,59.4361,9.045136659595087,0.0,1,2025-10-24 20:00:00
O,Realty Income,59.3746,8.966917745684741,0.0,1,2025-10-24 22:00:00
O,Realty Income,59.3755,8.919668867049598,0.0,1,2025-10-25 00:00:00
ODFL,Old Dominion,142.1045,-7.677900195121765,0.0,1,2025-10-24 02:00:00
ODFL,Old Dominion,146.2043,-7.604560246008618,0.0,1,2025-10-24 04:00:00
ODFL,Old Dominion,145.6076,-7.605227965511324,0.0,1,2025-10-24 06:00:00
ODFL,Old Dominion,140.6426,-7.600886191633381,0.0,1,2025-10-24 08:00:00
ODFL,Old Dominion,139.2786,-7.566075893755355,0.0,1,2025-10-24 10:00:00
ODFL,Old Dominion,140.8159,-7.535748221793798,0.0,1,2025-10-24 12:00:00
ODFL,Old Dominion,144.1222,-7.515423176349992,0.0,1,2025-10-24 14:00:00
ODFL,Old Dominion,143.4988,-7.537183398343202,0.0,1,2025-10-24 16:00:00
ODFL,Old Dominion,140.564,-7.481854096217078,0.0,1,2025-10-24 18:00:00
ODFL,Old Dominion,139.3632,-7.520732909005131,0.0,1,2025-10-24 20:00:00
ODFL,Old Dominion,140.7136,-7.512497297902476,0.0,1,2025-10-24 22:00:00
ODFL,Old Dominion,143.853,-7.52588351187553,0.0,1,2025-10-25 00:00:00
OKE,Oneok,72.4305,7.040899991989136,3.490400016307831,3,2025-10-24 02:00:00
OKE,Oneok,75.0375,7.028346851501921,3.4654999465855867,3,2025-10-24 04:00:00
OKE,Oneok,74.538,7.018876743175747,3.494206356262231,3,2025-10-24 06:00:00
OKE,Oneok,73.4733,7.027085185306886,3.4676300039233188,3,2025-10-24 08:00:00
OKE,Oneok,73.2198,7.097097172077552,3.4402543637331107,3,2025-10-24 10:00:00
OKE,Oneok,73.321,7.12457751991424,3.458356445242874,3,2025-10-24 12:00:00
OKE,Oneok,73.4555,7.140163329352588,3.491892175610011,3,2025-10-24 14:00:00
OKE,Oneok,73.4487,7.08521971072645,3.5131134330726996,3,2025-10-24 16:00:00
OKE,Oneok,73.5485,7.128275379282053,3.5344375802353527,3,2025-10-24 18:00:00
OKE,Oneok,73.541,7.1208382274452235,3.5110533317552584,3,2025-10-24 20:00:00
OKE,Oneok,73.5643,7.091858566402483,3.541722416747915,3,2025-10-24 22:00:00
OKE,Oneok,73.4954,7.156155702555768,3.5460241609534733,3,2025-10-25 00:00:00
OMC,Omnicom Group,82.2837,-9.300400018692015,0.0,1,2025-10-24 02:00:00
OMC,Omnicom Group,84.3481,-9.333408894719428,0.0,1,2025-10-24 04:00:00
OMC,Omnicom Group,84.3125,-9.32800200871443,0.0,1,2025-10-24 06:00:00
OMC,Omnicom Group,83.4115,-9.359869799999949,0.0,1,2025-10-24 08:00:00
OMC,Omnicom Group,83.1518,-9.338926698360416,0.0,1,2025-10-24 10:00:00
OMC,Omnicom Group,83.3776,-9.376910395220111,0.0,1,2025-10-24 12:00:00
OMC,Omnicom Group,83.5971,-9.424010237127494,0.0,1,2025-10-24 14:00:00
OMC,Omnicom Group,83.5919,-9.477606608867465,0.0,1,2025-10-24 16:00:00
OMC,Omnicom Group,83.5205,-9.512348253240187,0.0,1,2025-10-24 18:00:00
OMC,Omnicom Group,83.5054,-9.428912792209749,0.0,1,2025-10-24 20:00:00
OMC,Omnicom Group,83.4221,-9.41670553449489,0.0,1,2025-10-24 22:00:00
OMC,Omnicom Group,83.3786,-9.46944500091862,0.0,1,2025-10-25 00:00:00
ON,ON Semiconductor,51.9015,2.015800029039383,0.0,1,2025-10-24 02:00:00
ON,ON Semiconductor,53.6481,2.002162071159368,0.0,1,2025-10-24 04:00:00
ON,ON Semiconductor,53.9136,1.990076042603562,0.0,1,2025-10-24 06:00:00
ON,ON Semiconductor,53.1457,1.9968594258986938,0.0,1,2025-10-24 08:00:00
ON,ON Semiconductor,52.531,2.004499404625598,0.0,1,2025-10-24 10:00:00
ON,ON Semiconductor,52.5316,2.0088417615908174,0.0,1,2025-10-24 12:00:00
ON,ON Semiconductor,52.8759,2.0212916587001972,0.0,1,2025-10-24 14:00:00
ON,ON Semiconductor,53.2046,2.0152352550422368,0.0,1,2025-10-24 16:00:00
ON,ON Semiconductor,53.5144,2.0273760780656005,0.0,1,2025-10-24 18:00:00
ON,ON Semiconductor,53.5087,2.038949888612368,0.0,1,2025-10-24 20:00:00
ON,ON Semiconductor,52.9275,2.032260069779157,0.0,1,2025-10-24 22:00:00
ON,ON Semiconductor,52.4036,2.04552856219303,0.0,1,2025-10-25 00:00:00
ORCL,Oracle Corporation,321.4768,8.690199851989746,0.0,1,2025-10-24 02:00:00
ORCL,Oracle Corporation,324.5962,8.765307317948853,0.0,1,2025-10-24 04:00:00
ORCL,Oracle Corporation,324.9428,8.715348942654849,0.0,1,2025-10-24 06:00:00
ORCL,Oracle Corporation,323.6826,8.737810085096015,0.0,1,2025-10-24 08:00:00
ORCL,Oracle Corporation,322.2137,8.763899068220837,0.0,1,2025-10-24 10:00:00
ORCL,Oracle Corporation,321.2219,8.81792648536058,0.0,1,2025-10-24 12:00:00
ORCL,Oracle Corporation,322.3791,8.782814035203433,0.0,1,2025-10-24 14:00:00
ORCL,Oracle Corporation,323.3092,8.750920494106913,0.0,1,2025-10-24 16:00:00
ORCL,Oracle Corporation,323.2443,8.767569197069532,0.0,1,2025-10-24 18:00:00
ORCL,Oracle Corporation,323.3456,8.785324249696362,0.0,1,2025-10-24 20:00:00
ORCL,Oracle Corporation,323.5259,8.817610846265975,0.0,1,2025-10-24 22:00:00
ORCL,Oracle Corporation,323.5231,8.799174792693213,0.0,1,2025-10-25 00:00:00
ORLY,O’Reilly Automotive,98.9257,-0.605400018393993,8.55359971523285,3,2025-10-24 02:00:00
ORLY,O’Reilly Automotive,100.9977,-0.6026435531947161,8.522959123688933,3,2025-10-24 04:00:00
ORLY,O’Reilly Automotive,101.2605,-0.6078674130086941,8.527313620799935,3,2025-10-24 06:00:00
ORLY,O’Reilly Automotive,100.7564,-0.6018577293579788,8.554802474668223,3,2025-10-24 08:00:00
ORLY,O’Reilly Automotive,100.5873,-0.6020464486354153,8.541926099546181,3,2025-10-24 10:00:00
ORLY,O’Reilly Automotive,100.7562,-0.6042538829858449,8.616681995267356,3,2025-10-24 12:00:00
ORLY,O’Reilly Automotive,100.7126,-0.5997865718038967,8.573422280254212,3,2025-10-24 14:00:00
ORLY,O’Reilly Automotive,100.3479,-0.599738613815786,8.553816725493425,3,2025-10-24 16:00:00
ORLY,O’Reilly Automotive,100.9478,-0.5987648218001994,8.505899059138995,3,2025-10-24 18:00:00
ORLY,O’Reilly Automotive,101.5221,-0.5940353804965882,8.58044537117044,3,2025-10-24 20:00:00
ORLY,O’Reilly Automotive,101.2804,-0.5913679971492319,8.529984915981302,3,2025-10-24 22:00:00
ORLY,O’Reilly Automotive,100.7606,-0.594380098742399,8.459270022268246,3,2025-10-25 00:00:00
OTIS,Otis Worldwide,94.1902,-6.126700043678284,0.0,1,2025-10-24 02:00:00
OTIS,Otis Worldwide,94.984,-6.151076959082924,0.0,1,2025-10-24 04:00:00
OTIS,Otis Worldwide,94.6161,-6.183935166137731,0.0,1,2025-10-24 06:00:00
OTIS,Otis Worldwide,94.5231,-6.18842666469486,0.0,1,2025-10-24 08:00:00
OTIS,Otis Worldwide,94.4996,-6.20164136258076,0.0,1,2025-10-24 10:00:00
OTIS,Otis Worldwide,94.5274,-6.250786270264952,0.0,1,2025-10-24 12:00:00
OTIS,Otis Worldwide,94.5709,-6.27952937873148,0.0,1,2025-10-24 14:00:00
OTIS,Otis Worldwide,94.5224,-6.245443174236404,0.0,1,2025-10-24 16:00:00
OTIS,Otis Worldwide,94.6933,-6.266915131484237,0.0,1,2025-10-24 18:00:00
OTIS,Otis Worldwide,94.6711,-6.229578476999708,0.0,1,2025-10-24 20:00:00
OTIS,Otis Worldwide,94.5386,-6.233299984911858,0.0,1,2025-10-24 22:00:00
OTIS,Otis Worldwide,94.491,-6.286553876077218,0.0,1,2025-10-25 00:00:00
OXY,Occidental Petroleum,41.7554,7.395399808883667,1.060599982738494,2,2025-10-24 02:00:00
OXY,Occidental Petroleum,42.0,7.3394484869722465,1.053575731680116,2,2025-10-24 04:00:00
OXY,Occidental Petroleum,42.4027,7.2712291106355185,1.056401619098267,2,2025-10-24 06:00:00
OXY,Occidental Petroleum,42.8097,7.303010216555568,1.061006140835079,2,2025-10-24 08:00:00
OXY,Occidental Petroleum,42.8931,7.299243044666984,1.0521695476291664,2,2025-10-24 10:00:00
OXY,Occidental Petroleum,42.5175,7.317344196579083,1.0489985638561494,2,2025-10-24 12:00:00
OXY,Occidental Petroleum,41.8247,7.350510552967588,1.041609077552707,2,2025-10-24 14:00:00
OXY,Occidental Petroleum,41.7018,7.345785458110375,1.0459100439764,2,2025-10-24 16:00:00
OXY,Occidental Petroleum,42.2054,7.389925334222603,1.0529285649378723,2,2025-10-24 18:00:00
OXY,Occidental Petroleum,42.8202,7.361420035859317,1.0436457940301778,2,2025-10-24 20:00:00
OXY,Occidental Petroleum,42.9014,7.373931331244671,1.0390594202557024,2,2025-10-24 22:00:00
OXY,Occidental Petroleum,42.4117,7.369795416057698,1.040397709995126,2,2025-10-25 00:00:00
PANW,Palo Alto Networks,210.1634,-4.760499894618988,1.281799972057342,2,2025-10-24 02:00:00
PANW,Palo Alto Networks,205.9037,-4.727370509345444,1.2781442646805903,2,2025-10-24 04:00:00
PANW,Palo Alto Networks,206.1238,-4.763745610258975,1.2731038978202398,2,2025-10-24 06:00:00
PANW,Palo Alto Networks,208.6559,-4.730378900206583,1.2776637129302963,2,2025-10-24 08:00:00
PANW,Palo Alto Networks,208.9283,-4.691002855170673,1.2876312717780056,2,2025-10-24 10:00:00
PANW,Palo Alto Networks,208.8658,-4.646248229444237,1.2994651552941003,2,2025-10-24 12:00:00
PANW,Palo Alto Networks,208.4794,-4.613713897990506,1.2921912116314003,2,2025-10-24 14:00:00
PANW,Palo Alto Networks,207.9799,-4.643379230435373,1.287556290387738,2,2025-10-24 16:00:00
PANW,Palo Alto Networks,209.1575,-4.670047565660516,1.2869763381678063,2,2025-10-24 18:00:00
PANW,Palo Alto Networks,209.3623,-4.624594416983943,1.2824301527889905,2,2025-10-24 20:00:00
PANW,Palo Alto Networks,208.8782,-4.588248942451557,1.283584759038835,2,2025-10-24 22:00:00
PANW,Palo Alto Networks,208.2588,-4.547061659447354,1.284532035777867,2,2025-10-25 00:00:00
PAYC,Paycom,201.43,7.018899917602539,2.3282000422477718,3,2025-10-24 02:00:00
PAYC,Paycom,202.1467,7.0583280146259915,2.3129528899464358,3,2025-10-24 04:00:00
PAYC,Paycom,201.8499,7.090723497771869,2.306298850336403,3,2025-10-24 06:00:00
PAYC,Paycom,202.1643,7.0295842993222735,2.303727299194487,3,2025-10-24 08:00:00
PAYC,Paycom,202.6123,7.064405685294056,2.308140493682967,3,2025-10-24 10:00:00
PAYC,Paycom,202.7055,7.1122028400727535,2.2870719747595722,3,2025-10-24 12:00:00
PAYC,Paycom,202.2864,7.103528153770355,2.2828941231687994,3,2025-10-24 14:00:00
PAYC,Paycom,201.9069,7.118986325175144,2.2923395454487667,3,2025-10-24 16:00:00
PAYC,Paycom,201.1026,7.163272099447016,2.29881070361544,3,2025-10-24 18:00:00
PAYC,Paycom,201.2814,7.137046022604538,2.298871859900767,3,2025-10-24 20:00:00
PAYC,Paycom,202.6137,7.123081067540071,2.313123116043835,3,2025-10-24 22:00:00
PAYC,Paycom,202.8195,7.149043272263033,2.2973395992618264,3,2025-10-25 00:00:00
PAYX,Paychex,131.3459,8.566499948501587,0.0,1,2025-10-24 02:00:00
PAYX,Paychex,134.4879,8.56401402989167,0.0,1,2025-10-24 04:00:00
PAYX,Paychex,133.5718,8.478465997242692,0.0,1,2025-10-24 06:00:00
PAYX,Paychex,131.8591,8.460489435726734,0.0,1,2025-10-24 08:00:00
PAYX,Paychex,131.5442,8.392459975066306,0.0,1,2025-10-24 10:00:00
PAYX,Paychex,132.1861,8.372687455582765,0.0,1,2025-10-24 12:00:00
PAYX,Paychex,132.6071,8.375513858204169,0.0,1,2025-10-24 14:00:00
PAYX,Paychex,132.5574,8.371749242377486,0.0,1,2025-10-24 16:00:00
PAYX,Paychex,132.4906,8.305339168461265,0.0,1,2025-10-24 18:00:00
PAYX,Paychex,132.4372,8.313165539476934,0.0,1,2025-10-24 20:00:00
PAYX,Paychex,132.3173,8.320266700057239,0.0,1,2025-10-24 22:00:00
PAYX,Paychex,132.3202,8.294218334592502,0.0,1,2025-10-25 00:00:00
PCAR,Paccar,100.1243,7.242799997329712,0.0,1,2025-10-24 02:00:00
PCAR,Paccar,100.6056,7.1961357445030725,0.0,1,2025-10-24 04:00:00
PCAR,Paccar,100.7411,7.2383521083227915,0.0,1,2025-10-24 06:00:00
PCAR,Paccar,99.8255,7.238265944822389,0.0,1,2025-10-24 08:00:00
PCAR,Paccar,100.1552,7.1899228911587505,0.0,1,2025-10-24 10:00:00
PCAR,Paccar,100.6267,7.128696696693594,0.0,1,2025-10-24 12:00:00
PCAR,Paccar,100.5448,7.085112252708291,0.0,1,2025-10-24 14:00:00
PCAR,Paccar,99.8346,7.064302244117804,0.0,1,2025-10-24 16:00:00
PCAR,Paccar,100.3851,7.08374665150059,0.0,1,2025-10-24 18:00:00
PCAR,Paccar,100.764,7.092219919172709,0.0,1,2025-10-24 20:00:00
PCAR,Paccar,99.9393,7.118652659076229,0.0,1,2025-10-24 22:00:00
PCAR,Paccar,100.1745,7.058088407146864,0.0,1,2025-10-25 00:00:00
PCG,PG&E Corporation,17.4232,1.637499928474426,7.656099796295166,4,2025-10-24 02:00:00
PCG,PG&E Corporation,17.6762,1.622536246823752,7.618021023643924,4,2025-10-24 04:00:00
PCG,PG&E Corporation,17.5697,1.6366767656451902,7.577372303459268,4,2025-10-24 06:00:00
PCG,PG&E Corporation,17.4068,1.648558827852822,7.565289783315807,4,2025-10-24 08:00:00
PCG,PG&E Corporation,17.475,1.6563179048660797,7.639845375945279,4,2025-10-24 10:00:00
PCG,PG&E Corporation,17.493,1.6589114725777043,7.611755333331543,4,2025-10-24 12:00:00
PCG,PG&E Corporation,17.4416,1.6626444448619673,7.561159779419941,4,2025-10-24 14:00:00
PCG,PG&E Corporation,17.497,1.6725539931551319,7.504325933770895,4,2025-10-24 16:00:00
PCG,PG&E Corporation,17.479,1.675030225063963,7.533621605227078,4,2025-10-24 18:00:00
PCG,PG&E Corporation,17.4331,1.6908791893448898,7.51789063963109,4,2025-10-24 20:00:00
PCG,PG&E Corporation,17.4251,1.6881237332398566,7.506438911983361,4,2025-10-24 22:00:00
PCG,PG&E Corporation,17.5181,1.6798626165783732,7.5066582412929375,4,2025-10-25 00:00:00
PEG,Public Service Enterprise Group,86.0262,8.597099781036377,0.0,1,2025-10-24 02:00:00
PEG,Public Service Enterprise Group,87.4644,8.620535025261114,0.0,1,2025-10-24 04:00:00
PEG,Public Service Enterprise Group,87.2878,8.632978748882374,0.0,1,2025-10-24 06:00:00
PEG,Public Service Enterprise Group,86.2786,8.556875914377672,0.0,1,2025-10-24 08:00:00
PEG,Public Service Enterprise Group,86.3058,8.521450381763664,0.0,1,2025-10-24 10:00:00
PEG,Public Service Enterprise Group,86.3778,8.439890880141267,0.0,1,2025-10-24 12:00:00
PEG,Public Service Enterprise Group,86.6696,8.42626228773361,0.0,1,2025-10-24 14:00:00
PEG,Public Service Enterprise Group,86.7014,8.351525206928962,0.0,1,2025-10-24 16:00:00
PEG,Public Service Enterprise Group,86.5658,8.387259059352777,0.0,1,2025-10-24 18:00:00
PEG,Public Service Enterprise Group,86.4878,8.323906919849598,0.0,1,2025-10-24 20:00:00
PEG,Public Service Enterprise Group,86.3012,8.32260435589774,0.0,1,2025-10-24 22:00:00
PEG,Public Service Enterprise Group,86.299,8.308269979232294,0.0,1,2025-10-25 00:00:00
PEP,PepsiCo,155.2857,7.46940016746521,0.377900004386901,2,2025-10-24 02:00:00
PEP,PepsiCo,157.02,7.417195660206317,0.37477867398684417,2,2025-10-24 04:00:00
PEP,PepsiCo,156.6665,7.490496723568099,0.3744723682371742,2,2025-10-24 06:00:00
PEP,PepsiCo,155.6164,7.4555349092650385,0.3764885011106774,2,2025-10-24 08:00:00
PEP,PepsiCo,155.387,7.447875388996061,0.3731733121154055,2,2025-10-24 10:00:00
PEP,PepsiCo,155.6701,7.436398454539258,0.37311574642514334,2,2025-10-24 12:00:00
PEP,PepsiCo,155.7272,7.423657413806855,0.3728255865306141,2,2025-10-24 14:00:00
PEP,PepsiCo,155.723,7.451974847564183,0.37477072842076636,2,2025-10-24 16:00:00
PEP,PepsiCo,155.8127,7.404024334731223,0.3764774811204515,2,2025-10-24 18:00:00
PEP,PepsiCo,155.8339,7.38565488777007,0.37459722521397504,2,2025-10-24 20:00:00
PEP,PepsiCo,155.7132,7.3207909330161804,0.37229124089770405,2,2025-10-24 22:00:00
PEP,PepsiCo,155.6251,7.306624224542407,0.37059057997790384,2,2025-10-25 00:00:00
PFE,Pfizer,25.6077,2.333499938249588,5.171800255775452,8,2025-10-24 02:00:00
PFE,Pfizer,25.7944,2.3519107047512504,5.201522076836015,8,2025-10-24 04:00:00
PFE,Pfizer,25.8646,2.3593698291439167,5.193092650401315,8,2025-10-24 06:00:00
PFE,Pfizer,25.7322,2.3555800654402566,5.2435506329815915,8,2025-10-24 08:00:00
PFE,Pfizer,25.6896,2.342387346680167,5.261484746481174,8,2025-10-24 10:00:00
PFE,Pfizer,25.6999,2.354908150659083,5.23038751538925,8,2025-10-24 12:00:00
PFE,Pfizer,25.7127,2.378024343396339,5.179270840219688,8,2025-10-24 14:00:00
PFE,Pfizer,25.7088,2.3933482936133696,5.1300016949707254,8,2025-10-24 16:00:00
PFE,Pfizer,25.8106,2.4038822710403163,5.117926291359853,8,2025-10-24 18:00:00
PFE,Pfizer,25.8229,2.4064052915452487,5.106884674241299,8,2025-10-24 20:00:00
PFE,Pfizer,25.7199,2.3961022970809305,5.0818394334978825,8,2025-10-24 22:00:00
PFE,Pfizer,25.6914,2.4084427738567276,5.103873485782836,8,2025-10-25 00:00:00
PFG,Principal Financial Group,80.1368,-0.49309998750686596,11.339999437332152,2,2025-10-24 02:00:00
PFG,Principal Financial Group,80.2592,-0.49021466605353997,11.442294379010027,2,2025-10-24 04:00:00
PFG,Principal Financial Group,80.1939,-0.48734787963694465,11.542190358722648,2,2025-10-24 06:00:00
PFG,Principal Financial Group,80.086,-0.4919053960832989,11.620512759097819,2,2025-10-24 08:00:00
PFG,Principal Financial Group,80.1335,-0.4880608679675578,11.665333301740633,2,2025-10-24 10:00:00
PFG,Principal Financial Group,80.1335,-0.4883430730396211,11.612848576899822,2,2025-10-24 12:00:00
PFG,Principal Financial Group,80.1382,-0.4867797600819998,11.709363461419544,2,2025-10-24 14:00:00
PFG,Principal Financial Group,80.1294,-0.4851201323017231,11.59586972124566,2,2025-10-24 16:00:00
PFG,Principal Financial Group,80.1765,-0.4838115949286853,11.62558913316414,2,2025-10-24 18:00:00
PFG,Principal Financial Group,80.1764,-0.4868713193663309,11.621251443620457,2,2025-10-24 20:00:00
PFG,Principal Financial Group,80.1255,-0.487708843376032,11.601191492333923,2,2025-10-24 22:00:00
PFG,Principal Financial Group,80.1381,-0.49068667223631385,11.588104812544746,2,2025-10-25 00:00:00
PG,Procter & Gamble,160.0409,-8.31059992313385,0.24989999830722798,3,2025-10-24 02:00:00
PG,Procter & Gamble,161.7494,-8.316202582645076,0.2491686406046447,3,2025-10-24 04:00:00
PG,Procter & Gamble,160.8308,-8.277906607139963,0.24780421493576837,3,2025-10-24 06:00:00
PG,Procter & Gamble,160.3315,-8.289262774068591,0.2473854297167203,3,2025-10-24 08:00:00
PG,Procter & Gamble,160.412,-8.311071198987623,0.24788244086292907,3,2025-10-24 10:00:00
PG,Procter & Gamble,160.5048,-8.378348242839696,0.24673124451289086,3,2025-10-24 12:00:00
PG,Procter & Gamble,160.5077,-8.460691495034204,0.24881218340727515,3,2025-10-24 14:00:00
PG,Procter & Gamble,160.5149,-8.439539405316639,0.25050947317295785,3,2025-10-24 16:00:00
PG,Procter & Gamble,160.5679,-8.411601577455926,0.25103446628666276,3,2025-10-24 18:00:00
PG,Procter & Gamble,160.6018,-8.479523054448013,0.24998674079910466,3,2025-10-24 20:00:00
PG,Procter & Gamble,160.4889,-8.531752412322389,0.25229549469969265,3,2025-10-24 22:00:00
PG,Procter & Gamble,160.4745,-8.523434567380836,0.2520398560520675,3,2025-10-25 00:00:00
PGR,Progressive Corporation,224.8087,5.75219988822937,0.0,1,2025-10-24 02:00:00
PGR,Progressive Corporation,230.3483,5.784952853693352,0.0,1,2025-10-24 04:00:00
PGR,Progressive Corporation,230.2793,5.801896762965185,0.0,1,2025-10-24 06:00:00
PGR,Progressive Corporation,227.4517,5.844326554033961,0.0,1,2025-10-24 08:00:00
PGR,Progressive Corporation,225.8622,5.818818469249282,0.0,1,2025-10-24 10:00:00
PGR,Progressive Corporation,226.2129,5.775957449047868,0.0,1,2025-10-24 12:00:00
PGR,Progressive Corporation,225.861,5.783427051076773,0.0,1,2025-10-24 14:00:00
PGR,Progressive Corporation,225.5594,5.7636535316147945,0.0,1,2025-10-24 16:00:00
PGR,Progressive Corporation,225.8652,5.7488729614576,0.0,1,2025-10-24 18:00:00
PGR,Progressive Corporation,225.8946,5.713364463604729,0.0,1,2025-10-24 20:00:00
PGR,Progressive Corporation,225.8732,5.674855922494462,0.0,1,2025-10-24 22:00:00
PGR,Progressive Corporation,226.3912,5.678445342068955,0.0,1,2025-10-25 00:00:00
PH,Parker Hannifin,794.866,-2.020200043916702,8.611599802970886,2,2025-10-24 02:00:00
PH,Parker Hannifin,801.3042,-2.030054761131694,8.526475248761919,2,2025-10-24 04:00:00
PH,Parker Hannifin,793.348,-2.047451500979693,8.52285176721212,2,2025-10-24 06:00:00
PH,Parker Hannifin,783.6107,-2.05771464764578,8.454220569291838,2,2025-10-24 08:00:00
PH,Parker Hannifin,783.3263,-2.0402787744780344,8.424808482993816,2,2025-10-24 10:00:00
PH,Parker Hannifin,787.0354,-2.032247085496055,8.485478017469381,2,2025-10-24 12:00:00
PH,Parker Hannifin,792.8004,-2.031140743368067,8.498785029054218,2,2025-10-24 14:00:00
PH,Parker Hannifin,797.008,-2.0311314659043727,8.547196994015193,2,2025-10-24 16:00:00
PH,Parker Hannifin,793.1416,-2.0389283301808474,8.628577161104063,2,2025-10-24 18:00:00
PH,Parker Hannifin,783.5726,-2.0289675135763052,8.714736221648339,2,2025-10-24 20:00:00
PH,Parker Hannifin,783.2861,-2.0315989003175745,8.783181907124167,2,2025-10-24 22:00:00
PH,Parker Hannifin,787.0669,-2.0290494186806316,8.789517881729369,2,2025-10-25 00:00:00
PHM,PulteGroup,127.244,0.062600001692771,0.0,1,2025-10-24 02:00:00
PHM,PulteGroup,129.2474,0.062307284439476265,0.0,1,2025-10-24 04:00:00
PHM,PulteGroup,128.9941,0.062482538880971154,0.0,1,2025-10-24 06:00:00
PHM,PulteGroup,128.0728,0.0625612559905134,0.0,1,2025-10-24 08:00:00
PHM,PulteGroup,127.8711,0.0621717057618361,0.0,1,2025-10-24 10:00:00
PHM,PulteGroup,127.8767,0.06190050355609719,0.0,1,2025-10-24 12:00:00
PHM,PulteGroup,127.9942,0.062129237143180346,0.0,1,2025-10-24 14:00:00
PHM,PulteGroup,128.1518,0.06182389281634463,0.0,1,2025-10-24 16:00:00
PHM,PulteGroup,128.1429,0.061315430500272904,0.0,1,2025-10-24 18:00:00
PHM,PulteGroup,127.9328,0.060993064735924106,0.0,1,2025-10-24 20:00:00
PHM,PulteGroup,127.8768,0.06059519778149145,0.0,1,2025-10-24 22:00:00
PHM,PulteGroup,128.0131,0.060999792482846,0.0,1,2025-10-25 00:00:00
PKG,Packaging Corporation of America,209.0846,-0.469800010323524,8.441799879074097,3,2025-10-24 02:00:00
PKG,Packaging Corporation of America,215.2969,-0.47258326653908267,8.462213420425268,3,2025-10-24 04:00:00
PKG,Packaging Corporation of America,216.3409,-0.4716768670261718,8.532157428985094,3,2025-10-24 06:00:00
PKG,Packaging Corporation of America,214.3421,-0.4690243293323044,8.500286140821329,3,2025-10-24 08:00:00
PKG,Packaging Corporation of America,213.7569,-0.4730209844283315,8.56752883186892,3,2025-10-24 10:00:00
PKG,Packaging Corporation of America,214.3792,-0.4745005575312733,8.642809801305596,3,2025-10-24 12:00:00
PKG,Packaging Corporation of America,213.932,-0.4773510611841128,8.647441625200285,3,2025-10-24 14:00:00
PKG,Packaging Corporation of America,213.5225,-0.4764769722057132,8.694438308432511,3,2025-10-24 16:00:00
PKG,Packaging Corporation of America,213.4773,-0.4806440227678325,8.747101623688206,3,2025-10-24 18:00:00
PKG,Packaging Corporation of America,213.5512,-0.4763762711666121,8.692091442757098,3,2025-10-24 20:00:00
PKG,Packaging Corporation of America,213.7159,-0.47874601963294017,8.740740791738078,3,2025-10-24 22:00:00
PKG,Packaging Corporation of America,213.8946,-0.4747661012531447,8.688500889206397,3,2025-10-25 00:00:00
PLD,Prologis,120.5068,-2.373600006103515,0.0,1,2025-10-24 02:00:00
PLD,Prologis,118.5838,-2.3558660703343306,0.0,1,2025-10-24 04:00:00
PLD,Prologis,119.3318,-2.3667366211452667,0.0,1,2025-10-24 06:00:00
PLD,Prologis,119.9356,-2.3507644354776325,0.0,1,2025-10-24 08:00:00
PLD,Prologis,119.9015,-2.343239308660259,0.0,1,2025-10-24 10:00:00
PLD,Prologis,119.7672,-2.343930419387339,0.0,1,2025-10-24 12:00:00
PLD,Prologis,119.635,-2.3218176678090328,0.0,1,2025-10-24 14:00:00
PLD,Prologis,119.6763,-2.302824120281599,0.0,1,2025-10-24 16:00:00
PLD,Prologis,120.1945,-2.323364225815413,0.0,1,2025-10-24 18:00:00
PLD,Prologis,120.3182,-2.3367610287232012,0.0,1,2025-10-24 20:00:00
PLD,Prologis,119.7229,-2.3438765247727065,0.0,1,2025-10-24 22:00:00
PLD,Prologis,119.5229,-2.327699091021915,0.0,1,2025-10-25 00:00:00
PLTR,Palantir Technologies,223.9132,4.962399899959564,6.923199892044067,6,2025-10-24 02:00:00
PLTR,Palantir Technologies,233.593,4.977871124820681,6.97821230256893,6,2025-10-24 04:00:00
PLTR,Palantir Technologies,235.3486,5.00479946273718,6.915387019521579,6,2025-10-24 06:00:00
PLTR,Palantir Technologies,241.6589,4.986529542928669,6.939691264907933,6,2025-10-24 08:00:00
PLTR,Palantir Technologies,238.7264,4.996114889241563,6.960814833639047,6,2025-10-24 10:00:00
PLTR,Palantir Technologies,233.8854,5.0345993375379186,6.961171449414398,6,2025-10-24 12:00:00
PLTR,Palantir Technologies,226.9596,5.065415485419088,6.9437825798338855,6,2025-10-24 14:00:00
PLTR,Palantir Technologies,221.7535,5.1027528118512375,6.981481683038331,6,2025-10-24 16:00:00
PLTR,Palantir Technologies,223.3942,5.091927189101627,6.9411310098461625,6,2025-10-24 18:00:00
PLTR,Palantir Technologies,240.4589,5.128158063172167,6.918454637814287,6,2025-10-24 20:00:00
PLTR,Palantir Technologies,240.3345,5.176828946545463,6.966931837202381,6,2025-10-24 22:00:00
PLTR,Palantir Technologies,241.0432,5.211515713019884,7.033607877159682,6,2025-10-25 00:00:00
PM,Philip Morris International,177.6036,8.478500247001648,0.0,1,2025-10-24 02:00:00
PM,Philip Morris International,184.9686,8.528543512978054,0.0,1,2025-10-24 04:00:00
PM,Philip Morris International,183.4646,8.600740644309917,0.0,1,2025-10-24 06:00:00
PM,Philip Morris International,178.933,8.604487593942709,0.0,1,2025-10-24 08:00:00
PM,Philip Morris International,175.8739,8.56019523007144,0.0,1,2025-10-24 10:00:00
PM,Philip Morris International,177.6851,8.586185997306728,0.0,1,2025-10-24 12:00:00
PM,Philip Morris International,181.1746,8.670761034215154,0.0,1,2025-10-24 14:00:00
PM,Philip Morris International,182.2113,8.747802192104402,0.0,1,2025-10-24 16:00:00
PM,Philip Morris International,182.0335,8.718570279931438,0.0,1,2025-10-24 18:00:00
PM,Philip Morris International,181.4081,8.700201735040457,0.0,1,2025-10-24 20:00:00
PM,Philip Morris International,180.2541,8.673176982942843,0.0,1,2025-10-24 22:00:00
PM,Philip Morris International,180.0224,8.67319370055768,0.0,1,2025-10-25 00:00:00
PNC,PNC Financial Services,193.9583,9.122400283813475,0.0,1,2025-10-24 02:00:00
PNC,PNC Financial Services,195.0366,9.200983823253832,0.0,1,2025-10-24 04:00:00
PNC,PNC Financial Services,194.4578,9.147320509887452,0.0,1,2025-10-24 06:00:00
PNC,PNC Financial Services,194.6507,9.134594944644387,0.0,1,2025-10-24 08:00:00
PNC,PNC Financial Services,195.1184,9.173938459226843,0.0,1,2025-10-24 10:00:00
PNC,PNC Financial Services,195.1274,9.179111284361051,0.0,1,2025-10-24 12:00:00
PNC,PNC Financial Services,195.0236,9.154943064730086,0.0,1,2025-10-24 14:00:00
PNC,PNC Financial Services,194.9877,9.092895533908042,0.0,1,2025-10-24 16:00:00
PNC,PNC Financial Services,195.05,9.161585927456839,0.0,1,2025-10-24 18:00:00
PNC,PNC Financial Services,195.05,9.093750210098122,0.0,1,2025-10-24 20:00:00
PNC,PNC Financial Services,195.0233,9.146042998154991,0.0,1,2025-10-24 22:00:00
PNC,PNC Financial Services,195.0099,9.21850827758137,0.0,1,2025-10-25 00:00:00
PNR,Pentair,113.5896,-5.888299942016602,0.0,1,2025-10-24 02:00:00
PNR,Pentair,115.1486,-5.905746385069032,0.0,1,2025-10-24 04:00:00
PNR,Pentair,115.1403,-5.962002869729418,0.0,1,2025-10-24 06:00:00
PNR,Pentair,114.372,-5.976391863624045,0.0,1,2025-10-24 08:00:00
PNR,Pentair,113.9199,-5.974138121325403,0.0,1,2025-10-24 10:00:00
PNR,Pentair,114.2308,-6.0282268857958945,0.0,1,2025-10-24 12:00:00
PNR,Pentair,114.391,-6.036574648680238,0.0,1,2025-10-24 14:00:00
PNR,Pentair,114.279,-6.09269808334279,0.0,1,2025-10-24 16:00:00
PNR,Pentair,114.362,-6.061151907802428,0.0,1,2025-10-24 18:00:00
PNR,Pentair,114.3732,-6.071582558636147,0.0,1,2025-10-24 20:00:00
PNR,Pentair,114.3019,-6.039699081188209,0.0,1,2025-10-24 22:00:00
PNR,Pentair,114.2496,-6.017448502796021,0.0,1,2025-10-25 00:00:00
PNW,Pinnacle West Capital,93.315,8.663100004196167,0.0,1,2025-10-24 02:00:00
PNW,Pinnacle West Capital,94.4582,8.631613116102518,0.0,1,2025-10-24 04:00:00
PNW,Pinnacle West Capital,94.5012,8.681143227920465,0.0,1,2025-10-24 06:00:00
PNW,Pinnacle West Capital,93.5858,8.63130830388066,0.0,1,2025-10-24 08:00:00
PNW,Pinnacle West Capital,93.1846,8.637147379818053,0.0,1,2025-10-24 10:00:00
PNW,Pinnacle West Capital,93.3267,8.576863974255966,0.0,1,2025-10-24 12:00:00
PNW,Pinnacle West Capital,93.7161,8.516548318610422,0.0,1,2025-10-24 14:00:00
PNW,Pinnacle West Capital,93.7125,8.543744967186143,0.0,1,2025-10-24 16:00:00
PNW,Pinnacle West Capital,93.6647,8.553328145860851,0.0,1,2025-10-24 18:00:00
PNW,Pinnacle West Capital,93.6758,8.56236560140947,0.0,1,2025-10-24 20:00:00
PNW,Pinnacle West Capital,93.5016,8.572620308601659,0.0,1,2025-10-24 22:00:00
PNW,Pinnacle West Capital,93.364,8.538613699915473,0.0,1,2025-10-25 00:00:00
PODD,Insulet Corporation,351.1086,7.579500079154968,1.9542999565601349,2,2025-10-24 02:00:00
PODD,Insulet Corporation,367.7247,7.506161658205908,1.964317897607079,2,2025-10-24 04:00:00
PODD,Insulet Corporation,364.6372,7.440900228019458,1.9656340149729297,2,2025-10-24 06:00:00
PODD,Insulet Corporation,354.7177,7.449847020092179,1.9787380247596114,2,2025-10-24 08:00:00
PODD,Insulet Corporation,345.5164,7.484526108628481,1.9605021833726792,2,2025-10-24 10:00:00
PODD,Insulet Corporation,345.5672,7.452904325717184,1.9507415018824146,2,2025-10-24 12:00:00
PODD,Insulet Corporation,355.7395,7.430165546780887,1.9479102717562369,2,2025-10-24 14:00:00
PODD,Insulet Corporation,360.5331,7.4184107405869995,1.9319943972429967,2,2025-10-24 16:00:00
PODD,Insulet Corporation,360.8937,7.464187178006193,1.9327048717447255,2,2025-10-24 18:00:00
PODD,Insulet Corporation,356.7526,7.389966980055528,1.9179857438508956,2,2025-10-24 20:00:00
PODD,Insulet Corporation,352.774,7.360918018885909,1.9084370824463794,2,2025-10-24 22:00:00
PODD,Insulet Corporation,353.0384,7.380145028319071,1.9087641028981244,2,2025-10-25 00:00:00
POOL,Pool Corporation,301.6269,-6.004800200462341,5.231800079345703,3,2025-10-24 02:00:00
POOL,Pool Corporation,310.4826,-6.030373619156306,5.185176631603997,3,2025-10-24 04:00:00
POOL,Pool Corporation,310.6441,-6.007766773607693,5.147413707852889,3,2025-10-24 06:00:00
POOL,Pool Corporation,306.1632,-6.020016839008178,5.143470542243539,3,2025-10-24 08:00:00
POOL,Pool Corporation,304.8074,-6.072321302622459,5.147080036880575,3,2025-10-24 10:00:00
POOL,Pool Corporation,305.5226,-6.012810890495933,5.185188108379514,3,2025-10-24 12:00:00
POOL,Pool Corporation,305.5012,-6.007555812555851,5.154314052504873,3,2025-10-24 14:00:00
POOL,Pool Corporation,304.9993,-5.997326940338921,5.134173172199,3,2025-10-24 16:00:00
POOL,Pool Corporation,307.6833,-5.9680611849467615,5.137434524827675,3,2025-10-24 18:00:00
POOL,Pool Corporation,308.524,-5.92343986896862,5.140496447262576,3,2025-10-24 20:00:00
POOL,Pool Corporation,305.5597,-5.929124320597921,5.127473949499103,3,2025-10-24 22:00:00
POOL,Pool Corporation,305.2634,-5.929738421583294,5.101261660745511,3,2025-10-25 00:00:00
PPG,PPG Industries,106.9779,8.439000248908997,0.0,1,2025-10-24 02:00:00
PPG,PPG Industries,110.2148,8.480111395920435,0.0,1,2025-10-24 04:00:00
PPG,PPG Industries,111.0561,8.47207861979872,0.0,1,2025-10-24 06:00:00
PPG,PPG Industries,108.7406,8.516216363514147,0.0,1,2025-10-24 08:00:00
PPG,PPG Industries,107.3571,8.546756165936497,0.0,1,2025-10-24 10:00:00
PPG,PPG Industries,108.744,8.599011565381653,0.0,1,2025-10-24 12:00:00
PPG,PPG Industries,109.0475,8.567764089625777,0.0,1,2025-10-24 14:00:00
PPG,PPG Industries,108.3159,8.529014093071833,0.0,1,2025-10-24 16:00:00
PPG,PPG Industries,108.6903,8.476724553413666,0.0,1,2025-10-24 18:00:00
PPG,PPG Industries,109.2101,8.449367394597013,0.0,1,2025-10-24 20:00:00
PPG,PPG Industries,108.5424,8.447273275386992,0.0,1,2025-10-24 22:00:00
PPG,PPG Industries,107.9407,8.453680371921534,0.0,1,2025-10-25 00:00:00
PPL,PPL Corporation,37.7517,9.020500183105467,0.0,1,2025-10-24 02:00:00
PPL,PPL Corporation,37.9634,9.024877929446196,0.0,1,2025-10-24 04:00:00
PPL,PPL Corporation,37.9347,9.108559299399433,0.0,1,2025-10-24 06:00:00
PPL,PPL Corporation,37.7432,9.035035720936321,0.0,1,2025-10-24 08:00:00
PPL,PPL Corporation,37.6804,9.026287950082514,0.0,1,2025-10-24 10:00:00
PPL,PPL Corporation,37.7562,9.051356488218383,0.0,1,2025-10-24 12:00:00
PPL,PPL Corporation,37.7623,9.100302993473855,0.0,1,2025-10-24 14:00:00
PPL,PPL Corporation,37.8394,9.076384852064988,0.0,1,2025-10-24 16:00:00
PPL,PPL Corporation,37.8856,9.024901391014994,0.0,1,2025-10-24 18:00:00
PPL,PPL Corporation,37.8856,8.969268629585436,0.0,1,2025-10-24 20:00:00
PPL,PPL Corporation,37.7553,8.920584083637332,0.0,1,2025-10-24 22:00:00
PPL,PPL Corporation,37.6962,8.863905123209085,0.0,1,2025-10-25 00:00:00
PRU,Prudential Financial,106.1114,7.211499810218811,0.0,1,2025-10-24 02:00:00
PRU,Prudential Financial,107.3631,7.210790214288199,0.0,1,2025-10-24 04:00:00
PRU,Prudential Financial,107.1229,7.242032727152073,0.0,1,2025-10-24 06:00:00
PRU,Prudential Financial,107.0562,7.243517932989111,0.0,1,2025-10-24 08:00:00
PRU,Prudential Financial,107.1308,7.293648049019366,0.0,1,2025-10-24 10:00:00
PRU,Prudential Financial,107.1308,7.264427186809497,0.0,1,2025-10-24 12:00:00
PRU,Prudential Financial,107.1151,7.211629332349366,0.0,1,2025-10-24 14:00:00
PRU,Prudential Financial,107.1136,7.185206722256132,0.0,1,2025-10-24 16:00:00
PRU,Prudential Financial,107.2323,7.158815476304251,0.0,1,2025-10-24 18:00:00
PRU,Prudential Financial,107.2419,7.098764921497991,0.0,1,2025-10-24 20:00:00
PRU,Prudential Financial,107.1133,7.038256381329755,0.0,1,2025-10-24 22:00:00
PRU,Prudential Financial,107.0642,6.968955034885583,0.0,1,2025-10-25 00:00:00
PSA,Public Storage,309.8893,6.775500178337097,0.0,1,2025-10-24 02:00:00
PSA,Public Storage,314.0825,6.778713259144809,0.0,1,2025-10-24 04:00:00
PSA,Public Storage,313.805,6.776103046705648,0.0,1,2025-10-24 06:00:00
PSA,Public Storage,310.932,6.80478622533795,0.0,1,2025-10-24 08:00:00
PSA,Public Storage,310.5647,6.8592783604235255,0.0,1,2025-10-24 10:00:00
PSA,Public Storage,310.8695,6.810062803410781,0.0,1,2025-10-24 12:00:00
PSA,Public Storage,311.4811,6.759483711339938,0.0,1,2025-10-24 14:00:00
PSA,Public Storage,311.4489,6.815652787898503,0.0,1,2025-10-24 16:00:00
PSA,Public Storage,311.4253,6.791194222504112,0.0,1,2025-10-24 18:00:00
PSA,Public Storage,311.4733,6.780531448581441,0.0,1,2025-10-24 20:00:00
PSA,Public Storage,310.8727,6.73125933013795,0.0,1,2025-10-24 22:00:00
PSA,Public Storage,310.7477,6.687006432393616,0.0,1,2025-10-25 00:00:00
PSKY,Paramount Skydance Corporation,14.0476,-9.211300015449524,0.0,1,2025-10-24 02:00:00
PSKY,Paramount Skydance Corporation,13.2194,-9.266651500646944,0.0,1,2025-10-24 04:00:00
PSKY,Paramount Skydance Corporation,13.0749,-9.301628334067887,0.0,1,2025-10-24 06:00:00
PSKY,Paramount Skydance Corporation,13.3424,-9.293593059043907,0.0,1,2025-10-24 08:00:00
PSKY,Paramount Skydance Corporation,13.6162,-9.348048677980334,0.0,1,2025-10-24 10:00:00
PSKY,Paramount Skydance Corporation,13.6152,-9.304590314983368,0.0,1,2025-10-24 12:00:00
PSKY,Paramount Skydance Corporation,13.4902,-9.238655967926158,0.0,1,2025-10-24 14:00:00
PSKY,Paramount Skydance Corporation,13.3748,-9.211133913650979,0.0,1,2025-10-24 16:00:00
PSKY,Paramount Skydance Corporation,13.3768,-9.138961341294532,0.0,1,2025-10-24 18:00:00
PSKY,Paramount Skydance Corporation,13.4672,-9.225506831672254,0.0,1,2025-10-24 20:00:00
PSKY,Paramount Skydance Corporation,13.5435,-9.170633602414899,0.0,1,2025-10-24 22:00:00
PSKY,Paramount Skydance Corporation,13.5249,-9.237023150030907,0.0,1,2025-10-25 00:00:00
PSX,Phillips 66,134.4473,7.524600028991699,1.5368999540805812,3,2025-10-24 02:00:00
PSX,Phillips 66,135.2762,7.489674291495268,1.5225142793168225,3,2025-10-24 04:00:00
PSX,Phillips 66,135.7415,7.521492161839865,1.5371766555055988,3,2025-10-24 06:00:00
PSX,Phillips 66,135.0145,7.593567865530536,1.5268880340007567,3,2025-10-24 08:00:00
PSX,Phillips 66,134.4364,7.559003895138466,1.5389703205251652,3,2025-10-24 10:00:00
PSX,Phillips 66,135.2998,7.529747757096215,1.541274488907005,3,2025-10-24 12:00:00
PSX,Phillips 66,136.1253,7.603988314240885,1.5294986609512546,3,2025-10-24 14:00:00
PSX,Phillips 66,135.1609,7.651229854982571,1.5389686805907659,3,2025-10-24 16:00:00
PSX,Phillips 66,135.0689,7.692892103733763,1.5361412021073924,3,2025-10-24 18:00:00
PSX,Phillips 66,135.462,7.696425720758953,1.5270283780427742,3,2025-10-24 20:00:00
PSX,Phillips 66,135.0181,7.718885038997368,1.5272340066004768,3,2025-10-24 22:00:00
PSX,Phillips 66,134.4433,7.773708599989789,1.522122768461513,3,2025-10-25 00:00:00
PTC,PTC Inc.,204.3062,1.6870999336242671,0.0,1,2025-10-24 02:00:00
PTC,PTC Inc.,204.4354,1.6752902456531191,0.0,1,2025-10-24 04:00:00
PTC,PTC Inc.,204.8973,1.6866236778815327,0.0,1,2025-10-24 06:00:00
PTC,PTC Inc.,204.7227,1.6710154619739794,0.0,1,2025-10-24 08:00:00
PTC,PTC Inc.,204.2342,1.666756020512822,0.0,1,2025-10-24 10:00:00
PTC,PTC Inc.,204.2319,1.6506970919457955,0.0,1,2025-10-24 12:00:00
PTC,PTC Inc.,204.3191,1.6596792266774418,0.0,1,2025-10-24 14:00:00
PTC,PTC Inc.,204.3157,1.6559844157588497,0.0,1,2025-10-24 16:00:00
PTC,PTC Inc.,204.5317,1.6421681679937303,0.0,1,2025-10-24 18:00:00
PTC,PTC Inc.,204.5317,1.6311519518439748,0.0,1,2025-10-24 20:00:00
PTC,PTC Inc.,204.2839,1.6220732029142904,0.0,1,2025-10-24 22:00:00
PTC,PTC Inc.,204.3191,1.6243325026186908,0.0,1,2025-10-25 00:00:00
PWR,Quanta Services,457.4072,8.139899969100952,0.0,1,2025-10-24 02:00:00
PWR,Quanta Services,458.8878,8.201065294890867,0.0,1,2025-10-24 04:00:00
PWR,Quanta Services,456.6764,8.240195646113873,0.0,1,2025-10-24 06:00:00
PWR,Quanta Services,454.7437,8.171037798161539,0.0,1,2025-10-24 08:00:00
PWR,Quanta Services,457.3253,8.211962703693983,0.0,1,2025-10-24 10:00:00
PWR,Quanta Services,456.332,8.23764331529505,0.0,1,2025-10-24 12:00:00
PWR,Quanta Services,458.3705,8.318187067468607,0.0,1,2025-10-24 14:00:00
PWR,Quanta Services,457.8674,8.383879953907277,0.0,1,2025-10-24 16:00:00
PWR,Quanta Services,457.4023,8.372965312277593,0.0,1,2025-10-24 18:00:00
PWR,Quanta Services,457.3393,8.348522295285068,0.0,1,2025-10-24 20:00:00
PWR,Quanta Services,455.966,8.388894937082734,0.0,1,2025-10-24 22:00:00
PWR,Quanta Services,457.8103,8.324713607053026,0.0,1,2025-10-25 00:00:00
PYPL,PayPal,74.3462,-2.4398000538349147,6.301800012588501,8,2025-10-24 02:00:00
PYPL,PayPal,76.4042,-2.462182591070942,6.2903271044978135,8,2025-10-24 04:00:00
PYPL,PayPal,76.1561,-2.4628419260597725,6.259888854776542,8,2025-10-24 06:00:00
PYPL,PayPal,75.7562,-2.4427348338356034,6.199143948453921,8,2025-10-24 08:00:00
PYPL,PayPal,75.527,-2.426787458047731,6.25646311866599,8,2025-10-24 10:00:00
PYPL,PayPal,75.7521,-2.4275509114345364,6.290391810889603,8,2025-10-24 12:00:00
PYPL,PayPal,75.975,-2.4124589083838544,6.251340815492105,8,2025-10-24 14:00:00
PYPL,PayPal,76.0233,-2.3921054781670392,6.305255372744427,8,2025-10-24 16:00:00
PYPL,PayPal,75.8725,-2.3890752214034796,6.346620402860033,8,2025-10-24 18:00:00
PYPL,PayPal,75.8807,-2.3895584896887,6.392590175568402,8,2025-10-24 20:00:00
PYPL,PayPal,75.7685,-2.399586783294671,6.4478888546923665,8,2025-10-24 22:00:00
PYPL,PayPal,75.7567,-2.4073724616324874,6.407880367847736,8,2025-10-25 00:00:00
QCOM,Qualcomm,170.274,3.755599856376648,0.0,1,2025-10-24 02:00:00
QCOM,Qualcomm,171.4586,3.7311088644904284,0.0,1,2025-10-24 04:00:00
QCOM,Qualcomm,171.5602,3.7353696858325507,0.0,1,2025-10-24 06:00:00
QCOM,Qualcomm,170.9539,3.7719336417529377,0.0,1,2025-10-24 08:00:00
QCOM,Qualcomm,170.6379,3.8037193698881335,0.0,1,2025-10-24 10:00:00
QCOM,Qualcomm,170.4716,3.8199293874747484,0.0,1,2025-10-24 12:00:00
QCOM,Qualcomm,170.5799,3.833945552343907,0.0,1,2025-10-24 14:00:00
QCOM,Qualcomm,170.5926,3.855288384570833,0.0,1,2025-10-24 16:00:00
QCOM,Qualcomm,171.3328,3.881528934724022,0.0,1,2025-10-24 18:00:00
QCOM,Qualcomm,171.425,3.8785753235168055,0.0,1,2025-10-24 20:00:00
QCOM,Qualcomm,170.9763,3.8804527626191154,0.0,1,2025-10-24 22:00:00
QCOM,Qualcomm,170.6483,3.9017212191346884,0.0,1,2025-10-25 00:00:00
RCL,Royal Caribbean Group,378.5868,2.9565000534057613,4.697299897670746,6,2025-10-24 02:00:00
RCL,Royal Caribbean Group,395.0215,2.9666529420885834,4.684853465441477,6,2025-10-24 04:00:00
RCL,Royal Caribbean Group,389.1969,2.944148644142574,4.646255531765196,6,2025-10-24 06:00:00
RCL,Royal Caribbean Group,379.3653,2.961203083129301,4.663308511433453,6,2025-10-24 08:00:00
RCL,Royal Caribbean Group,372.5981,2.9404249030708365,4.699211501465509,6,2025-10-24 10:00:00
RCL,Royal Caribbean Group,376.0088,2.941472704796258,4.710092364703412,6,2025-10-24 12:00:00
RCL,Royal Caribbean Group,384.5405,2.9202901402627446,4.75166951574093,6,2025-10-24 14:00:00
RCL,Royal Caribbean Group,384.149,2.8969109071304495,4.7231747601781,6,2025-10-24 16:00:00
RCL,Royal Caribbean Group,389.5492,2.9191765532105,4.7330314931494755,6,2025-10-24 18:00:00
RCL,Royal Caribbean Group,389.1953,2.8941846833975844,4.754854185467285,6,2025-10-24 20:00:00
RCL,Royal Caribbean Group,389.0398,2.9058792672528386,4.728121337427509,6,2025-10-24 22:00:00
RCL,Royal Caribbean Group,387.9224,2.9096588834740005,4.732352589636775,6,2025-10-25 00:00:00
REG,Regency Centers,73.4393,8.368399739265442,0.0,1,2025-10-24 02:00:00
REG,Regency Centers,73.8459,8.371971870525819,0.0,1,2025-10-24 04:00:00
REG,Regency Centers,73.5917,8.4327068255388,0.0,1,2025-10-24 06:00:00
REG,Regency Centers,73.348,8.514628035476163,0.0,1,2025-10-24 08:00:00
REG,Regency Centers,73.3839,8.44651099870237,0.0,1,2025-10-24 10:00:00
REG,Regency Centers,73.4347,8.501960419684409,0.0,1,2025-10-24 12:00:00
REG,Regency Centers,73.4512,8.508718440737539,0.0,1,2025-10-24 14:00:00
REG,Regency Centers,73.4357,8.440412169051829,0.0,1,2025-10-24 16:00:00
REG,Regency Centers,73.5114,8.51830168006764,0.0,1,2025-10-24 18:00:00
REG,Regency Centers,73.5279,8.456866339948162,0.0,1,2025-10-24 20:00:00
REG,Regency Centers,73.4853,8.513826732564494,0.0,1,2025-10-24 22:00:00
REG,Regency Centers,73.3927,8.582728770421785,0.0,1,2025-10-25 00:00:00
REGN,Regeneron Pharmaceuticals,568.7694,-1.8522000312805171,7.498000264167786,5,2025-10-24 02:00:00
REGN,Regeneron Pharmaceuticals,570.2807,-1.8448694684763949,7.541347990141826,5,2025-10-24 04:00:00
REGN,Regeneron Pharmaceuticals,579.4932,-1.8319250699723293,7.556310285271988,5,2025-10-24 06:00:00
REGN,Regeneron Pharmaceuticals,576.6396,-1.819778034105229,7.531031354713787,5,2025-10-24 08:00:00
REGN,Regeneron Pharmaceuticals,565.9519,-1.8056532326584247,7.54684345845265,5,2025-10-24 10:00:00
REGN,Regeneron Pharmaceuticals,555.9033,-1.8112647258671308,7.553863106573336,5,2025-10-24 12:00:00
REGN,Regeneron Pharmaceuticals,557.288,-1.7932117670311465,7.499238200842439,5,2025-10-24 14:00:00
REGN,Regeneron Pharmaceuticals,567.928,-1.7777542049042736,7.541415716136809,5,2025-10-24 16:00:00
REGN,Regeneron Pharmaceuticals,589.6307,-1.7711939100548453,7.523635273357272,5,2025-10-24 18:00:00
REGN,Regeneron Pharmaceuticals,613.4308,-1.7703723249584327,7.47274699358214,5,2025-10-24 20:00:00
REGN,Regeneron Pharmaceuticals,603.0269,-1.7719728062200344,7.502687820120335,5,2025-10-24 22:00:00
REGN,Regeneron Pharmaceuticals,569.8489,-1.7558224049477706,7.52270287426482,5,2025-10-25 00:00:00
RF,Regions Financial Corporation,26.3702,6.95900022983551,0.9702000021934499,2,2025-10-24 02:00:00
RF,Regions Financial Corporation,26.4757,6.963354868717881,0.968118792569374,2,2025-10-24 04:00:00
RF,Regions Financial Corporation,26.6029,6.971812113860701,0.9683497266313089,2,2025-10-24 06:00:00
RF,Regions Financial Corporation,26.6229,6.979605248482988,0.9681596594533329,2,2025-10-24 08:00:00
RF,Regions Financial Corporation,26.5311,6.990338979173882,0.9751564162765674,2,2025-10-24 10:00:00
RF,Regions Financial Corporation,26.4963,7.0431912905221035,0.9708406336791376,2,2025-10-24 12:00:00
RF,Regions Financial Corporation,26.5592,7.104424155067179,0.9647293202232081,2,2025-10-24 14:00:00
RF,Regions Financial Corporation,26.5932,7.070100248972401,0.9723860418020184,2,2025-10-24 16:00:00
RF,Regions Financial Corporation,26.6459,7.0500323905610145,0.9723630657074468,2,2025-10-24 18:00:00
RF,Regions Financial Corporation,26.6457,7.053328060810104,0.9785463086616539,2,2025-10-24 20:00:00
RF,Regions Financial Corporation,26.5232,7.10421624803657,0.979203633010515,2,2025-10-24 22:00:00
RF,Regions Financial Corporation,26.4872,7.09165168466222,0.984466058914965,2,2025-10-25 00:00:00
RJF,Raymond James Financial,168.1318,-2.481600046157837,6.938199996948242,6,2025-10-24 02:00:00
RJF,Raymond James Financial,172.4357,-2.464922645556327,6.88899466976064,6,2025-10-24 04:00:00
RJF,Raymond James Financial,171.7755,-2.449284683972477,6.9245548097989875,6,2025-10-24 06:00:00
RJF,Raymond James Financial,169.8826,-2.438374908859452,6.86959015291882,6,2025-10-24 08:00:00
RJF,Raymond James Financial,168.8702,-2.4464805848759643,6.86161145623323,6,2025-10-24 10:00:00
RJF,Raymond James Financial,169.4568,-2.4238337939387167,6.920398282083503,6,2025-10-24 12:00:00
RJF,Raymond James Financial,170.136,-2.4250001977086866,6.9437257097313525,6,2025-10-24 14:00:00
RJF,Raymond James Financial,170.564,-2.434783635997009,6.98546074338867,6,2025-10-24 16:00:00
RJF,Raymond James Financial,170.8567,-2.4395918804266143,6.9547282358768925,6,2025-10-24 18:00:00
RJF,Raymond James Financial,170.8416,-2.4583679689148825,6.952621056668399,6,2025-10-24 20:00:00
RJF,Raymond James Financial,169.8747,-2.441624919825572,6.969783859761395,6,2025-10-24 22:00:00
RJF,Raymond James Financial,169.2004,-2.4594145662926192,6.997110975122914,6,2025-10-25 00:00:00
RL,Ralph Lauren Corporation,340.1972,7.873899936676025,1.187499985098838,2,2025-10-24 02:00:00
RL,Ralph Lauren Corporation,347.2718,7.852618854050351,1.177970310730393,2,2025-10-24 04:00:00
RL,Ralph Lauren Corporation,346.996,7.789630487984954,1.172978197890604,2,2025-10-24 06:00:00
RL,Ralph Lauren Corporation,340.3307,7.728813734136956,1.172531529091179,2,2025-10-24 08:00:00
RL,Ralph Lauren Corporation,334.9191,7.666418276476427,1.1740099106511808,2,2025-10-24 10:00:00
RL,Ralph Lauren Corporation,334.8093,7.608778595287894,1.1692519742822545,2,2025-10-24 12:00:00
RL,Ralph Lauren Corporation,340.5521,7.677872994695457,1.171639419614322,2,2025-10-24 14:00:00
RL,Ralph Lauren Corporation,343.9031,7.6793362707443675,1.181265442752459,2,2025-10-24 16:00:00
RL,Ralph Lauren Corporation,346.9578,7.729512321944523,1.1784088286118903,2,2025-10-24 18:00:00
RL,Ralph Lauren Corporation,345.9562,7.669858503077848,1.177303855362378,2,2025-10-24 20:00:00
RL,Ralph Lauren Corporation,340.1501,7.7059840217705275,1.1828420333772494,2,2025-10-24 22:00:00
RL,Ralph Lauren Corporation,336.1783,7.661890577300969,1.175821678787112,2,2025-10-25 00:00:00
RMD,ResMed,273.0812,8.48900020122528,0.085699995979666,2,2025-10-24 02:00:00
RMD,ResMed,282.9012,8.549716379736946,0.08510411042660741,2,2025-10-24 04:00:00
RMD,ResMed,281.5455,8.619996283660111,0.08500920920989485,2,2025-10-24 06:00:00
RMD,ResMed,277.8885,8.656140712654164,0.08483431024885832,2,2025-10-24 08:00:00
RMD,ResMed,276.7016,8.70555260051502,0.08469739823785624,2,2025-10-24 10:00:00
RMD,ResMed,278.0256,8.701217595106419,0.08421324882152077,2,2025-10-24 12:00:00
RMD,ResMed,279.7343,8.748891460497912,0.0849337308982943,2,2025-10-24 14:00:00
RMD,ResMed,280.6991,8.680418359112766,0.08473519224155697,2,2025-10-24 16:00:00
RMD,ResMed,279.126,8.612486602748657,0.08556852035139431,2,2025-10-24 18:00:00
RMD,ResMed,277.0982,8.542239359671388,0.08505491231252205,2,2025-10-24 20:00:00
RMD,ResMed,278.3308,8.485058154886637,0.0843310605240291,2,2025-10-24 22:00:00
RMD,ResMed,280.2309,8.457455273253961,0.08394594222369832,2,2025-10-25 00:00:00
ROK,Rockwell Automation,339.9598,8.946099877357483,0.0,1,2025-10-24 02:00:00
ROK,Rockwell Automation,332.1174,9.002216342470504,0.0,1,2025-10-24 04:00:00
ROK,Rockwell Automation,333.1896,8.93445112991653,0.0,1,2025-10-24 06:00:00
ROK,Rockwell Automation,340.1576,8.894225388138297,0.0,1,2025-10-24 08:00:00
ROK,Rockwell Automation,341.5709,8.858905038553374,0.0,1,2025-10-24 10:00:00
ROK,Rockwell Automation,340.2662,8.850825447676458,0.0,1,2025-10-24 12:00:00
ROK,Rockwell Automation,339.0754,8.80194991693468,0.0,1,2025-10-24 14:00:00
ROK,Rockwell Automation,339.896,8.757687358904708,0.0,1,2025-10-24 16:00:00
ROK,Rockwell Automation,339.5269,8.732535668954494,0.0,1,2025-10-24 18:00:00
ROK,Rockwell Automation,338.9698,8.755904003183488,0.0,1,2025-10-24 20:00:00
ROK,Rockwell Automation,339.6055,8.715294523499757,0.0,1,2025-10-24 22:00:00
ROK,Rockwell Automation,340.2534,8.645198775668797,0.0,1,2025-10-25 00:00:00
ROL,"Rollins, Inc.",56.2327,-5.745700001716614,0.0,1,2025-10-24 02:00:00
ROL,"Rollins, Inc.",56.4092,-5.755683384960404,0.0,1,2025-10-24 04:00:00
ROL,"Rollins, Inc.",56.602,-5.80746523018371,0.0,1,2025-10-24 06:00:00
ROL,"Rollins, Inc.",56.3151,-5.860940690518934,0.0,1,2025-10-24 08:00:00
ROL,"Rollins, Inc.",56.0925,-5.856172676135338,0.0,1,2025-10-24 10:00:00
ROL,"Rollins, Inc.",56.1808,-5.836588310075065,0.0,1,2025-10-24 12:00:00
ROL,"Rollins, Inc.",56.6609,-5.869704425493875,0.0,1,2025-10-24 14:00:00
ROL,"Rollins, Inc.",56.3739,-5.813188157926426,0.0,1,2025-10-24 16:00:00
ROL,"Rollins, Inc.",56.4112,-5.862919233531891,0.0,1,2025-10-24 18:00:00
ROL,"Rollins, Inc.",56.6352,-5.857600619130255,0.0,1,2025-10-24 20:00:00
ROL,"Rollins, Inc.",56.3252,-5.883323401339843,0.0,1,2025-10-24 22:00:00
ROL,"Rollins, Inc.",56.0925,-5.844644245700512,0.0,1,2025-10-25 00:00:00
ROP,Roper Technologies,516.0584,-9.177200198173525,0.0,1,2025-10-24 02:00:00
ROP,Roper Technologies,523.8416,-9.129449279937022,0.0,1,2025-10-24 04:00:00
ROP,Roper Technologies,520.2501,-9.093566702019322,0.0,1,2025-10-24 06:00:00
ROP,Roper Technologies,517.4487,-9.088673541958805,0.0,1,2025-10-24 08:00:00
ROP,Roper Technologies,518.0966,-9.000704373825775,0.0,1,2025-10-24 10:00:00
ROP,Roper Technologies,519.0288,-9.043951217276652,0.0,1,2025-10-24 12:00:00
ROP,Roper Technologies,519.1866,-9.012107739707115,0.0,1,2025-10-24 14:00:00
ROP,Roper Technologies,518.7551,-9.053290071524405,0.0,1,2025-10-24 16:00:00
ROP,Roper Technologies,518.8892,-9.09955536527712,0.0,1,2025-10-24 18:00:00
ROP,Roper Technologies,519.1725,-9.064908912128955,0.0,1,2025-10-24 20:00:00
ROP,Roper Technologies,518.1449,-9.101573455007909,0.0,1,2025-10-24 22:00:00
ROP,Roper Technologies,518.0035,-9.031420996317166,0.0,1,2025-10-25 00:00:00
ROST,Ross Stores,150.6106,7.952499985694885,0.0,1,2025-10-24 02:00:00
ROST,Ross Stores,149.3461,7.923324666264297,0.0,1,2025-10-24 04:00:00
ROST,Ross Stores,150.3511,7.948690013914526,0.0,1,2025-10-24 06:00:00
ROST,Ross Stores,150.377,7.907181241550366,0.0,1,2025-10-24 08:00:00
ROST,Ross Stores,150.6491,7.97601826204167,0.0,1,2025-10-24 10:00:00
ROST,Ross Stores,150.2457,7.917294591212423,0.0,1,2025-10-24 12:00:00
ROST,Ross Stores,150.638,7.839344668651049,0.0,1,2025-10-24 14:00:00
ROST,Ross Stores,150.1771,7.808459184038108,0.0,1,2025-10-24 16:00:00
ROST,Ross Stores,150.3652,7.752328151147164,0.0,1,2025-10-24 18:00:00
ROST,Ross Stores,150.4701,7.723904002000695,0.0,1,2025-10-24 20:00:00
ROST,Ross Stores,150.0935,7.694715645878501,0.0,1,2025-10-24 22:00:00
ROST,Ross Stores,150.5644,7.64095320479355,0.0,1,2025-10-25 00:00:00
RSG,Republic Services,229.3277,1.8931999802589412,0.0,1,2025-10-24 02:00:00
RSG,Republic Services,232.755,1.8806046124200557,0.0,1,2025-10-24 04:00:00
RSG,Republic Services,231.7367,1.8733680483010433,0.0,1,2025-10-24 06:00:00
RSG,Republic Services,229.9413,1.8869552438557973,0.0,1,2025-10-24 08:00:00
RSG,Republic Services,227.0642,1.869831698667698,0.0,1,2025-10-24 10:00:00
RSG,Republic Services,228.4535,1.8846502661658153,0.0,1,2025-10-24 12:00:00
RSG,Republic Services,230.5629,1.8894439128881377,0.0,1,2025-10-24 14:00:00
RSG,Republic Services,230.8579,1.9063309025620199,0.0,1,2025-10-24 16:00:00
RSG,Republic Services,229.9597,1.910016409508628,0.0,1,2025-10-24 18:00:00
RSG,Republic Services,229.0037,1.9171420081774404,0.0,1,2025-10-24 20:00:00
RSG,Republic Services,229.8795,1.9046110652473114,0.0,1,2025-10-24 22:00:00
RSG,Republic Services,227.8559,1.9110863884930915,0.0,1,2025-10-25 00:00:00
RTX,RTX Corporation,177.608,-0.458000004291534,5.3012001514434814,2,2025-10-24 02:00:00
RTX,RTX Corporation,176.6288,-0.45587385144195786,5.311426026229928,2,2025-10-24 04:00:00
RTX,RTX Corporation,176.9643,-0.4560560540125816,5.357813775417097,2,2025-10-24 06:00:00
RTX,RTX Corporation,178.2679,-0.457060560383523,5.308524109157859,2,2025-10-24 08:00:00
RTX,RTX Corporation,178.5736,-0.46110938694317866,5.325532421466277,2,2025-10-24 10:00:00
RTX,RTX Corporation,178.2828,-0.457743663354686,5.375240263677091,2,2025-10-24 12:00:00
RTX,RTX Corporation,177.4327,-0.4539106608314853,5.335406430939859,2,2025-10-24 14:00:00
RTX,RTX Corporation,176.9982,-0.45701328953704895,5.38642726137338,2,2025-10-24 16:00:00
RTX,RTX Corporation,177.4734,-0.45541842800175764,5.3364425427954085,2,2025-10-24 18:00:00
RTX,RTX Corporation,178.3063,-0.4552607072500635,5.312264346503452,2,2025-10-24 20:00:00
RTX,RTX Corporation,178.4927,-0.4551187240175986,5.285750418807694,2,2025-10-24 22:00:00
RTX,RTX Corporation,178.2622,-0.45646489000743107,5.262297806989516,2,2025-10-25 00:00:00
RVTY,Revvity,102.7354,3.806299865245819,1.5847000479698181,2,2025-10-24 02:00:00
RVTY,Revvity,104.2936,3.8234141388248415,1.5942775663002742,2,2025-10-24 04:00:00
RVTY,Revvity,104.2372,3.821392417030167,1.6052355040688275,2,2025-10-24 06:00:00
RVTY,Revvity,103.5305,3.8453957321779977,1.6150930824798715,2,2025-10-24 08:00:00
RVTY,Revvity,103.1323,3.8126472146638397,1.604029469242096,2,2025-10-24 10:00:00
RVTY,Revvity,103.2779,3.836535295872948,1.6099433474146012,2,2025-10-24 12:00:00
RVTY,Revvity,103.3164,3.85767774014015,1.62294657864152,2,2025-10-24 14:00:00
RVTY,Revvity,103.3082,3.8802828000781324,1.6149189272129394,2,2025-10-24 16:00:00
RVTY,Revvity,103.5075,3.917385977263261,1.6231793044699718,2,2025-10-24 18:00:00
RVTY,Revvity,103.6161,3.9043545814301597,1.6236792135226474,2,2025-10-24 20:00:00
RVTY,Revvity,103.4331,3.8710134452612928,1.6376345730739588,2,2025-10-24 22:00:00
RVTY,Revvity,103.2091,3.8345890716763464,1.641856900041107,2,2025-10-25 00:00:00
SBAC,SBA Communications,209.2121,8.859300017356873,0.0,1,2025-10-24 02:00:00
SBAC,SBA Communications,212.3721,8.892247636120581,0.0,1,2025-10-24 04:00:00
SBAC,SBA Communications,210.6243,8.951417527309125,0.0,1,2025-10-24 06:00:00
SBAC,SBA Communications,209.1387,8.967072949889639,0.0,1,2025-10-24 08:00:00
SBAC,SBA Communications,209.1315,8.941052766130872,0.0,1,2025-10-24 10:00:00
SBAC,SBA Communications,208.9496,8.980758988659439,0.0,1,2025-10-24 12:00:00
SBAC,SBA Communications,209.1148,8.991394122328629,0.0,1,2025-10-24 14:00:00
SBAC,SBA Communications,209.1154,8.922952629594601,0.0,1,2025-10-24 16:00:00
SBAC,SBA Communications,209.4031,8.995672739987286,0.0,1,2025-10-24 18:00:00
SBAC,SBA Communications,209.3875,8.952754747293788,0.0,1,2025-10-24 20:00:00
SBAC,SBA Communications,209.1265,8.956496066968652,0.0,1,2025-10-24 22:00:00
SBAC,SBA Communications,208.8419,8.89947758562246,0.0,1,2025-10-25 00:00:00
SBUX,Starbucks,90.881,1.875,8.364400267601013,4,2025-10-24 02:00:00
SBUX,Starbucks,92.7091,1.8781176065907847,8.42960608436597,4,2025-10-24 04:00:00
SBUX,Starbucks,92.2682,1.8771472035819043,8.502233508692647,4,2025-10-24 06:00:00
SBUX,Starbucks,91.786,1.8633809231543053,8.5523712640698,4,2025-10-24 08:00:00
SBUX,Starbucks,91.8284,1.8468770983823815,8.555745581190473,4,2025-10-24 10:00:00
SBUX,Starbucks,91.8652,1.8522069370360013,8.475410265010103,4,2025-10-24 12:00:00
SBUX,Starbucks,91.9595,1.8693755850792388,8.395529781873144,4,2025-10-24 14:00:00
SBUX,Starbucks,91.8845,1.8568981418861923,8.343271146341177,4,2025-10-24 16:00:00
SBUX,Starbucks,92.027,1.8597041389684674,8.344811367129559,4,2025-10-24 18:00:00
SBUX,Starbucks,92.0963,1.8575664446379894,8.359150645004911,4,2025-10-24 20:00:00
SBUX,Starbucks,91.8914,1.8617134004777893,8.412674968034043,4,2025-10-24 22:00:00
SBUX,Starbucks,91.8595,1.8737332997075904,8.4358458591338,4,2025-10-25 00:00:00
SCHW,Charles Schwab Corporation,93.7585,7.997199892997742,1.541499942541122,2,2025-10-24 02:00:00
SCHW,Charles Schwab Corporation,93.6036,7.935454245775073,1.5341644520241937,2,2025-10-24 04:00:00
SCHW,Charles Schwab Corporation,93.7227,7.9259469229254735,1.5402540869085526,2,2025-10-24 06:00:00
SCHW,Charles Schwab Corporation,93.8422,7.974833671382129,1.5253768451106904,2,2025-10-24 08:00:00
SCHW,Charles Schwab Corporation,93.838,8.009207840703576,1.5174496222003195,2,2025-10-24 10:00:00
SCHW,Charles Schwab Corporation,93.8362,7.9368476900845195,1.5101600904519725,2,2025-10-24 12:00:00
SCHW,Charles Schwab Corporation,93.8095,7.970522347452925,1.5127527192362638,2,2025-10-24 14:00:00
SCHW,Charles Schwab Corporation,93.813,7.951888190067081,1.507701861869818,2,2025-10-24 16:00:00
SCHW,Charles Schwab Corporation,93.8119,7.884863332207989,1.5059003858599738,2,2025-10-24 18:00:00
SCHW,Charles Schwab Corporation,93.8119,7.923349980529315,1.4956594014195237,2,2025-10-24 20:00:00
SCHW,Charles Schwab Corporation,93.81,7.95770072696457,1.5087944300432228,2,2025-10-24 22:00:00
SCHW,Charles Schwab Corporation,93.8243,7.948451031931073,1.517975865127145,2,2025-10-25 00:00:00
SHW,Sherwin-Williams,346.1296,2.139399945735931,2.768400013446808,2,2025-10-24 02:00:00
SHW,Sherwin-Williams,352.0557,2.147827304732906,2.77898508393352,2,2025-10-24 04:00:00
SHW,Sherwin-Williams,351.2719,2.14018948134986,2.751818385672316,2,2025-10-24 06:00:00
SHW,Sherwin-Williams,349.0949,2.141315047432366,2.7750835835569445,2,2025-10-24 08:00:00
SHW,Sherwin-Williams,348.931,2.137215485187142,2.798602726436689,2,2025-10-24 10:00:00
SHW,Sherwin-Williams,349.4472,2.1294925854571236,2.771635051347862,2,2025-10-24 12:00:00
SHW,Sherwin-Williams,349.4427,2.1113164006570146,2.7536875157406424,2,2025-10-24 14:00:00
SHW,Sherwin-Williams,349.3857,2.1301395349954646,2.7647035372304885,2,2025-10-24 16:00:00
SHW,Sherwin-Williams,349.7279,2.129431570023184,2.783383598024392,2,2025-10-24 18:00:00
SHW,Sherwin-Williams,349.9226,2.124808037209599,2.808871284775126,2,2025-10-24 20:00:00
SHW,Sherwin-Williams,349.3754,2.1353455269419475,2.823862250950443,2,2025-10-24 22:00:00
SHW,Sherwin-Williams,349.1971,2.11569452966022,2.847613079869169,2,2025-10-25 00:00:00
SJM,J.M. Smucker Company (The),107.0498,9.191100001335144,0.0,1,2025-10-24 02:00:00
SJM,J.M. Smucker Company (The),108.9283,9.145661772124724,0.0,1,2025-10-24 04:00:00
SJM,J.M. Smucker Company (The),108.7296,9.061202089054536,0.0,1,2025-10-24 06:00:00
SJM,J.M. Smucker Company (The),107.9416,9.068606463909992,0.0,1,2025-10-24 08:00:00
SJM,J.M. Smucker Company (The),107.6611,9.057123831117723,0.0,1,2025-10-24 10:00:00
SJM,J.M. Smucker Company (The),107.8207,9.002288667285404,0.0,1,2025-10-24 12:00:00
SJM,J.M. Smucker Company (The),107.9603,8.927392473875917,0.0,1,2025-10-24 14:00:00
SJM,J.M. Smucker Company (The),107.8697,8.845640464264374,0.0,1,2025-10-24 16:00:00
SJM,J.M. Smucker Company (The),108.2164,8.886162334600991,0.0,1,2025-10-24 18:00:00
SJM,J.M. Smucker Company (The),108.3302,8.85040347693742,0.0,1,2025-10-24 20:00:00
SJM,J.M. Smucker Company (The),107.9526,8.8596146994881,0.0,1,2025-10-24 22:00:00
SJM,J.M. Smucker Company (The),107.8142,8.933882534870703,0.0,1,2025-10-25 00:00:00
SLB,Schlumberger,35.6918,8.058300018310547,0.7673999667167659,2,2025-10-24 02:00:00
SLB,Schlumberger,35.9421,8.096612536914284,0.7682456353311999,2,2025-10-24 04:00:00
SLB,Schlumberger,36.2181,8.145456795800404,0.7658679239169102,2,2025-10-24 06:00:00
SLB,Schlumberger,36.0392,8.199355174861712,0.766193686700897,2,2025-10-24 08:00:00
SLB,Schlumberger,36.1622,8.23427669494889,0.7711647189832062,2,2025-10-24 10:00:00
SLB,Schlumberger,36.3081,8.302299348248892,0.7661944717291053,2,2025-10-24 12:00:00
SLB,Schlumberger,36.0173,8.26019153311294,0.7625145806546059,2,2025-10-24 14:00:00
SLB,Schlumberger,35.6497,8.193046132899417,0.7660163807169296,2,2025-10-24 16:00:00
SLB,Schlumberger,35.8862,8.264787097218562,0.766750501806703,2,2025-10-24 18:00:00
SLB,Schlumberger,36.1784,8.18592752635949,0.7602174944825012,2,2025-10-24 20:00:00
SLB,Schlumberger,36.0408,8.16488462038808,0.7656366706551129,2,2025-10-24 22:00:00
SLB,Schlumberger,36.1762,8.133121638850445,0.7667342615550434,2,2025-10-25 00:00:00
SMCI,Supermicro,50.5522,1.9549000263214111,8.343600034713745,6,2025-10-24 02:00:00
SMCI,Supermicro,50.0964,1.966761008214155,8.278275199252127,6,2025-10-24 04:00:00
SMCI,Supermicro,48.4699,1.9658795620589855,8.216040166063442,6,2025-10-24 06:00:00
SMCI,Supermicro,47.8136,1.9748116194671688,8.265386955693657,6,2025-10-24 08:00:00
SMCI,Supermicro,48.5576,1.9884569219317179,8.314733720712374,6,2025-10-24 10:00:00
SMCI,Supermicro,51.1921,1.9741381421413102,8.302870158705622,6,2025-10-24 12:00:00
SMCI,Supermicro,50.4508,1.981471627464674,8.228644275475185,6,2025-10-24 14:00:00
SMCI,Supermicro,48.6845,1.9730861887425353,8.215454220143053,6,2025-10-24 16:00:00
SMCI,Supermicro,47.0486,1.9917485723351962,8.264547071287739,6,2025-10-24 18:00:00
SMCI,Supermicro,46.8442,1.9833733222240078,8.34661166828951,6,2025-10-24 20:00:00
SMCI,Supermicro,49.6126,1.9915580415428311,8.337765639455208,6,2025-10-24 22:00:00
SMCI,Supermicro,50.9571,2.002683168020894,8.350992586741992,6,2025-10-25 00:00:00
SNA,Snap-on,338.8773,7.872899770736694,0.0,1,2025-10-24 02:00:00
SNA,Snap-on,337.3604,7.889270257671184,0.0,1,2025-10-24 04:00:00
SNA,Snap-on,338.2139,7.861079442901351,0.0,1,2025-10-24 06:00:00
SNA,Snap-on,339.4071,7.851840097673555,0.0,1,2025-10-24 08:00:00
SNA,Snap-on,340.175,7.898232785730101,0.0,1,2025-10-24 10:00:00
SNA,Snap-on,340.1241,7.911103622034012,0.0,1,2025-10-24 12:00:00
SNA,Snap-on,338.4113,7.922067154596955,0.0,1,2025-10-24 14:00:00
SNA,Snap-on,338.7792,7.869763043812626,0.0,1,2025-10-24 16:00:00
SNA,Snap-on,338.7156,7.93172122545448,0.0,1,2025-10-24 18:00:00
SNA,Snap-on,338.3528,7.9952816322579565,0.0,1,2025-10-24 20:00:00
SNA,Snap-on,338.8733,7.944733723655162,0.0,1,2025-10-24 22:00:00
SNA,Snap-on,339.9786,8.003786532585142,0.0,1,2025-10-25 00:00:00
SNPS,Synopsys,477.5494,8.159899711608887,0.7102999836206431,2,2025-10-24 02:00:00
SNPS,Synopsys,479.8638,8.095709514546119,0.705961051768899,2,2025-10-24 04:00:00
SNPS,Synopsys,476.0218,8.145232346338558,0.7097761544624136,2,2025-10-24 06:00:00
SNPS,Synopsys,472.7987,8.105912501101582,0.7054774243234029,2,2025-10-24 08:00:00
SNPS,Synopsys,474.0486,8.120586756127414,0.7096001274746984,2,2025-10-24 10:00:00
SNPS,Synopsys,473.1282,8.09501707172401,0.7099280152358848,2,2025-10-24 12:00:00
SNPS,Synopsys,474.729,8.159210628352024,0.7145315847539777,2,2025-10-24 14:00:00
SNPS,Synopsys,474.9672,8.149436747189663,0.7169367308865662,2,2025-10-24 16:00:00
SNPS,Synopsys,474.4846,8.083706083096061,0.7235505619367911,2,2025-10-24 18:00:00
SNPS,Synopsys,474.103,8.07707882128151,0.7249181461726985,2,2025-10-24 20:00:00
SNPS,Synopsys,473.9784,8.083826987366772,0.7220120110822764,2,2025-10-24 22:00:00
SNPS,Synopsys,475.5096,8.163965725060084,0.7182111965233379,2,2025-10-25 00:00:00
SO,Southern Company,96.162,5.727400183677673,4.745999872684479,2,2025-10-24 02:00:00
SO,Southern Company,96.5643,5.70864442172013,4.7683357131300905,2,2025-10-24 04:00:00
SO,Southern Company,96.5952,5.675113745125996,4.785975211408724,2,2025-10-24 06:00:00
SO,Southern Company,96.2932,5.715834546682521,4.79415659924069,2,2025-10-24 08:00:00
SO,Southern Company,96.1319,5.665528154080705,4.794761496197603,2,2025-10-24 10:00:00
SO,Southern Company,96.1946,5.653564155516801,4.782172129536812,2,2025-10-24 12:00:00
SO,Southern Company,96.3071,5.598759640228029,4.7383511175945525,2,2025-10-24 14:00:00
SO,Southern Company,96.41,5.572711204042796,4.750624318466408,2,2025-10-24 16:00:00
SO,Southern Company,96.3728,5.600635897403176,4.729947137116256,2,2025-10-24 18:00:00
SO,Southern Company,96.4668,5.555986031462376,4.691343262491691,2,2025-10-24 20:00:00
SO,Southern Company,96.3202,5.609061438087601,4.685491518165222,2,2025-10-24 22:00:00
SO,Southern Company,96.1391,5.615107037885511,4.662218355613948,2,2025-10-25 00:00:00
SOLV,Solventum,71.5725,9.005799889564514,0.0,1,2025-10-24 02:00:00
SOLV,Solventum,72.4568,9.052188498501723,0.0,1,2025-10-24 04:00:00
SOLV,Solventum,73.0851,9.003742102539752,0.0,1,2025-10-24 06:00:00
SOLV,Solventum,72.7305,8.924523082264109,0.0,1,2025-10-24 08:00:00
SOLV,Solventum,72.447,9.006341631616435,0.0,1,2025-10-24 10:00:00
SOLV,Solventum,71.8204,8.991468312547513,0.0,1,2025-10-24 12:00:00
SOLV,Solventum,71.7498,9.07237731034119,0.0,1,2025-10-24 14:00:00
SOLV,Solventum,71.8799,9.101706445977626,0.0,1,2025-10-24 16:00:00
SOLV,Solventum,72.479,9.152273110910391,0.0,1,2025-10-24 18:00:00
SOLV,Solventum,72.9433,9.134878138853411,0.0,1,2025-10-24 20:00:00
SOLV,Solventum,72.4753,9.218768402316295,0.0,1,2025-10-24 22:00:00
SOLV,Solventum,72.3387,9.30885366461875,0.0,1,2025-10-25 00:00:00
SPG,Simon Property Group,179.472,8.830400109291077,0.205000005662441,2,2025-10-24 02:00:00
SPG,Simon Property Group,179.7971,8.914167811317407,0.20421015169547066,2,2025-10-24 04:00:00
SPG,Simon Property Group,180.2078,8.956631035354388,0.2036116843991707,2,2025-10-24 06:00:00
SPG,Simon Property Group,180.0045,8.944296622994605,0.20179072478692603,2,2025-10-24 08:00:00
SPG,Simon Property Group,179.7675,8.87852705675599,0.20255834087185368,2,2025-10-24 10:00:00
SPG,Simon Property Group,179.5864,8.821740126513706,0.20287520027933248,2,2025-10-24 12:00:00
SPG,Simon Property Group,179.7522,8.898551648337055,0.204279016654153,2,2025-10-24 14:00:00
SPG,Simon Property Group,179.7357,8.937148975289816,0.2039624084420761,2,2025-10-24 16:00:00
SPG,Simon Property Group,179.8223,8.882490498726332,0.20499589652459588,2,2025-10-24 18:00:00
SPG,Simon Property Group,179.85,8.931823493425208,0.20381159406359456,2,2025-10-24 20:00:00
SPG,Simon Property Group,179.7528,8.893784378559195,0.20390777072257463,2,2025-10-24 22:00:00
SPG,Simon Property Group,179.6364,8.839418704906757,0.20238737884887706,2,2025-10-25 00:00:00
SPGI,S&P Global,504.3683,8.121200203895569,1.0234999656677242,3,2025-10-24 02:00:00
SPGI,S&P Global,508.7965,8.142394957678258,1.0242560329493364,3,2025-10-24 04:00:00
SPGI,S&P Global,504.1638,8.096095636789055,1.0232329210641777,3,2025-10-24 06:00:00
SPGI,S&P Global,500.891,8.117847171830109,1.0165174513081947,3,2025-10-24 08:00:00
SPGI,S&P Global,501.1879,8.061217945907993,1.0188749298578443,3,2025-10-24 10:00:00
SPGI,S&P Global,500.8964,8.130409550140039,1.025034121021346,3,2025-10-24 12:00:00
SPGI,S&P Global,500.4218,8.099022028568088,1.0214745837412886,3,2025-10-24 14:00:00
SPGI,S&P Global,500.5404,8.04734508790452,1.0270549558045958,3,2025-10-24 16:00:00
SPGI,S&P Global,501.1664,7.985317259055268,1.0333331773555403,3,2025-10-24 18:00:00
SPGI,S&P Global,502.0296,7.9770753702382775,1.0318586139152963,3,2025-10-24 20:00:00
SPGI,S&P Global,500.8823,7.906888379924559,1.0396261950503072,3,2025-10-24 22:00:00
SPGI,S&P Global,500.1628,7.918670725225833,1.036681732612997,3,2025-10-25 00:00:00
SRE,Sempra,90.8665,7.201300263404846,0.0,1,2025-10-24 02:00:00
SRE,Sempra,89.7722,7.233644598086573,0.0,1,2025-10-24 04:00:00
SRE,Sempra,90.1384,7.229992510389054,0.0,1,2025-10-24 06:00:00
SRE,Sempra,90.7247,7.174424604508757,0.0,1,2025-10-24 08:00:00
SRE,Sempra,90.7261,7.151260821800794,0.0,1,2025-10-24 10:00:00
SRE,Sempra,90.639,7.172279866436463,0.0,1,2025-10-24 12:00:00
SRE,Sempra,90.5476,7.221938415738385,0.0,1,2025-10-24 14:00:00
SRE,Sempra,90.6132,7.277649205357864,0.0,1,2025-10-24 16:00:00
SRE,Sempra,90.7175,7.2451510585353205,0.0,1,2025-10-24 18:00:00
SRE,Sempra,90.6751,7.313021519531812,0.0,1,2025-10-24 20:00:00
SRE,Sempra,90.6265,7.293252087966814,0.0,1,2025-10-24 22:00:00
SRE,Sempra,90.6362,7.2920090504701625,0.0,1,2025-10-25 00:00:00
STE,Steris,238.5957,1.908400058746338,0.0,1,2025-10-24 02:00:00
STE,Steris,238.4768,1.900199194233409,0.0,1,2025-10-24 04:00:00
STE,Steris,239.0596,1.9001514973281497,0.0,1,2025-10-24 06:00:00
STE,Steris,238.7845,1.888357311050185,0.0,1,2025-10-24 08:00:00
STE,Steris,238.5775,1.880020640727444,0.0,1,2025-10-24 10:00:00
STE,Steris,238.66,1.8645908448450534,0.0,1,2025-10-24 12:00:00
STE,Steris,238.6628,1.857140789153542,0.0,1,2025-10-24 14:00:00
STE,Steris,238.5427,1.8614718948428772,0.0,1,2025-10-24 16:00:00
STE,Steris,238.9678,1.868683922176274,0.0,1,2025-10-24 18:00:00
STE,Steris,239.2401,1.8504907194375058,0.0,1,2025-10-24 20:00:00
STE,Steris,238.779,1.847350083656206,0.0,1,2025-10-24 22:00:00
STE,Steris,238.5775,1.8412604420910288,0.0,1,2025-10-25 00:00:00
STLD,Steel Dynamics,143.4142,1.7120000720024109,2.58540004491806,2,2025-10-24 02:00:00
STLD,Steel Dynamics,140.2641,1.7166487077360042,2.5989604368073325,2,2025-10-24 04:00:00
STLD,Steel Dynamics,141.1648,1.7196569590680935,2.5976677162282273,2,2025-10-24 06:00:00
STLD,Steel Dynamics,142.1156,1.7194675811476408,2.5985138552876044,2,2025-10-24 08:00:00
STLD,Steel Dynamics,142.129,1.730745601414177,2.582643988822921,2,2025-10-24 10:00:00
STLD,Steel Dynamics,141.8526,1.7137036294249786,2.5572209948007965,2,2025-10-24 12:00:00
STLD,Steel Dynamics,141.7838,1.7153534874376812,2.5520141916070753,2,2025-10-24 14:00:00
STLD,Steel Dynamics,141.8457,1.7026230516507064,2.5758251676742834,2,2025-10-24 16:00:00
STLD,Steel Dynamics,141.9684,1.7174282042670572,2.6005770014278604,2,2025-10-24 18:00:00
STLD,Steel Dynamics,142.0991,1.7090373516111332,2.6202919347613025,2,2025-10-24 20:00:00
STLD,Steel Dynamics,141.9176,1.7129379545533647,2.620756635438274,2,2025-10-24 22:00:00
STLD,Steel Dynamics,141.7838,1.7257366871615447,2.6084175496196127,2,2025-10-25 00:00:00
STT,State Street Corporation,117.0264,8.219199776649475,1.0300999879837032,2,2025-10-24 02:00:00
STT,State Street Corporation,116.6725,8.144949857319755,1.0233004693649037,2,2025-10-24 04:00:00
STT,State Street Corporation,116.4263,8.084871117016545,1.0264446514368957,2,2025-10-24 06:00:00
STT,State Street Corporation,116.1022,8.021178467202109,1.025818993708723,2,2025-10-24 08:00:00
STT,State Street Corporation,116.0012,7.949583503964669,1.0351596962437615,2,2025-10-24 10:00:00
STT,State Street Corporation,116.1867,7.891421225336664,1.0249137091006426,2,2025-10-24 12:00:00
STT,State Street Corporation,116.1276,7.937683309802324,1.033342807624446,2,2025-10-24 14:00:00
STT,State Street Corporation,116.1712,7.9820828182677035,1.0316045639743108,2,2025-10-24 16:00:00
STT,State Street Corporation,116.4577,7.932071493946386,1.028878872430737,2,2025-10-24 18:00:00
STT,State Street Corporation,116.422,7.9662838582609625,1.0331559637726353,2,2025-10-24 20:00:00
STT,State Street Corporation,116.1303,7.972889559294064,1.0377443955101369,2,2025-10-24 22:00:00
STT,State Street Corporation,116.1005,7.916387830380929,1.0456914218101314,2,2025-10-25 00:00:00
STX,Seagate Technology,243.6658,8.650000095367432,0.0,1,2025-10-24 02:00:00
STX,Seagate Technology,242.7929,8.67172362184157,0.0,1,2025-10-24 04:00:00
STX,Seagate Technology,240.0071,8.7439571353855,0.0,1,2025-10-24 06:00:00
STX,Seagate Technology,238.0921,8.802315365027901,0.0,1,2025-10-24 08:00:00
STX,Seagate Technology,238.3409,8.788668330984361,0.0,1,2025-10-24 10:00:00
STX,Seagate Technology,241.5089,8.703828861600398,0.0,1,2025-10-24 12:00:00
STX,Seagate Technology,242.9244,8.783141525276555,0.0,1,2025-10-24 14:00:00
STX,Seagate Technology,242.4743,8.855248148829123,0.0,1,2025-10-24 16:00:00
STX,Seagate Technology,239.1293,8.923939988870039,0.0,1,2025-10-24 18:00:00
STX,Seagate Technology,236.4463,8.983031471914956,0.0,1,2025-10-24 20:00:00
STX,Seagate Technology,237.586,8.90693989580687,0.0,1,2025-10-24 22:00:00
STX,Seagate Technology,242.6671,8.926553478204776,0.0,1,2025-10-25 00:00:00
STZ,Constellation Brands,135.2262,-0.415299981832504,0.0,1,2025-10-24 02:00:00
STZ,Constellation Brands,133.1438,-0.41227314767597445,0.0,1,2025-10-24 04:00:00
STZ,Constellation Brands,133.6456,-0.410069387581103,0.0,1,2025-10-24 06:00:00
STZ,Constellation Brands,135.4675,-0.4138245136567324,0.0,1,2025-10-24 08:00:00
STZ,Constellation Brands,138.1991,-0.4140954098110572,0.0,1,2025-10-24 10:00:00
STZ,Constellation Brands,137.7117,-0.4148598847308438,0.0,1,2025-10-24 12:00:00
STZ,Constellation Brands,133.5499,-0.41331567208377173,0.0,1,2025-10-24 14:00:00
STZ,Constellation Brands,132.6684,-0.4118307989688287,0.0,1,2025-10-24 16:00:00
STZ,Constellation Brands,134.821,-0.41035397681858543,0.0,1,2025-10-24 18:00:00
STZ,Constellation Brands,139.2393,-0.4090988274659273,0.0,1,2025-10-24 20:00:00
STZ,Constellation Brands,141.06,-0.4131566262969989,0.0,1,2025-10-24 22:00:00
STZ,Constellation Brands,138.0632,-0.4113724546014975,0.0,1,2025-10-25 00:00:00
SW,Smurfit Westrock,44.2737,9.057199954986572,0.0,1,2025-10-24 02:00:00
SW,Smurfit Westrock,45.1728,9.11717606006642,0.0,1,2025-10-24 04:00:00
SW,Smurfit Westrock,45.1937,9.07871692471424,0.0,1,2025-10-24 06:00:00
SW,Smurfit Westrock,44.6892,9.016506070937558,0.0,1,2025-10-24 08:00:00
SW,Smurfit Westrock,44.7011,9.06556650940337,0.0,1,2025-10-24 10:00:00
SW,Smurfit Westrock,44.5921,9.059791154788218,0.0,1,2025-10-24 12:00:00
SW,Smurfit Westrock,44.2616,9.060443536013453,0.0,1,2025-10-24 14:00:00
SW,Smurfit Westrock,44.2536,9.071322238575982,0.0,1,2025-10-24 16:00:00
SW,Smurfit Westrock,44.6959,9.161367220259432,0.0,1,2025-10-24 18:00:00
SW,Smurfit Westrock,45.0696,9.070296782418223,0.0,1,2025-10-24 20:00:00
SW,Smurfit Westrock,44.6736,9.00463820906327,0.0,1,2025-10-24 22:00:00
SW,Smurfit Westrock,44.5101,8.930649075289606,0.0,1,2025-10-25 00:00:00
SWK,Stanley Black & Decker,73.6148,0.6882999837398519,7.516999840736389,3,2025-10-24 02:00:00
SWK,Stanley Black & Decker,75.7243,0.6814756411308253,7.5109146259852215,3,2025-10-24 04:00:00
SWK,Stanley Black & Decker,75.1833,0.6877671435165639,7.49717189845629,3,2025-10-24 06:00:00
SWK,Stanley Black & Decker,74.8632,0.6809782018794137,7.5106727237294075,3,2025-10-24 08:00:00
SWK,Stanley Black & Decker,75.0334,0.6748801722524463,7.464602558170349,3,2025-10-24 10:00:00
SWK,Stanley Black & Decker,75.2865,0.6758487784522286,7.411354831123792,3,2025-10-24 12:00:00
SWK,Stanley Black & Decker,75.3032,0.6812741689426169,7.473385360972379,3,2025-10-24 14:00:00
SWK,Stanley Black & Decker,75.2026,0.6746284078425717,7.522086915924365,3,2025-10-24 16:00:00
SWK,Stanley Black & Decker,75.3776,0.6692827711505825,7.587907365123605,3,2025-10-24 18:00:00
SWK,Stanley Black & Decker,75.4397,0.6678096577618201,7.534394951708325,3,2025-10-24 20:00:00
SWK,Stanley Black & Decker,75.1769,0.6727992181593117,7.570278304474934,3,2025-10-24 22:00:00
SWK,Stanley Black & Decker,75.0702,0.6744006556088833,7.52194374640116,3,2025-10-25 00:00:00
SWKS,Skyworks Solutions,72.8834,3.482699990272522,6.166499853134155,7,2025-10-24 02:00:00
SWKS,Skyworks Solutions,73.7515,3.4960971478398912,6.1594228073912465,7,2025-10-24 04:00:00
SWKS,Skyworks Solutions,75.3944,3.4624168565071374,6.173197376732214,7,2025-10-24 06:00:00
SWKS,Skyworks Solutions,75.1173,3.4470091290098517,6.220902448505206,7,2025-10-24 08:00:00
SWKS,Skyworks Solutions,73.6388,3.4276372441690857,6.206456539370373,7,2025-10-24 10:00:00
SWKS,Skyworks Solutions,72.9819,3.4299951292900115,6.160680164066718,7,2025-10-24 12:00:00
SWKS,Skyworks Solutions,73.274,3.425769647542261,6.207671780333077,7,2025-10-24 14:00:00
SWKS,Skyworks Solutions,73.7363,3.4269131011908627,6.241066063109525,7,2025-10-24 16:00:00
SWKS,Skyworks Solutions,74.544,3.4339369469983825,6.297105384392112,7,2025-10-24 18:00:00
SWKS,Skyworks Solutions,75.6468,3.4501803243547715,6.341538835367256,7,2025-10-24 20:00:00
SWKS,Skyworks Solutions,75.22,3.4215504434631017,6.328394444556425,7,2025-10-24 22:00:00
SWKS,Skyworks Solutions,73.6297,3.446007570950367,6.273590770847185,7,2025-10-25 00:00:00
SYF,Synchrony Financial,79.6343,9.10830020904541,0.0,1,2025-10-24 02:00:00
SYF,Synchrony Financial,81.6197,9.16841561103321,0.0,1,2025-10-24 04:00:00
SYF,Synchrony Financial,81.7879,9.180507199575542,0.0,1,2025-10-24 06:00:00
SYF,Synchrony Financial,81.0444,9.090641054078464,0.0,1,2025-10-24 08:00:00
SYF,Synchrony Financial,80.3761,9.052999621707231,0.0,1,2025-10-24 10:00:00
SYF,Synchrony Financial,80.4104,9.124417777981005,0.0,1,2025-10-24 12:00:00
SYF,Synchrony Financial,80.8308,9.153233122990349,0.0,1,2025-10-24 14:00:00
SYF,Synchrony Financial,81.1464,9.124434064947144,0.0,1,2025-10-24 16:00:00
SYF,Synchrony Financial,81.8484,9.146469696853014,0.0,1,2025-10-24 18:00:00
SYF,Synchrony Financial,82.2249,9.154212856063387,0.0,1,2025-10-24 20:00:00
SYF,Synchrony Financial,81.354,9.215638946956759,0.0,1,2025-10-24 22:00:00
SYF,Synchrony Financial,80.3353,9.188648170091689,0.0,1,2025-10-25 00:00:00
SYK,Stryker Corporation,387.1635,-5.723900198936462,0.0,1,2025-10-24 02:00:00
SYK,Stryker Corporation,390.5574,-5.707179640363513,0.0,1,2025-10-24 04:00:00
SYK,Stryker Corporation,389.6526,-5.744264508739962,0.0,1,2025-10-24 06:00:00
SYK,Stryker Corporation,388.7961,-5.711758131231458,0.0,1,2025-10-24 08:00:00
SYK,Stryker Corporation,388.6687,-5.6918017069302715,0.0,1,2025-10-24 10:00:00
SYK,Stryker Corporation,388.9842,-5.658895671657048,0.0,1,2025-10-24 12:00:00
SYK,Stryker Corporation,389.6078,-5.65147367615774,0.0,1,2025-10-24 14:00:00
SYK,Stryker Corporation,389.544,-5.651529520078175,0.0,1,2025-10-24 16:00:00
SYK,Stryker Corporation,389.3383,-5.6872759678290175,0.0,1,2025-10-24 18:00:00
SYK,Stryker Corporation,389.3257,-5.742108112148283,0.0,1,2025-10-24 20:00:00
SYK,Stryker Corporation,388.8497,-5.786627539717466,0.0,1,2025-10-24 22:00:00
SYK,Stryker Corporation,388.8305,-5.842528571750926,0.0,1,2025-10-25 00:00:00
SYY,Sysco,76.631,7.828099727630615,0.909700021147728,2,2025-10-24 02:00:00
SYY,Sysco,76.6325,7.8808737775250135,0.9092096884397336,2,2025-10-24 04:00:00
SYY,Sysco,76.8015,7.916016619412213,0.9135247107262101,2,2025-10-24 06:00:00
SYY,Sysco,76.2532,7.885657983201191,0.9145542233103491,2,2025-10-24 08:00:00
SYY,Sysco,76.1059,7.840017871096821,0.9058546543528364,2,2025-10-24 10:00:00
SYY,Sysco,76.1744,7.771595561516701,0.9092973992983173,2,2025-10-24 12:00:00
SYY,Sysco,76.5391,7.8397619131322935,0.9064304641189881,2,2025-10-24 14:00:00
SYY,Sysco,76.5738,7.884281929161256,0.9013530299696462,2,2025-10-24 16:00:00
SYY,Sysco,76.4925,7.939989866263461,0.9038993759212932,2,2025-10-24 18:00:00
SYY,Sysco,76.5036,7.953323861900286,0.9015809517450709,2,2025-10-24 20:00:00
SYY,Sysco,76.1522,7.924656095300627,0.9059718645777822,2,2025-10-24 22:00:00
SYY,Sysco,76.1533,7.970664405083153,0.906618410912062,2,2025-10-25 00:00:00
T,AT&T,28.1475,1.383100003004074,6.075199842453003,13,2025-10-24 02:00:00
T,AT&T,29.0412,1.3789167125644317,6.098116639215818,13,2025-10-24 04:00:00
T,AT&T,29.1231,1.3667869005902076,6.083676842212507,13,2025-10-24 06:00:00
T,AT&T,28.9956,1.3684657467958452,6.077528157619523,13,2025-10-24 08:00:00
T,AT&T,28.9562,1.3763170557313045,6.125952182274511,13,2025-10-24 10:00:00
T,AT&T,28.9621,1.3652408539358805,6.140152758154433,13,2025-10-24 12:00:00
T,AT&T,28.9884,1.370540396908557,6.090427731973735,13,2025-10-24 14:00:00
T,AT&T,28.9523,1.3827464699420524,6.1308977471595085,13,2025-10-24 16:00:00
T,AT&T,29.0912,1.3906857881211478,6.073596466585531,13,2025-10-24 18:00:00
T,AT&T,29.1098,1.3919993588311466,6.040654719356349,13,2025-10-24 20:00:00
T,AT&T,28.9956,1.3936960755271894,6.0405700809919445,13,2025-10-24 22:00:00
T,AT&T,28.9855,1.3975719686152666,6.040321143516905,13,2025-10-25 00:00:00
TAP,Molson Coors Beverage Company,47.0587,3.77020001411438,0.0,1,2025-10-24 02:00:00
TAP,Molson Coors Beverage Company,47.8736,3.7349961354152605,0.0,1,2025-10-24 04:00:00
TAP,Molson Coors Beverage Company,47.5356,3.7376281792360104,0.0,1,2025-10-24 06:00:00
TAP,Molson Coors Beverage Company,47.1433,3.7633834471991223,0.0,1,2025-10-24 08:00:00
TAP,Molson Coors Beverage Company,47.1245,3.740425874891457,0.0,1,2025-10-24 10:00:00
TAP,Molson Coors Beverage Company,47.1342,3.7089979726284987,0.0,1,2025-10-24 12:00:00
TAP,Molson Coors Beverage Company,47.1823,3.74565266546675,0.0,1,2025-10-24 14:00:00
TAP,Molson Coors Beverage Company,47.1391,3.7361103634900017,0.0,1,2025-10-24 16:00:00
TAP,Molson Coors Beverage Company,47.1972,3.767106004853937,0.0,1,2025-10-24 18:00:00
TAP,Molson Coors Beverage Company,47.2625,3.7397512625627365,0.0,1,2025-10-24 20:00:00
TAP,Molson Coors Beverage Company,47.1404,3.7586406989311296,0.0,1,2025-10-24 22:00:00
TAP,Molson Coors Beverage Company,47.0977,3.747229579305279,0.0,1,2025-10-25 00:00:00
TDG,TransDigm Group,1320.1726,8.982999920845032,0.0,1,2025-10-24 02:00:00
TDG,TransDigm Group,1301.1224,8.961289217001676,0.0,1,2025-10-24 04:00:00
TDG,TransDigm Group,1307.5576,8.990184854989232,0.0,1,2025-10-24 06:00:00
TDG,TransDigm Group,1316.6259,9.025066093684481,0.0,1,2025-10-24 08:00:00
TDG,TransDigm Group,1318.6763,9.078209850694344,0.0,1,2025-10-24 10:00:00
TDG,TransDigm Group,1317.3749,9.089373021650982,0.0,1,2025-10-24 12:00:00
TDG,TransDigm Group,1312.1063,9.068029080364788,0.0,1,2025-10-24 14:00:00
TDG,TransDigm Group,1312.301,9.01817566702118,0.0,1,2025-10-24 16:00:00
TDG,TransDigm Group,1315.9559,9.09562441123132,0.0,1,2025-10-24 18:00:00
TDG,TransDigm Group,1312.8297,9.141518802279705,0.0,1,2025-10-24 20:00:00
TDG,TransDigm Group,1312.3955,9.073987465906788,0.0,1,2025-10-24 22:00:00
TDG,TransDigm Group,1312.0651,9.062797436589877,0.0,1,2025-10-25 00:00:00
TDY,Teledyne Technologies,549.6509,-9.189199805259703,0.0,1,2025-10-24 02:00:00
TDY,Teledyne Technologies,562.238,-9.119982179039152,0.0,1,2025-10-24 04:00:00
TDY,Teledyne Technologies,561.8001,-9.07820583706361,0.0,1,2025-10-24 06:00:00
TDY,Teledyne Technologies,552.2617,-9.073779822298892,0.0,1,2025-10-24 08:00:00
TDY,Teledyne Technologies,550.8955,-9.106852766324078,0.0,1,2025-10-24 10:00:00
TDY,Teledyne Technologies,551.565,-9.185908132273742,0.0,1,2025-10-24 12:00:00
TDY,Teledyne Technologies,551.3681,-9.220285731060926,0.0,1,2025-10-24 14:00:00
TDY,Teledyne Technologies,551.5569,-9.139889547285652,0.0,1,2025-10-24 16:00:00
TDY,Teledyne Technologies,554.8085,-9.174670305379644,0.0,1,2025-10-24 18:00:00
TDY,Teledyne Technologies,557.3789,-9.084154985076866,0.0,1,2025-10-24 20:00:00
TDY,Teledyne Technologies,554.2052,-9.016039438170964,0.0,1,2025-10-24 22:00:00
TDY,Teledyne Technologies,554.6555,-9.030162946609725,0.0,1,2025-10-25 00:00:00
TECH,Bio-Techne,63.45,8.520600199699402,0.0,1,2025-10-24 02:00:00
TECH,Bio-Techne,62.7181,8.44928811734658,0.0,1,2025-10-24 04:00:00
TECH,Bio-Techne,63.5861,8.48940808849336,0.0,1,2025-10-24 06:00:00
TECH,Bio-Techne,63.7186,8.405890725526318,0.0,1,2025-10-24 08:00:00
TECH,Bio-Techne,63.0571,8.38133875167269,0.0,1,2025-10-24 10:00:00
TECH,Bio-Techne,62.5514,8.371021248082899,0.0,1,2025-10-24 12:00:00
TECH,Bio-Techne,62.6759,8.441762089995542,0.0,1,2025-10-24 14:00:00
TECH,Bio-Techne,63.0954,8.449521013746986,0.0,1,2025-10-24 16:00:00
TECH,Bio-Techne,63.9159,8.510660816152065,0.0,1,2025-10-24 18:00:00
TECH,Bio-Techne,64.2464,8.475869302230327,0.0,1,2025-10-24 20:00:00
TECH,Bio-Techne,63.659,8.5254491010387,0.0,1,2025-10-24 22:00:00
TECH,Bio-Techne,63.1139,8.463181166592092,0.0,1,2025-10-25 00:00:00
TEL,TE Connectivity,223.01,7.5300997495651245,0.0,1,2025-10-24 02:00:00
TEL,TE Connectivity,213.3296,7.562898849596221,0.0,1,2025-10-24 04:00:00
TEL,TE Connectivity,213.5195,7.501947931347469,0.0,1,2025-10-24 06:00:00
TEL,TE Connectivity,221.2971,7.471742241815314,0.0,1,2025-10-24 08:00:00
TEL,TE Connectivity,222.9981,7.512440018990638,0.0,1,2025-10-24 10:00:00
TEL,TE Connectivity,224.3781,7.475058727058774,0.0,1,2025-10-24 12:00:00
TEL,TE Connectivity,222.8918,7.514910659871034,0.0,1,2025-10-24 14:00:00
TEL,TE Connectivity,220.7881,7.5075508411744964,0.0,1,2025-10-24 16:00:00
TEL,TE Connectivity,220.6163,7.480564196801895,0.0,1,2025-10-24 18:00:00
TEL,TE Connectivity,221.9831,7.489053655206148,0.0,1,2025-10-24 20:00:00
TEL,TE Connectivity,222.5309,7.435612911780637,0.0,1,2025-10-24 22:00:00
TEL,TE Connectivity,221.8725,7.424588267542939,0.0,1,2025-10-25 00:00:00
TER,Teradyne,143.4948,-0.003100000030826,12.884199619293213,2,2025-10-24 02:00:00
TER,Teradyne,144.8363,-0.003110956742733426,12.998308584302576,2,2025-10-24 04:00:00
TER,Teradyne,146.4503,-0.0031022577714765326,12.995079271932266,2,2025-10-24 06:00:00
TER,Teradyne,146.6008,-0.0031204939356868893,13.113849732652533,2,2025-10-24 08:00:00
TER,Teradyne,145.2574,-0.0031271340535210155,13.238517287030641,2,2025-10-24 10:00:00
TER,Teradyne,143.9105,-0.003131811712344351,13.286313650092778,2,2025-10-24 12:00:00
TER,Teradyne,145.4462,-0.0031384166897541607,13.160221798560855,2,2025-10-24 14:00:00
TER,Teradyne,146.2879,-0.0031464509472478555,13.06113542890404,2,2025-10-24 16:00:00
TER,Teradyne,146.4127,-0.003144447422407541,13.051751167665868,2,2025-10-24 18:00:00
TER,Teradyne,145.5704,-0.003163695729716531,12.96954350844281,2,2025-10-24 20:00:00
TER,Teradyne,144.5987,-0.003176984256186499,12.882019107690502,2,2025-10-24 22:00:00
TER,Teradyne,143.8903,-0.003149607771299073,13.010118015237264,2,2025-10-25 00:00:00
TFC,Truist Financial,45.2099,-7.769700288772583,0.0,1,2025-10-24 02:00:00
TFC,Truist Financial,45.3977,-7.6991371926885845,0.0,1,2025-10-24 04:00:00
TFC,Truist Financial,45.4449,-7.63224765177008,0.0,1,2025-10-24 06:00:00
TFC,Truist Financial,45.3875,-7.661144878177282,0.0,1,2025-10-24 08:00:00
TFC,Truist Financial,45.3994,-7.707373869641383,0.0,1,2025-10-24 10:00:00
TFC,Truist Financial,45.3908,-7.757165505284498,0.0,1,2025-10-24 12:00:00
TFC,Truist Financial,45.3754,-7.6834749359308105,0.0,1,2025-10-24 14:00:00
TFC,Truist Financial,45.4122,-7.682089443791673,0.0,1,2025-10-24 16:00:00
TFC,Truist Financial,45.3865,-7.629040179562648,0.0,1,2025-10-24 18:00:00
TFC,Truist Financial,45.3865,-7.597475816731461,0.0,1,2025-10-24 20:00:00
TFC,Truist Financial,45.3875,-7.668331911187073,0.0,1,2025-10-24 22:00:00
TFC,Truist Financial,45.4151,-7.599792786291193,0.0,1,2025-10-25 00:00:00
TGT,Target Corporation,92.8144,3.0965998768806458,4.262399971485138,3,2025-10-24 02:00:00
TGT,Target Corporation,91.6884,3.088879683881022,4.249308907086128,3,2025-10-24 04:00:00
TGT,Target Corporation,92.1625,3.0777460401354553,4.249342289978809,3,2025-10-24 06:00:00
TGT,Target Corporation,93.2788,3.069276518539877,4.228579551633084,3,2025-10-24 08:00:00
TGT,Target Corporation,94.0132,3.048799916756908,4.230209917994776,3,2025-10-24 10:00:00
TGT,Target Corporation,93.6037,3.0393787773039667,4.240666749921381,3,2025-10-24 12:00:00
TGT,Target Corporation,92.6003,3.056983434944072,4.246204203919141,3,2025-10-24 14:00:00
TGT,Target Corporation,92.0659,3.057770036985196,4.240511308320975,3,2025-10-24 16:00:00
TGT,Target Corporation,92.7099,3.0518242978415673,4.27390718975083,3,2025-10-24 18:00:00
TGT,Target Corporation,93.9086,3.0592924806737627,4.304898977689549,3,2025-10-24 20:00:00
TGT,Target Corporation,94.2689,3.0416747388414582,4.304005260771499,3,2025-10-24 22:00:00
TGT,Target Corporation,92.9625,3.064937843865833,4.267891501147298,3,2025-10-25 00:00:00
TJX,TJX Companies,140.8268,5.983800292015076,2.463400065898895,2,2025-10-24 02:00:00
TJX,TJX Companies,139.9191,6.039697786973028,2.4387678956877945,2,2025-10-24 04:00:00
TJX,TJX Companies,140.0461,6.005013515028857,2.4529969456718166,2,2025-10-24 06:00:00
TJX,TJX Companies,140.6348,6.003447418869832,2.4363660604194846,2,2025-10-24 08:00:00
TJX,TJX Companies,140.7233,6.037080235913318,2.4402523889413956,2,2025-10-24 10:00:00
TJX,TJX Companies,140.2728,6.021830805611954,2.433224038637389,2,2025-10-24 12:00:00
TJX,TJX Companies,139.8952,6.026941648290565,2.414724032695798,2,2025-10-24 14:00:00
TJX,TJX Companies,139.967,6.070955062734098,2.4203121625888855,2,2025-10-24 16:00:00
TJX,TJX Companies,140.3293,6.072991858030488,2.4417826764103325,2,2025-10-24 18:00:00
TJX,TJX Companies,140.6778,6.097508053176579,2.464391337929253,2,2025-10-24 20:00:00
TJX,TJX Companies,140.6403,6.130128432823399,2.453495557161599,2,2025-10-24 22:00:00
TJX,TJX Companies,140.2835,6.184866070227352,2.4661714637524486,2,2025-10-25 00:00:00
TKO,TKO Group Holdings,215.584,8.839600086212158,0.0,1,2025-10-24 02:00:00
TKO,TKO Group Holdings,224.6102,8.835734635230114,0.0,1,2025-10-24 04:00:00
TKO,TKO Group Holdings,225.4461,8.899041714594523,0.0,1,2025-10-24 06:00:00
TKO,TKO Group Holdings,225.3296,8.833436087034737,0.0,1,2025-10-24 08:00:00
TKO,TKO Group Holdings,224.8076,8.784457168185874,0.0,1,2025-10-24 10:00:00
TKO,TKO Group Holdings,224.5517,8.821147255339763,0.0,1,2025-10-24 12:00:00
TKO,TKO Group Holdings,227.4027,8.888916795234705,0.0,1,2025-10-24 14:00:00
TKO,TKO Group Holdings,226.5579,8.84268120914305,0.0,1,2025-10-24 16:00:00
TKO,TKO Group Holdings,225.9385,8.772133883392186,0.0,1,2025-10-24 18:00:00
TKO,TKO Group Holdings,226.3488,8.70680076285873,0.0,1,2025-10-24 20:00:00
TKO,TKO Group Holdings,224.9461,8.751588284570033,0.0,1,2025-10-24 22:00:00
TKO,TKO Group Holdings,224.1722,8.696428443405464,0.0,1,2025-10-25 00:00:00
TMO,Thermo Fisher Scientific,567.8206,-1.357100009918213,8.499000072479248,4,2025-10-24 02:00:00
TMO,Thermo Fisher Scientific,566.6943,-1.3572534280533999,8.434782704894742,4,2025-10-24 04:00:00
TMO,Thermo Fisher Scientific,568.3151,-1.3440325667588895,8.425220474334617,4,2025-10-24 06:00:00
TMO,Thermo Fisher Scientific,567.6357,-1.346895536423991,8.439446075717072,4,2025-10-24 08:00:00
TMO,Thermo Fisher Scientific,567.4079,-1.3351910691789275,8.381948163946952,4,2025-10-24 10:00:00
TMO,Thermo Fisher Scientific,567.5348,-1.3319151699595217,8.370733416705944,4,2025-10-24 12:00:00
TMO,Thermo Fisher Scientific,567.4917,-1.3266790750567474,8.354922864049229,4,2025-10-24 14:00:00
TMO,Thermo Fisher Scientific,567.2848,-1.3297638889232961,8.42704670279444,4,2025-10-24 16:00:00
TMO,Thermo Fisher Scientific,567.969,-1.3178779157220544,8.439314957484788,4,2025-10-24 18:00:00
TMO,Thermo Fisher Scientific,568.0408,-1.3055037562288874,8.360060880053636,4,2025-10-24 20:00:00
TMO,Thermo Fisher Scientific,567.5276,-1.3081429392258166,8.313318296114591,4,2025-10-24 22:00:00
TMO,Thermo Fisher Scientific,567.6512,-1.318025334709018,8.359594624640238,4,2025-10-25 00:00:00
TMUS,T-Mobile US,225.4485,8.686500191688538,0.0,1,2025-10-24 02:00:00
TMUS,T-Mobile US,231.6367,8.684253053096553,0.0,1,2025-10-24 04:00:00
TMUS,T-Mobile US,231.8256,8.728013463933252,0.0,1,2025-10-24 06:00:00
TMUS,T-Mobile US,229.1555,8.644513334525154,0.0,1,2025-10-24 08:00:00
TMUS,T-Mobile US,227.4696,8.595403901684323,0.0,1,2025-10-24 10:00:00
TMUS,T-Mobile US,227.8561,8.541664010297955,0.0,1,2025-10-24 12:00:00
TMUS,T-Mobile US,229.0594,8.525787906420643,0.0,1,2025-10-24 14:00:00
TMUS,T-Mobile US,229.3117,8.52661176820585,0.0,1,2025-10-24 16:00:00
TMUS,T-Mobile US,228.5777,8.504343603807628,0.0,1,2025-10-24 18:00:00
TMUS,T-Mobile US,228.0791,8.427865272278844,0.0,1,2025-10-24 20:00:00
TMUS,T-Mobile US,228.4828,8.44731284946962,0.0,1,2025-10-24 22:00:00
TMUS,T-Mobile US,228.9531,8.403350359684618,0.0,1,2025-10-25 00:00:00
TPL,Texas Pacific Land Corporation,1106.7102,8.71209979057312,0.0,1,2025-10-24 02:00:00
TPL,Texas Pacific Land Corporation,1168.4208,8.69152935711899,0.0,1,2025-10-24 04:00:00
TPL,Texas Pacific Land Corporation,1139.1298,8.72793327011725,0.0,1,2025-10-24 06:00:00
TPL,Texas Pacific Land Corporation,1095.5889,8.71349600189134,0.0,1,2025-10-24 08:00:00
TPL,Texas Pacific Land Corporation,1082.5323,8.706896279128392,0.0,1,2025-10-24 10:00:00
TPL,Texas Pacific Land Corporation,1106.3007,8.635948840943138,0.0,1,2025-10-24 12:00:00
TPL,Texas Pacific Land Corporation,1117.6845,8.5609484158448,0.0,1,2025-10-24 14:00:00
TPL,Texas Pacific Land Corporation,1110.8648,8.607260700509677,0.0,1,2025-10-24 16:00:00
TPL,Texas Pacific Land Corporation,1121.0742,8.597557013486133,0.0,1,2025-10-24 18:00:00
TPL,Texas Pacific Land Corporation,1128.2654,8.616518493408785,0.0,1,2025-10-24 20:00:00
TPL,Texas Pacific Land Corporation,1115.5724,8.669220724779938,0.0,1,2025-10-24 22:00:00
TPL,Texas Pacific Land Corporation,1112.2351,8.624817623868985,0.0,1,2025-10-25 00:00:00
TPR,"Tapestry, Inc.",123.9038,4.077599942684173,0.0,1,2025-10-24 02:00:00
TPR,"Tapestry, Inc.",121.0624,4.113250618906124,0.0,1,2025-10-24 04:00:00
TPR,"Tapestry, Inc.",115.8601,4.072286258838558,0.0,1,2025-10-24 06:00:00
TPR,"Tapestry, Inc.",114.6567,4.059374741214021,0.0,1,2025-10-24 08:00:00
TPR,"Tapestry, Inc.",122.5954,4.021378353504794,0.0,1,2025-10-24 10:00:00
TPR,"Tapestry, Inc.",121.7224,4.042618469533994,0.0,1,2025-10-24 12:00:00
TPR,"Tapestry, Inc.",123.3102,4.045009448332028,0.0,1,2025-10-24 14:00:00
TPR,"Tapestry, Inc.",124.7706,4.066622349345807,0.0,1,2025-10-24 16:00:00
TPR,"Tapestry, Inc.",124.4413,4.089640394384593,0.0,1,2025-10-24 18:00:00
TPR,"Tapestry, Inc.",124.2308,4.116150233494219,0.0,1,2025-10-24 20:00:00
TPR,"Tapestry, Inc.",124.7276,4.1298467893095285,0.0,1,2025-10-24 22:00:00
TPR,"Tapestry, Inc.",124.9458,4.093996815693522,0.0,1,2025-10-25 00:00:00
TRGP,Targa Resources,162.7005,3.617999851703644,1.119699999690055,2,2025-10-24 02:00:00
TRGP,Targa Resources,172.8449,3.636126128366516,1.1091806246313558,2,2025-10-24 04:00:00
TRGP,Targa Resources,173.3724,3.637966200206673,1.1068507233439775,2,2025-10-24 06:00:00
TRGP,Targa Resources,168.8973,3.6611822784851245,1.0971467178117564,2,2025-10-24 08:00:00
TRGP,Targa Resources,164.2924,3.6265674361330054,1.106400946135083,2,2025-10-24 10:00:00
TRGP,Targa Resources,163.7092,3.6003696504247933,1.100805477175977,2,2025-10-24 12:00:00
TRGP,Targa Resources,167.5074,3.564429642074238,1.1095152118695524,2,2025-10-24 14:00:00
TRGP,Targa Resources,170.4481,3.592488955254282,1.1113528416539318,2,2025-10-24 16:00:00
TRGP,Targa Resources,171.4842,3.604266265794769,1.1113478430278618,2,2025-10-24 18:00:00
TRGP,Targa Resources,169.6026,3.5808219603366314,1.1180192749579323,2,2025-10-24 20:00:00
TRGP,Targa Resources,167.0628,3.581749475211475,1.1164883076116636,2,2025-10-24 22:00:00
TRGP,Targa Resources,166.0916,3.612554148680858,1.122085214699276,2,2025-10-25 00:00:00
TRMB,Trimble Inc.,83.4582,4.212499856948852,0.0,1,2025-10-24 02:00:00
TRMB,Trimble Inc.,84.2828,4.21974602763144,0.0,1,2025-10-24 04:00:00
TRMB,Trimble Inc.,84.4458,4.253029447019644,0.0,1,2025-10-24 06:00:00
TRMB,Trimble Inc.,83.5042,4.285232589298063,0.0,1,2025-10-24 08:00:00
TRMB,Trimble Inc.,83.6093,4.302177686333346,0.0,1,2025-10-24 10:00:00
TRMB,Trimble Inc.,84.28,4.278115089111866,0.0,1,2025-10-24 12:00:00
TRMB,Trimble Inc.,84.8271,4.259107945204206,0.0,1,2025-10-24 14:00:00
TRMB,Trimble Inc.,83.629,4.242506046882584,0.0,1,2025-10-24 16:00:00
TRMB,Trimble Inc.,82.9895,4.2640723289089415,0.0,1,2025-10-24 18:00:00
TRMB,Trimble Inc.,83.6124,4.3066709377584775,0.0,1,2025-10-24 20:00:00
TRMB,Trimble Inc.,83.8373,4.281870319493139,0.0,1,2025-10-24 22:00:00
TRMB,Trimble Inc.,84.1695,4.30027644728882,0.0,1,2025-10-25 00:00:00
TROW,T. Rowe Price,104.8413,5.799000263214111,4.881600141525268,3,2025-10-24 02:00:00
TROW,T. Rowe Price,105.5822,5.788425764639721,4.839008935884694,3,2025-10-24 04:00:00
TROW,T. Rowe Price,105.5958,5.74514812814569,4.807028781947812,3,2025-10-24 06:00:00
TROW,T. Rowe Price,104.7757,5.737286129981818,4.778435418228412,3,2025-10-24 08:00:00
TROW,T. Rowe Price,105.0908,5.72120195377944,4.784115886950374,3,2025-10-24 10:00:00
TROW,T. Rowe Price,105.4639,5.742180921911079,4.801957010135774,3,2025-10-24 12:00:00
TROW,T. Rowe Price,104.8803,5.721058475471418,4.7955908382736006,3,2025-10-24 14:00:00
TROW,T. Rowe Price,104.5062,5.702014160081027,4.834756711359789,3,2025-10-24 16:00:00
TROW,T. Rowe Price,105.1338,5.688737606139585,4.839002377102874,3,2025-10-24 18:00:00
TROW,T. Rowe Price,105.589,5.6498932658562255,4.792309821707339,3,2025-10-24 20:00:00
TROW,T. Rowe Price,105.0037,5.673945368867001,4.791729952432403,3,2025-10-24 22:00:00
TROW,T. Rowe Price,105.1704,5.64266788923669,4.758895221787611,3,2025-10-25 00:00:00
TRV,Travelers Companies (The),277.5545,6.8577998876571655,3.312399983406067,3,2025-10-24 02:00:00
TRV,Travelers Companies (The),281.7472,6.8563324471632505,3.324623579389569,3,2025-10-24 04:00:00
TRV,Travelers Companies (The),281.2752,6.871318657463056,3.3052998879719295,3,2025-10-24 06:00:00
TRV,Travelers Companies (The),279.1624,6.8129197417743335,3.309100733431988,3,2025-10-24 08:00:00
TRV,Travelers Companies (The),278.5496,6.753304033990751,3.3152799439196987,3,2025-10-24 10:00:00
TRV,Travelers Companies (The),279.1843,6.730805140789037,3.302255430428618,3,2025-10-24 12:00:00
TRV,Travelers Companies (The),279.2512,6.730238934164728,3.3279201106965273,3,2025-10-24 14:00:00
TRV,Travelers Companies (The),279.3288,6.7890589502618885,3.2958579179841454,3,2025-10-24 16:00:00
TRV,Travelers Companies (The),279.2144,6.731724487420262,3.287123279792448,3,2025-10-24 18:00:00
TRV,Travelers Companies (The),279.2144,6.702041753519136,3.299575697994198,3,2025-10-24 20:00:00
TRV,Travelers Companies (The),279.202,6.76247796332876,3.2864427168892982,3,2025-10-24 22:00:00
TRV,Travelers Companies (The),279.3943,6.706412158970281,3.28208302577086,3,2025-10-25 00:00:00
TSCO,Tractor Supply,58.2182,2.056400030851364,2.037999927997589,3,2025-10-24 02:00:00
TSCO,Tractor Supply,58.6924,2.060162928949989,2.0208520670320085,3,2025-10-24 04:00:00
TSCO,Tractor Supply,58.5297,2.045291867967762,2.015719262171056,3,2025-10-24 06:00:00
TSCO,Tractor Supply,58.3023,2.0620159662304935,2.0210662879353274,3,2025-10-24 08:00:00
TSCO,Tractor Supply,58.2663,2.055506454820447,2.005451284885705,3,2025-10-24 10:00:00
TSCO,Tractor Supply,58.2995,2.042489103863104,2.0060318618006225,3,2025-10-24 12:00:00
TSCO,Tractor Supply,58.3495,2.04719981259424,2.0176146405770017,3,2025-10-24 14:00:00
TSCO,Tractor Supply,58.3419,2.063368020035391,2.037619196836216,3,2025-10-24 16:00:00
TSCO,Tractor Supply,58.408,2.073128807874077,2.0512637520872836,3,2025-10-24 18:00:00
TSCO,Tractor Supply,58.4115,2.085198267615903,2.030857822117468,3,2025-10-24 20:00:00
TSCO,Tractor Supply,58.3462,2.0801009710155505,2.0220585803670073,3,2025-10-24 22:00:00
TSCO,Tractor Supply,58.2995,2.061082542231512,2.0418050689015077,3,2025-10-25 00:00:00
TSLA,"Tesla, Inc.",426.7141,4.256899952888489,5.666300058364868,2,2025-10-24 02:00:00
TSLA,"Tesla, Inc.",426.2557,4.276242854845632,5.7093218750043855,2,2025-10-24 04:00:00
TSLA,"Tesla, Inc.",436.9237,4.246730665107154,5.721803901839921,2,2025-10-24 06:00:00
TSLA,"Tesla, Inc.",442.5072,4.277345543014961,5.715527711854251,2,2025-10-24 08:00:00
TSLA,"Tesla, Inc.",441.5276,4.244086402799077,5.6848410216758385,2,2025-10-24 10:00:00
TSLA,"Tesla, Inc.",440.6933,4.282436294885244,5.666259291836976,2,2025-10-24 12:00:00
TSLA,"Tesla, Inc.",439.6286,4.321847587867887,5.692900257061087,2,2025-10-24 14:00:00
TSLA,"Tesla, Inc.",438.2186,4.302763135651106,5.72213082869457,2,2025-10-24 16:00:00
TSLA,"Tesla, Inc.",436.0505,4.340166399764961,5.708241156467593,2,2025-10-24 18:00:00
TSLA,"Tesla, Inc.",436.4403,4.346527091194835,5.68403635162739,2,2025-10-24 20:00:00
TSLA,"Tesla, Inc.",437.1403,4.3588725562427175,5.657746119879955,2,2025-10-24 22:00:00
TSLA,"Tesla, Inc.",434.8685,4.399632004715742,5.617762037329305,2,2025-10-25 00:00:00
TSN,Tyson Foods,54.698,8.810999989509583,0.34520000219345004,2,2025-10-24 02:00:00
TSN,Tyson Foods,55.9854,8.767186185897508,0.34258671634025517,2,2025-10-24 04:00:00
TSN,Tyson Foods,55.8132,8.726952287459318,0.3434908351530105,2,2025-10-24 06:00:00
TSN,Tyson Foods,55.7907,8.738077475560656,0.3463100731394167,2,2025-10-24 08:00:00
TSN,Tyson Foods,55.9242,8.709707673433346,0.3493316915792718,2,2025-10-24 10:00:00
TSN,Tyson Foods,55.9823,8.676092127324138,0.34857534055055783,2,2025-10-24 12:00:00
TSN,Tyson Foods,55.9802,8.753685147618055,0.3505467407210579,2,2025-10-24 14:00:00
TSN,Tyson Foods,55.9435,8.797385071037366,0.34939350171801026,2,2025-10-24 16:00:00
TSN,Tyson Foods,55.9986,8.735589998205437,0.3510023410164724,2,2025-10-24 18:00:00
TSN,Tyson Foods,56.0028,8.747182785096655,0.3529154639519329,2,2025-10-24 20:00:00
TSN,Tyson Foods,55.9769,8.718182591337321,0.3541271184132183,2,2025-10-24 22:00:00
TSN,Tyson Foods,55.9406,8.709228309966377,0.3537211815482732,2,2025-10-25 00:00:00
TT,Trane Technologies,469.1222,-2.008800059556961,0.0,1,2025-10-24 02:00:00
TT,Trane Technologies,481.1749,-2.0144852207759656,0.0,1,2025-10-24 04:00:00
TT,Trane Technologies,474.1741,-2.0298179808462398,0.0,1,2025-10-24 06:00:00
TT,Trane Technologies,464.2251,-2.0366382877648594,0.0,1,2025-10-24 08:00:00
TT,Trane Technologies,460.66,-2.0497041434928227,0.0,1,2025-10-24 10:00:00
TT,Trane Technologies,465.072,-2.0294748527454156,0.0,1,2025-10-24 12:00:00
TT,Trane Technologies,470.7179,-2.0161458960013263,0.0,1,2025-10-24 14:00:00
TT,Trane Technologies,472.9875,-2.0086259598781058,0.0,1,2025-10-24 16:00:00
TT,Trane Technologies,472.0444,-2.0163629536072087,0.0,1,2025-10-24 18:00:00
TT,Trane Technologies,469.5216,-2.012385008895969,0.0,1,2025-10-24 20:00:00
TT,Trane Technologies,467.7344,-2.010038045708821,0.0,1,2025-10-24 22:00:00
TT,Trane Technologies,467.5861,-1.9966897328528805,0.0,1,2025-10-25 00:00:00
TTD,Trade Desk (The),53.9294,0.389899984002113,0.0,1,2025-10-24 02:00:00
TTD,Trade Desk (The),58.1538,0.3897835534644166,0.0,1,2025-10-24 04:00:00
TTD,Trade Desk (The),59.7169,0.3899218626142874,0.0,1,2025-10-24 06:00:00
TTD,Trade Desk (The),56.5961,0.3930006054588879,0.0,1,2025-10-24 08:00:00
TTD,Trade Desk (The),52.7665,0.39623204149827373,0.0,1,2025-10-24 10:00:00
TTD,Trade Desk (The),51.66,0.393092763136642,0.0,1,2025-10-24 12:00:00
TTD,Trade Desk (The),53.8344,0.3942074908812606,0.0,1,2025-10-24 14:00:00
TTD,Trade Desk (The),57.4932,0.39723161309016153,0.0,1,2025-10-24 16:00:00
TTD,Trade Desk (The),59.5582,0.398032704974721,0.0,1,2025-10-24 18:00:00
TTD,Trade Desk (The),57.6939,0.4005498820404005,0.0,1,2025-10-24 20:00:00
TTD,Trade Desk (The),53.0388,0.39699165042109197,0.0,1,2025-10-24 22:00:00
TTD,Trade Desk (The),51.66,0.399953183727767,0.0,1,2025-10-25 00:00:00
TTWO,Take-Two Interactive,258.0705,5.78980028629303,0.0,1,2025-10-24 02:00:00
TTWO,Take-Two Interactive,256.3387,5.744667062830066,0.0,1,2025-10-24 04:00:00
TTWO,Take-Two Interactive,254.2147,5.756807671261685,0.0,1,2025-10-24 06:00:00
TTWO,Take-Two Interactive,256.5189,5.782504517369235,0.0,1,2025-10-24 08:00:00
TTWO,Take-Two Interactive,258.9808,5.827549912206715,0.0,1,2025-10-24 10:00:00
TTWO,Take-Two Interactive,259.5617,5.839890398490306,0.0,1,2025-10-24 12:00:00
TTWO,Take-Two Interactive,258.2683,5.8490657852269345,0.0,1,2025-10-24 14:00:00
TTWO,Take-Two Interactive,258.0316,5.833418012885722,0.0,1,2025-10-24 16:00:00
TTWO,Take-Two Interactive,255.4785,5.851485950833009,0.0,1,2025-10-24 18:00:00
TTWO,Take-Two Interactive,253.7108,5.905585045661123,0.0,1,2025-10-24 20:00:00
TTWO,Take-Two Interactive,256.7281,5.964505588405268,0.0,1,2025-10-24 22:00:00
TTWO,Take-Two Interactive,259.4957,5.920531342343425,0.0,1,2025-10-25 00:00:00
TXN,Texas Instruments,180.8507,3.0406001210212708,3.5418999195098873,2,2025-10-24 02:00:00
TXN,Texas Instruments,187.2132,3.0547242558710916,3.571526309218755,2,2025-10-24 04:00:00
TXN,Texas Instruments,186.7761,3.0761430348188292,3.579648449215486,2,2025-10-24 06:00:00
TXN,Texas Instruments,184.6006,3.058827571775657,3.552955838390383,2,2025-10-24 08:00:00
TXN,Texas Instruments,183.9329,3.0832103606024583,3.553669592316266,2,2025-10-24 10:00:00
TXN,Texas Instruments,184.5761,3.105130358985357,3.545387473377246,2,2025-10-24 12:00:00
TXN,Texas Instruments,185.3459,3.0822238926587695,3.529728080935318,2,2025-10-24 14:00:00
TXN,Texas Instruments,185.2606,3.0975659763628705,3.4954862492806487,2,2025-10-24 16:00:00
TXN,Texas Instruments,184.8897,3.116286337310421,3.4831368801999503,2,2025-10-24 18:00:00
TXN,Texas Instruments,184.834,3.091481410685323,3.4662685339991643,2,2025-10-24 20:00:00
TXN,Texas Instruments,184.803,3.0635296440874904,3.4889154769823993,2,2025-10-24 22:00:00
TXN,Texas Instruments,184.6988,3.090164391015704,3.507981886525153,2,2025-10-25 00:00:00
TXT,Textron,83.218,3.862999975681305,5.480499863624573,2,2025-10-24 02:00:00
TXT,Textron,83.827,3.8348254129004236,5.509740445879361,2,2025-10-24 04:00:00
TXT,Textron,83.3387,3.8364905718887683,5.483094800884659,2,2025-10-24 06:00:00
TXT,Textron,82.4515,3.847528144214121,5.500888389490681,2,2025-10-24 08:00:00
TXT,Textron,82.3192,3.8717777036670227,5.449174682444876,2,2025-10-24 10:00:00
TXT,Textron,82.5195,3.852001297864979,5.412872182222305,2,2025-10-24 12:00:00
TXT,Textron,83.2873,3.830918792399951,5.412277547220095,2,2025-10-24 14:00:00
TXT,Textron,82.9646,3.8167525658089554,5.394333996745627,2,2025-10-24 16:00:00
TXT,Textron,82.9017,3.8174354858476693,5.393428446375843,2,2025-10-24 18:00:00
TXT,Textron,83.0804,3.8014839987597284,5.371790504303675,2,2025-10-24 20:00:00
TXT,Textron,82.7266,3.8188671128704286,5.354160281933358,2,2025-10-24 22:00:00
TXT,Textron,82.4786,3.8229953654468374,5.395717642755632,2,2025-10-25 00:00:00
TYL,Tyler Technologies,538.5041,9.01889979839325,0.0,1,2025-10-24 02:00:00
TYL,Tyler Technologies,561.0561,9.016888183283877,0.0,1,2025-10-24 04:00:00
TYL,Tyler Technologies,559.7941,9.013972665513243,0.0,1,2025-10-24 06:00:00
TYL,Tyler Technologies,546.1973,8.99794076345194,0.0,1,2025-10-24 08:00:00
TYL,Tyler Technologies,540.0718,9.019711209777167,0.0,1,2025-10-24 10:00:00
TYL,Tyler Technologies,544.4447,8.970181776745243,0.0,1,2025-10-24 12:00:00
TYL,Tyler Technologies,547.6426,9.02224059415726,0.0,1,2025-10-24 14:00:00
TYL,Tyler Technologies,546.878,8.963225113483245,0.0,1,2025-10-24 16:00:00
TYL,Tyler Technologies,547.8403,9.01730746422917,0.0,1,2025-10-24 18:00:00
TYL,Tyler Technologies,547.9504,8.94249425799052,0.0,1,2025-10-24 20:00:00
TYL,Tyler Technologies,546.3823,8.883671519920746,0.0,1,2025-10-24 22:00:00
TYL,Tyler Technologies,545.9389,8.855838158180024,0.0,1,2025-10-25 00:00:00
UAL,United Airlines Holdings,110.1511,8.66599977016449,0.0,1,2025-10-24 02:00:00
UAL,United Airlines Holdings,114.2713,8.600961132620784,0.0,1,2025-10-24 04:00:00
UAL,United Airlines Holdings,113.2207,8.662657321737617,0.0,1,2025-10-24 06:00:00
UAL,United Airlines Holdings,111.2002,8.683529242058848,0.0,1,2025-10-24 08:00:00
UAL,United Airlines Holdings,110.4287,8.761870308553151,0.0,1,2025-10-24 10:00:00
UAL,United Airlines Holdings,113.1101,8.711044643526666,0.0,1,2025-10-24 12:00:00
UAL,United Airlines Holdings,114.2415,8.665445710840707,0.0,1,2025-10-24 14:00:00
UAL,United Airlines Holdings,115.2508,8.67506398040068,0.0,1,2025-10-24 16:00:00
UAL,United Airlines Holdings,115.0769,8.719285254830856,0.0,1,2025-10-24 18:00:00
UAL,United Airlines Holdings,113.71,8.748479744056569,0.0,1,2025-10-24 20:00:00
UAL,United Airlines Holdings,110.3641,8.728354478484906,0.0,1,2025-10-24 22:00:00
UAL,United Airlines Holdings,108.7779,8.64848638284324,0.0,1,2025-10-25 00:00:00
UBER,Uber,98.0488,2.635700106620788,6.375899910926819,5,2025-10-24 02:00:00
UBER,Uber,98.2429,2.652914291419311,6.384529137590599,5,2025-10-24 04:00:00
UBER,Uber,98.4887,2.66842308677386,6.441515371439036,5,2025-10-24 06:00:00
UBER,Uber,98.4408,2.6736759507035113,6.460140758437452,5,2025-10-24 08:00:00
UBER,Uber,98.342,2.6862231612628906,6.520193773434746,5,2025-10-24 10:00:00
UBER,Uber,98.2369,2.6882429708721927,6.564402591303467,5,2025-10-24 12:00:00
UBER,Uber,98.256,2.6837977959493307,6.514754387878045,5,2025-10-24 14:00:00
UBER,Uber,98.357,2.686962485623222,6.503827731921084,5,2025-10-24 16:00:00
UBER,Uber,98.6369,2.7088885219736216,6.494599533136923,5,2025-10-24 18:00:00
UBER,Uber,98.6362,2.711931904676636,6.465823717799835,5,2025-10-24 20:00:00
UBER,Uber,98.2577,2.715082153955449,6.468029734815607,5,2025-10-24 22:00:00
UBER,Uber,98.2212,2.7204549912175158,6.473989450629243,5,2025-10-25 00:00:00
UDR,"UDR, Inc.",38.2181,8.756300210952759,0.0,1,2025-10-24 02:00:00
UDR,"UDR, Inc.",39.0785,8.825882405888184,0.0,1,2025-10-24 04:00:00
UDR,"UDR, Inc.",38.8069,8.75732696023648,0.0,1,2025-10-24 06:00:00
UDR,"UDR, Inc.",38.5973,8.697170074443699,0.0,1,2025-10-24 08:00:00
UDR,"UDR, Inc.",38.6333,8.76092761877553,0.0,1,2025-10-24 10:00:00
UDR,"UDR, Inc.",38.6864,8.78952335732901,0.0,1,2025-10-24 12:00:00
UDR,"UDR, Inc.",38.6881,8.86030470018581,0.0,1,2025-10-24 14:00:00
UDR,"UDR, Inc.",38.6809,8.936757624871866,0.0,1,2025-10-24 16:00:00
UDR,"UDR, Inc.",38.7238,8.904736841060688,0.0,1,2025-10-24 18:00:00
UDR,"UDR, Inc.",38.7266,8.929442746326389,0.0,1,2025-10-24 20:00:00
UDR,"UDR, Inc.",38.675,8.909789085835218,0.0,1,2025-10-24 22:00:00
UDR,"UDR, Inc.",38.6804,8.921267872010157,0.0,1,2025-10-25 00:00:00
UHS,Universal Health Services,210.2531,9.055699706077576,0.0,1,2025-10-24 02:00:00
UHS,Universal Health Services,208.4693,9.145542200639804,0.0,1,2025-10-24 04:00:00
UHS,Universal Health Services,207.3858,9.090647212769131,0.0,1,2025-10-24 06:00:00
UHS,Universal Health Services,207.7986,9.104119322344653,0.0,1,2025-10-24 08:00:00
UHS,Universal Health Services,208.2126,9.143395588438818,0.0,1,2025-10-24 10:00:00
UHS,Universal Health Services,208.7364,9.224718362024138,0.0,1,2025-10-24 12:00:00
UHS,Universal Health Services,208.7409,9.254965708271099,0.0,1,2025-10-24 14:00:00
UHS,Universal Health Services,208.1065,9.212140255730407,0.0,1,2025-10-24 16:00:00
UHS,Universal Health Services,207.9624,9.231973883051582,0.0,1,2025-10-24 18:00:00
UHS,Universal Health Services,208.1223,9.268583973606747,0.0,1,2025-10-24 20:00:00
UHS,Universal Health Services,208.6568,9.296858093982378,0.0,1,2025-10-24 22:00:00
UHS,Universal Health Services,208.749,9.33806623587773,0.0,1,2025-10-25 00:00:00
ULTA,Ulta Beauty,532.3314,6.2342000007629395,4.484899938106537,3,2025-10-24 02:00:00
ULTA,Ulta Beauty,537.8471,6.216936885924628,4.50852976794427,3,2025-10-24 04:00:00
ULTA,Ulta Beauty,539.292,6.182348124962874,4.5053649463915155,3,2025-10-24 06:00:00
ULTA,Ulta Beauty,538.1116,6.125929466417974,4.527710376773769,3,2025-10-24 08:00:00
ULTA,Ulta Beauty,537.5108,6.06946457622075,4.51770632724622,3,2025-10-24 10:00:00
ULTA,Ulta Beauty,536.8542,6.048151672931598,4.545014978281693,3,2025-10-24 12:00:00
ULTA,Ulta Beauty,537.5882,6.092600392861518,4.501590552006059,3,2025-10-24 14:00:00
ULTA,Ulta Beauty,537.3786,6.118466220940233,4.463578049600621,3,2025-10-24 16:00:00
ULTA,Ulta Beauty,537.076,6.093950814336439,4.472095606458982,3,2025-10-24 18:00:00
ULTA,Ulta Beauty,537.0982,6.151351249074141,4.497557323649162,3,2025-10-24 20:00:00
ULTA,Ulta Beauty,537.7748,6.172460162171181,4.489391887126441,3,2025-10-24 22:00:00
ULTA,Ulta Beauty,537.4728,6.145328821439478,4.462974853880562,3,2025-10-25 00:00:00
UNH,UnitedHealth Group,325.699,-0.324999988079071,6.307200193405151,6,2025-10-24 02:00:00
UNH,UnitedHealth Group,314.2471,-0.32245857394284516,6.2939408487202995,6,2025-10-24 04:00:00
UNH,UnitedHealth Group,330.3618,-0.320176306539988,6.238719643227075,6,2025-10-24 06:00:00
UNH,UnitedHealth Group,350.283,-0.3191262098130438,6.259373073544413,6,2025-10-24 08:00:00
UNH,UnitedHealth Group,354.4723,-0.3165310533920264,6.274894075866931,6,2025-10-24 10:00:00
UNH,UnitedHealth Group,337.61,-0.3152890283504668,6.246697231895174,6,2025-10-24 12:00:00
UNH,UnitedHealth Group,327.392,-0.3130034389561484,6.296248393391563,6,2025-10-24 14:00:00
UNH,UnitedHealth Group,334.18,-0.3156476868768785,6.2743987693314,6,2025-10-24 16:00:00
UNH,UnitedHealth Group,337.4583,-0.31446744823160117,6.3261952831508985,6,2025-10-24 18:00:00
UNH,UnitedHealth Group,335.5181,-0.3139307079684969,6.322648395712715,6,2025-10-24 20:00:00
UNH,UnitedHealth Group,326.3327,-0.31179646511731246,6.272418722683164,6,2025-10-24 22:00:00
UNH,UnitedHealth Group,332.802,-0.3113688265577314,6.25565158034063,6,2025-10-25 00:00:00
UNP,Union Pacific Corporation,224.5811,0.427000001072883,8.812400102615356,3,2025-10-24 02:00:00
UNP,Union Pacific Corporation,226.7423,0.4289942629631672,8.852401598884553,3,2025-10-24 04:00:00
UNP,Union Pacific Corporation,226.1354,0.4277588927617479,8.787096014523355,3,2025-10-24 06:00:00
UNP,Union Pacific Corporation,225.119,0.4314102378280282,8.765798833230734,3,2025-10-24 08:00:00
UNP,Union Pacific Corporation,224.9433,0.4300664546529214,8.756407744804102,3,2025-10-24 10:00:00
UNP,Union Pacific Corporation,225.1114,0.4297905648463248,8.786371713062392,3,2025-10-24 12:00:00
UNP,Union Pacific Corporation,225.8192,0.4260541605418401,8.703830300909196,3,2025-10-24 14:00:00
UNP,Union Pacific Corporation,225.3116,0.4226980407838934,8.785393102038029,3,2025-10-24 16:00:00
UNP,Union Pacific Corporation,225.5896,0.4215588205476957,8.862106385597867,3,2025-10-24 18:00:00
UNP,Union Pacific Corporation,225.7532,0.41812183650114665,8.88819329368677,3,2025-10-24 20:00:00
UNP,Union Pacific Corporation,225.1638,0.4193819935396048,8.864714238869361,3,2025-10-24 22:00:00
UNP,Union Pacific Corporation,224.9987,0.4191130920575038,8.935279215579088,3,2025-10-25 00:00:00
UPS,United Parcel Service,84.742,3.055300116539001,5.888800024986267,8,2025-10-24 02:00:00
UPS,United Parcel Service,84.353,3.061113128602497,5.90334399603269,8,2025-10-24 04:00:00
UPS,United Parcel Service,86.2506,3.0659904712505095,5.873777528147063,8,2025-10-24 06:00:00
UPS,United Parcel Service,88.9579,3.0750067913292165,5.873624085526556,8,2025-10-24 08:00:00
UPS,United Parcel Service,89.914,3.0480190551682433,5.871039776155228,8,2025-10-24 10:00:00
UPS,United Parcel Service,86.0041,3.0286696925691867,5.9136305083085885,8,2025-10-24 12:00:00
UPS,United Parcel Service,82.9423,3.043586008872594,5.915803316736016,8,2025-10-24 14:00:00
UPS,United Parcel Service,83.2427,3.0180396007734456,5.931683610559267,8,2025-10-24 16:00:00
UPS,United Parcel Service,86.3293,2.9882672301401603,5.898661813915127,8,2025-10-24 18:00:00
UPS,United Parcel Service,90.1788,3.000097140343948,5.9562214666549025,8,2025-10-24 20:00:00
UPS,United Parcel Service,90.7017,2.975837842812687,5.945256262829481,8,2025-10-24 22:00:00
UPS,United Parcel Service,86.366,2.972735373448404,5.9410569509376066,8,2025-10-25 00:00:00
URI,United Rentals,932.5465,-0.022799998987466,0.0,1,2025-10-24 02:00:00
URI,United Rentals,938.2,-0.02262491077948866,0.0,1,2025-10-24 04:00:00
URI,United Rentals,934.1218,-0.022405913802141197,0.0,1,2025-10-24 06:00:00
URI,United Rentals,928.1922,-0.02230526203623702,0.0,1,2025-10-24 08:00:00
URI,United Rentals,930.7144,-0.022350562410472393,0.0,1,2025-10-24 10:00:00
URI,United Rentals,932.2546,-0.02230799069639272,0.0,1,2025-10-24 12:00:00
URI,United Rentals,932.1212,-0.022111091609401282,0.0,1,2025-10-24 14:00:00
URI,United Rentals,931.4688,-0.02203015396961251,0.0,1,2025-10-24 16:00:00
URI,United Rentals,927.8839,-0.02203115648774807,0.0,1,2025-10-24 18:00:00
URI,United Rentals,924.1611,-0.022069149123948206,0.0,1,2025-10-24 20:00:00
URI,United Rentals,928.7779,-0.022050316765208265,0.0,1,2025-10-24 22:00:00
URI,United Rentals,932.665,-0.02220919859010497,0.0,1,2025-10-25 00:00:00
USB,U.S. Bancorp,48.4419,7.293199896812439,1.387300044298172,2,2025-10-24 02:00:00
USB,U.S. Bancorp,48.4912,7.355235593079079,1.3855138096971473,2,2025-10-24 04:00:00
USB,U.S. Bancorp,48.4581,7.2930658270911435,1.3964046888660644,2,2025-10-24 06:00:00
USB,U.S. Bancorp,48.4044,7.361191751222081,1.3997060164545176,2,2025-10-24 08:00:00
USB,U.S. Bancorp,48.4347,7.32721430270068,1.4134273179836747,2,2025-10-24 10:00:00
USB,U.S. Bancorp,48.4347,7.337760556634431,1.4225937000878965,2,2025-10-24 12:00:00
USB,U.S. Bancorp,48.4347,7.31105320777049,1.417051426557397,2,2025-10-24 14:00:00
USB,U.S. Bancorp,48.4306,7.383363275469941,1.4197504236751277,2,2025-10-24 16:00:00
USB,U.S. Bancorp,48.4414,7.3404726756908705,1.4317606122045106,2,2025-10-24 18:00:00
USB,U.S. Bancorp,48.4581,7.315972231555788,1.4376954303345104,2,2025-10-24 20:00:00
USB,U.S. Bancorp,48.4164,7.385338654968058,1.4282405008921923,2,2025-10-24 22:00:00
USB,U.S. Bancorp,48.4229,7.450808387300814,1.4389562736168697,2,2025-10-25 00:00:00
V,Visa Inc.,346.6746,0.50900001078844,7.2342002391815186,8,2025-10-24 02:00:00
V,Visa Inc.,343.8558,0.5082591963112256,7.180841809481536,8,2025-10-24 04:00:00
V,Visa Inc.,343.3576,0.5046565483657283,7.165021287133862,8,2025-10-24 06:00:00
V,Visa Inc.,346.197,0.507653107437354,7.1195126429705065,8,2025-10-24 08:00:00
V,Visa Inc.,347.7472,0.5040592204472778,7.0544151237057555,8,2025-10-24 10:00:00
V,Visa Inc.,346.9955,0.5030158194640072,7.015301072721705,8,2025-10-24 12:00:00
V,Visa Inc.,345.8709,0.5062207967329807,7.021173619062325,8,2025-10-24 14:00:00
V,Visa Inc.,345.9868,0.5078973508391896,7.037435397379773,8,2025-10-24 16:00:00
V,Visa Inc.,344.2518,0.5119075164211262,7.055580737087062,8,2025-10-24 18:00:00
V,Visa Inc.,343.363,0.5105555976522717,7.037653927123597,8,2025-10-24 20:00:00
V,Visa Inc.,345.9809,0.5134364223090664,7.071798221460175,8,2025-10-24 22:00:00
V,Visa Inc.,347.5545,0.5132199700599589,7.140220778601338,8,2025-10-25 00:00:00
VICI,Vici Properties,32.1978,8.555799722671509,0.46519998461008005,2,2025-10-24 02:00:00
VICI,Vici Properties,32.3216,8.510788357413347,0.4638987152346338,2,2025-10-24 04:00:00
VICI,Vici Properties,32.4476,8.52564324309013,0.46050951805077533,2,2025-10-24 06:00:00
VICI,Vici Properties,32.4142,8.503330893774129,0.45653617228831217,2,2025-10-24 08:00:00
VICI,Vici Properties,32.3751,8.550224842556865,0.4600688138599793,2,2025-10-24 10:00:00
VICI,Vici Properties,32.3543,8.499654062137639,0.46238832153183473,2,2025-10-24 12:00:00
VICI,Vici Properties,32.3751,8.455102857214152,0.4592167637621358,2,2025-10-24 14:00:00
VICI,Vici Properties,32.3772,8.450288137401381,0.46179781949540877,2,2025-10-24 16:00:00
VICI,Vici Properties,32.4195,8.506585605678485,0.4578291356719494,2,2025-10-24 18:00:00
VICI,Vici Properties,32.4235,8.47624953313502,0.4621233616400554,2,2025-10-24 20:00:00
VICI,Vici Properties,32.3783,8.425906626653726,0.46121338169337656,2,2025-10-24 22:00:00
VICI,Vici Properties,32.357,8.411339650481413,0.45942223899742013,2,2025-10-25 00:00:00
VLO,Valero Energy,158.2707,0.33500000834465,0.35599999129772103,2,2025-10-24 02:00:00
VLO,Valero Energy,156.2583,0.3352692953699305,0.3546194169917546,2,2025-10-24 04:00:00
VLO,Valero Energy,158.4241,0.332654667241713,0.35354831205372783,2,2025-10-24 06:00:00
VLO,Valero Energy,159.6583,0.3351572930835354,0.3565310516150966,2,2025-10-24 08:00:00
VLO,Valero Energy,160.5641,0.33533405423081464,0.3547802938523976,2,2025-10-24 10:00:00
VLO,Valero Energy,160.2687,0.3361227850728591,0.35502933588837854,2,2025-10-24 12:00:00
VLO,Valero Energy,159.0044,0.3390464047875168,0.3550200662191424,2,2025-10-24 14:00:00
VLO,Valero Energy,158.4204,0.3401443015219199,0.35300222314787033,2,2025-10-24 16:00:00
VLO,Valero Energy,159.0511,0.3396071493940795,0.3513250027797638,2,2025-10-24 18:00:00
VLO,Valero Energy,159.8449,0.3387517585185597,0.354189769129546,2,2025-10-24 20:00:00
VLO,Valero Energy,159.3871,0.3384667498761734,0.3569670567364991,2,2025-10-24 22:00:00
VLO,Valero Energy,159.7133,0.3386928508261496,0.3587530790277795,2,2025-10-25 00:00:00
VLTO,Veralto,107.2646,8.95259976387024,0.135199995711445,2,2025-10-24 02:00:00
VLTO,Veralto,108.6842,8.8706608136456,0.13449350388316506,2,2025-10-24 04:00:00
VLTO,Veralto,108.8173,8.815792775465034,0.13450256745212816,2,2025-10-24 06:00:00
VLTO,Veralto,108.2924,8.81049457493647,0.13370168547502076,2,2025-10-24 08:00:00
VLTO,Veralto,107.8793,8.766339149544498,0.13320674234368024,2,2025-10-24 10:00:00
VLTO,Veralto,107.901,8.726695743678574,0.132951600039798,2,2025-10-24 12:00:00
VLTO,Veralto,108.092,8.756295940101248,0.13251963744052087,2,2025-10-24 14:00:00
VLTO,Veralto,108.2826,8.726537535202889,0.13200922534821424,2,2025-10-24 16:00:00
VLTO,Veralto,108.4371,8.68551168261714,0.1311783090058683,2,2025-10-24 18:00:00
VLTO,Veralto,108.4443,8.633029935556753,0.13175905285992437,2,2025-10-24 20:00:00
VLTO,Veralto,108.0061,8.716506120742741,0.13288111340182923,2,2025-10-24 22:00:00
VLTO,Veralto,107.9199,8.63629076828278,0.1335663595204748,2,2025-10-25 00:00:00
VMC,Vulcan Materials Company,287.0795,8.503199815750122,0.0,1,2025-10-24 02:00:00
VMC,Vulcan Materials Company,283.2379,8.552876986188261,0.0,1,2025-10-24 04:00:00
VMC,Vulcan Materials Company,285.4641,8.481904045992755,0.0,1,2025-10-24 06:00:00
VMC,Vulcan Materials Company,286.2604,8.551168971635741,0.0,1,2025-10-24 08:00:00
VMC,Vulcan Materials Company,285.1424,8.626899408210459,0.0,1,2025-10-24 10:00:00
VMC,Vulcan Materials Company,284.3255,8.704218595507133,0.0,1,2025-10-24 12:00:00
VMC,Vulcan Materials Company,284.4335,8.670283439366125,0.0,1,2025-10-24 14:00:00
VMC,Vulcan Materials Company,285.4617,8.755103804626202,0.0,1,2025-10-24 16:00:00
VMC,Vulcan Materials Company,285.7785,8.668101332022783,0.0,1,2025-10-24 18:00:00
VMC,Vulcan Materials Company,285.8665,8.645878284426503,0.0,1,2025-10-24 20:00:00
VMC,Vulcan Materials Company,285.2674,8.60785819393652,0.0,1,2025-10-24 22:00:00
VMC,Vulcan Materials Company,284.3422,8.578994891137157,0.0,1,2025-10-25 00:00:00
VRSK,Verisk Analytics,247.0699,8.981000185012817,0.0,1,2025-10-24 02:00:00
VRSK,Verisk Analytics,253.3226,9.030421139958849,0.0,1,2025-10-24 04:00:00
VRSK,Verisk Analytics,251.9919,8.972768326038539,0.0,1,2025-10-24 06:00:00
VRSK,Verisk Analytics,248.5125,9.01739877400786,0.0,1,2025-10-24 08:00:00
VRSK,Verisk Analytics,246.1269,9.047654362258502,0.0,1,2025-10-24 10:00:00
VRSK,Verisk Analytics,246.2617,9.110218096475098,0.0,1,2025-10-24 12:00:00
VRSK,Verisk Analytics,246.4603,9.02804663549882,0.0,1,2025-10-24 14:00:00
VRSK,Verisk Analytics,247.5575,8.969572557993164,0.0,1,2025-10-24 16:00:00
VRSK,Verisk Analytics,248.7194,8.975762406412471,0.0,1,2025-10-24 18:00:00
VRSK,Verisk Analytics,248.7194,8.895383333584968,0.0,1,2025-10-24 20:00:00
VRSK,Verisk Analytics,248.0675,8.876600292556846,0.0,1,2025-10-24 22:00:00
VRSK,Verisk Analytics,246.0808,8.964470661015671,0.0,1,2025-10-25 00:00:00
VRSN,Verisign,257.5442,1.709199994802475,7.96750009059906,4,2025-10-24 02:00:00
VRSN,Verisign,263.1023,1.7256768879749944,8.031588245231015,4,2025-10-24 04:00:00
VRSN,Verisign,260.9513,1.7398188099342937,8.070234847650168,4,2025-10-24 06:00:00
VRSN,Verisign,257.7304,1.7551969434291512,8.089618264689411,4,2025-10-24 08:00:00
VRSN,Verisign,258.0216,1.7584985077605957,8.064874506520082,4,2025-10-24 10:00:00
VRSN,Verisign,259.9976,1.7575991762489116,8.016461311128282,4,2025-10-24 12:00:00
VRSN,Verisign,260.3985,1.7484198618695364,7.954608330487172,4,2025-10-24 14:00:00
VRSN,Verisign,259.9956,1.7455361004840644,7.969654549971489,4,2025-10-24 16:00:00
VRSN,Verisign,258.3894,1.747621204656301,7.922027285156013,4,2025-10-24 18:00:00
VRSN,Verisign,257.4926,1.7590344502113924,7.949424121939171,4,2025-10-24 20:00:00
VRSN,Verisign,258.9265,1.7676145653166302,7.980884418305422,4,2025-10-24 22:00:00
VRSN,Verisign,260.2866,1.7543545698811487,7.92067698595909,4,2025-10-25 00:00:00
VRTX,Vertex Pharmaceuticals,428.6737,1.8100999295711508,6.616500020027161,3,2025-10-24 02:00:00
VRTX,Vertex Pharmaceuticals,433.0426,1.8088691834995159,6.647082731257051,3,2025-10-24 04:00:00
VRTX,Vertex Pharmaceuticals,433.6597,1.7913004783531632,6.649004269558654,3,2025-10-24 06:00:00
VRTX,Vertex Pharmaceuticals,430.0733,1.7768881157710095,6.671922168039204,3,2025-10-24 08:00:00
VRTX,Vertex Pharmaceuticals,428.559,1.788968279534443,6.63440480252502,3,2025-10-24 10:00:00
VRTX,Vertex Pharmaceuticals,429.4805,1.8016126176770078,6.639889880469079,3,2025-10-24 12:00:00
VRTX,Vertex Pharmaceuticals,430.9652,1.791628194185585,6.7054330624237615,3,2025-10-24 14:00:00
VRTX,Vertex Pharmaceuticals,430.9264,1.7963613165247772,6.705840846384685,3,2025-10-24 16:00:00
VRTX,Vertex Pharmaceuticals,430.3712,1.8082918631875533,6.755618690032373,3,2025-10-24 18:00:00
VRTX,Vertex Pharmaceuticals,430.1642,1.8220802665055849,6.740254871549284,3,2025-10-24 20:00:00
VRTX,Vertex Pharmaceuticals,429.9105,1.8052872501796051,6.710425122796836,3,2025-10-24 22:00:00
VRTX,Vertex Pharmaceuticals,429.6687,1.797290321620904,6.750335274785828,3,2025-10-25 00:00:00
VST,Vistra Corp.,245.1683,-1.227400004863739,8.867499828338623,3,2025-10-24 02:00:00
VST,Vistra Corp.,252.4568,-1.23005717520844,8.803208393054,3,2025-10-24 04:00:00
VST,Vistra Corp.,253.9634,-1.2413454422181405,8.738911972935485,3,2025-10-24 06:00:00
VST,Vistra Corp.,257.3225,-1.2423116129010134,8.722318401357184,3,2025-10-24 08:00:00
VST,Vistra Corp.,256.9815,-1.2419930474898604,8.739119224112452,3,2025-10-24 10:00:00
VST,Vistra Corp.,256.6077,-1.2447369046793968,8.727035128559589,3,2025-10-24 12:00:00
VST,Vistra Corp.,255.1512,-1.252329209220063,8.668314591820037,3,2025-10-24 14:00:00
VST,Vistra Corp.,254.6994,-1.2454542374704933,8.699231514132707,3,2025-10-24 16:00:00
VST,Vistra Corp.,255.9672,-1.2376587605758596,8.752151340528343,3,2025-10-24 18:00:00
VST,Vistra Corp.,256.217,-1.2332523944459275,8.775143200304733,3,2025-10-24 20:00:00
VST,Vistra Corp.,256.579,-1.2226763805995993,8.728832768278258,3,2025-10-24 22:00:00
VST,Vistra Corp.,255.2064,-1.2164165589780698,8.724708180712405,3,2025-10-25 00:00:00
VTR,Ventas,74.0685,7.488899827003479,0.0,1,2025-10-24 02:00:00
VTR,Ventas,74.8278,7.485211867192751,0.0,1,2025-10-24 04:00:00
VTR,Ventas,74.9428,7.492229442950882,0.0,1,2025-10-24 06:00:00
VTR,Ventas,74.8187,7.470039910531979,0.0,1,2025-10-24 08:00:00
VTR,Ventas,74.781,7.482740643420851,0.0,1,2025-10-24 10:00:00
VTR,Ventas,74.9032,7.5486057912915285,0.0,1,2025-10-24 12:00:00
VTR,Ventas,74.8631,7.549731754762393,0.0,1,2025-10-24 14:00:00
VTR,Ventas,74.786,7.625078202305345,0.0,1,2025-10-24 16:00:00
VTR,Ventas,74.9417,7.644470881579092,0.0,1,2025-10-24 18:00:00
VTR,Ventas,74.9699,7.644786513135792,0.0,1,2025-10-24 20:00:00
VTR,Ventas,74.8493,7.62308028943235,0.0,1,2025-10-24 22:00:00
VTR,Ventas,74.7926,7.657061473673321,0.0,1,2025-10-25 00:00:00
VTRS,Viatris,10.6671,8.339899778366089,0.872500017285347,2,2025-10-24 02:00:00
VTRS,Viatris,10.7278,8.349374847614783,0.863916553100723,2,2025-10-24 04:00:00
VTRS,Viatris,10.6784,8.313919818102661,0.8615567972443703,2,2025-10-24 06:00:00
VTRS,Viatris,10.6297,8.364303353257455,0.8644143622100166,2,2025-10-24 08:00:00
VTRS,Viatris,10.631,8.440375161739302,0.8625183683151761,2,2025-10-24 10:00:00
VTRS,Viatris,10.648,8.365982820965172,0.8694726764227086,2,2025-10-24 12:00:00
VTRS,Viatris,10.6622,8.384796872311872,0.8665011217417486,2,2025-10-24 14:00:00
VTRS,Viatris,10.6594,8.356693779291804,0.8671190392055933,2,2025-10-24 16:00:00
VTRS,Viatris,10.6547,8.408060991570386,0.8719539987756502,2,2025-10-24 18:00:00
VTRS,Viatris,10.6501,8.463672891146505,0.8676669312037557,2,2025-10-24 20:00:00
VTRS,Viatris,10.6498,8.454348200966187,0.8616826763024733,2,2025-10-24 22:00:00
VTRS,Viatris,10.6508,8.489930524557455,0.8672187829378969,2,2025-10-25 00:00:00
VZ,Verizon,40.2195,0.085199996829032,6.210200190544128,8,2025-10-24 02:00:00
VZ,Verizon,40.5993,0.08461485875181479,6.174805334142045,8,2025-10-24 04:00:00
VZ,Verizon,40.3734,0.08385467970582289,6.1674264272030745,8,2025-10-24 06:00:00
VZ,Verizon,40.3153,0.08335653747959511,6.158969827408114,8,2025-10-24 08:00:00
VZ,Verizon,40.338,0.0835937685602727,6.111438728549958,8,2025-10-24 10:00:00
VZ,Verizon,40.3638,0.08277321436490608,6.1021232270560555,8,2025-10-24 12:00:00
VZ,Verizon,40.3652,0.08262050763864108,6.148723738588051,8,2025-10-24 14:00:00
VZ,Verizon,40.3644,0.08206428040366127,6.154217543270451,8,2025-10-24 16:00:00
VZ,Verizon,40.3674,0.08158099980718868,6.193321766303314,8,2025-10-24 18:00:00
VZ,Verizon,40.3884,0.08190673114943277,6.135511898629272,8,2025-10-24 20:00:00
VZ,Verizon,40.3601,0.08203197396458393,6.0939511891235885,8,2025-10-24 22:00:00
VZ,Verizon,40.362,0.08276734449377478,6.076036200988542,8,2025-10-25 00:00:00
WAB,Wabtec,202.3954,-4.542100131511688,6.703299880027771,2,2025-10-24 02:00:00
WAB,Wabtec,206.2332,-4.5464016063306145,6.636611974621075,2,2025-10-24 04:00:00
WAB,Wabtec,206.3969,-4.555716295699656,6.599834206223922,2,2025-10-24 06:00:00
WAB,Wabtec,204.2745,-4.578532162303385,6.626885023254431,2,2025-10-24 08:00:00
WAB,Wabtec,203.0447,-4.536245655096823,6.647346919447565,2,2025-10-24 10:00:00
WAB,Wabtec,203.9987,-4.522853227839241,6.581274928829618,2,2025-10-24 12:00:00
WAB,Wabtec,204.1914,-4.51865991367321,6.582361196475435,2,2025-10-24 14:00:00
WAB,Wabtec,204.1834,-4.496261353525043,6.639181844429167,2,2025-10-24 16:00:00
WAB,Wabtec,204.6954,-4.4808260503157005,6.622241042606468,2,2025-10-24 18:00:00
WAB,Wabtec,204.4975,-4.448747736657477,6.619842290118391,2,2025-10-24 20:00:00
WAB,Wabtec,204.1994,-4.409675903508397,6.561109935615039,2,2025-10-24 22:00:00
WAB,Wabtec,204.1516,-4.369715397173816,6.558769540079288,2,2025-10-25 00:00:00
WAT,Waters Corporation,352.3034,9.057700037956238,0.0,1,2025-10-24 02:00:00
WAT,Waters Corporation,348.1457,9.108565937040618,0.0,1,2025-10-24 04:00:00
WAT,Waters Corporation,349.6721,9.088442629369569,0.0,1,2025-10-24 06:00:00
WAT,Waters Corporation,350.6982,9.000270369061843,0.0,1,2025-10-24 08:00:00
WAT,Waters Corporation,352.4905,9.08034195469116,0.0,1,2025-10-24 10:00:00
WAT,Waters Corporation,352.5798,8.991151802894738,0.0,1,2025-10-24 12:00:00
WAT,Waters Corporation,352.3837,8.943619717919146,0.0,1,2025-10-24 14:00:00
WAT,Waters Corporation,349.5139,8.870590297401739,0.0,1,2025-10-24 16:00:00
WAT,Waters Corporation,350.3404,8.910616533159333,0.0,1,2025-10-24 18:00:00
WAT,Waters Corporation,351.8803,8.95118477031764,0.0,1,2025-10-24 20:00:00
WAT,Waters Corporation,350.2133,8.972316832054464,0.0,1,2025-10-24 22:00:00
WAT,Waters Corporation,351.6824,8.983726634953937,0.0,1,2025-10-25 00:00:00
WBD,Warner Bros. Discovery,14.5782,7.3719000816345215,0.0,1,2025-10-24 02:00:00
WBD,Warner Bros. Discovery,13.5901,7.332503797947854,0.0,1,2025-10-24 04:00:00
WBD,Warner Bros. Discovery,13.3497,7.3927877046792405,0.0,1,2025-10-24 06:00:00
WBD,Warner Bros. Discovery,13.2652,7.3262371557718,0.0,1,2025-10-24 08:00:00
WBD,Warner Bros. Discovery,13.5893,7.279188132475815,0.0,1,2025-10-24 10:00:00
WBD,Warner Bros. Discovery,13.797,7.242200872504384,0.0,1,2025-10-24 12:00:00
WBD,Warner Bros. Discovery,13.8411,7.208098525969642,0.0,1,2025-10-24 14:00:00
WBD,Warner Bros. Discovery,13.6763,7.222201045296504,0.0,1,2025-10-24 16:00:00
WBD,Warner Bros. Discovery,13.4518,7.228856604872466,0.0,1,2025-10-24 18:00:00
WBD,Warner Bros. Discovery,13.3098,7.200491422675763,0.0,1,2025-10-24 20:00:00
WBD,Warner Bros. Discovery,13.4146,7.236102246798625,0.0,1,2025-10-24 22:00:00
WBD,Warner Bros. Discovery,13.7937,7.167291548558335,0.0,1,2025-10-25 00:00:00
WDAY,"Workday, Inc.",240.924,4.585700035095215,0.0,1,2025-10-24 02:00:00
WDAY,"Workday, Inc.",239.3434,4.625442445480051,0.0,1,2025-10-24 04:00:00
WDAY,"Workday, Inc.",239.0968,4.651583679650316,0.0,1,2025-10-24 06:00:00
WDAY,"Workday, Inc.",240.0977,4.69432792328574,0.0,1,2025-10-24 08:00:00
WDAY,"Workday, Inc.",240.6932,4.685163138075392,0.0,1,2025-10-24 10:00:00
WDAY,"Workday, Inc.",240.5933,4.673851370077946,0.0,1,2025-10-24 12:00:00
WDAY,"Workday, Inc.",240.4251,4.636157642257168,0.0,1,2025-10-24 14:00:00
WDAY,"Workday, Inc.",240.7842,4.630197088882245,0.0,1,2025-10-24 16:00:00
WDAY,"Workday, Inc.",240.2036,4.587934060503501,0.0,1,2025-10-24 18:00:00
WDAY,"Workday, Inc.",239.7855,4.612778251217092,0.0,1,2025-10-24 20:00:00
WDAY,"Workday, Inc.",240.2045,4.6495762014603494,0.0,1,2025-10-24 22:00:00
WDAY,"Workday, Inc.",240.659,4.683910182734852,0.0,1,2025-10-25 00:00:00
WDC,Western Digital,116.3686,6.239799857139587,2.531400024890899,2,2025-10-24 02:00:00
WDC,Western Digital,107.1706,6.209937721008272,2.5110206985557535,2,2025-10-24 04:00:00
WDC,Western Digital,106.5162,6.271429484130412,2.5104045523640743,2,2025-10-24 06:00:00
WDC,Western Digital,116.3859,6.278460758486577,2.4952842464639153,2,2025-10-24 08:00:00
WDC,Western Digital,116.3797,6.32091780936152,2.470948123944688,2,2025-10-24 10:00:00
WDC,Western Digital,117.3993,6.353662121936359,2.4596129259461974,2,2025-10-24 12:00:00
WDC,Western Digital,118.2685,6.367232459303945,2.4764845949291105,2,2025-10-24 14:00:00
WDC,Western Digital,118.0995,6.397590927678061,2.4624548088384524,2,2025-10-24 16:00:00
WDC,Western Digital,118.0688,6.439758523256944,2.477374779704092,2,2025-10-24 18:00:00
WDC,Western Digital,117.8355,6.477238547828887,2.4710259587735535,2,2025-10-24 20:00:00
WDC,Western Digital,117.7519,6.430505172519463,2.479449673141889,2,2025-10-24 22:00:00
WDC,Western Digital,117.8121,6.478155851192666,2.501751949414791,2,2025-10-25 00:00:00
WEC,WEC Energy Group,117.1298,2.66510009765625,5.288599729537964,3,2025-10-24 02:00:00
WEC,WEC Energy Group,118.4545,2.655373677959209,5.291478574150904,3,2025-10-24 04:00:00
WEC,WEC Energy Group,118.3787,2.6683998488586544,5.310075497618774,3,2025-10-24 06:00:00
WEC,WEC Energy Group,117.1341,2.6755668225686535,5.274996934221238,3,2025-10-24 08:00:00
WEC,WEC Energy Group,116.2913,2.6747062049670083,5.226830624524334,3,2025-10-24 10:00:00
WEC,WEC Energy Group,116.7024,2.6962924564993123,5.236671957765515,3,2025-10-24 12:00:00
WEC,WEC Energy Group,117.514,2.6883658151496084,5.200620445757989,3,2025-10-24 14:00:00
WEC,WEC Energy Group,117.6298,2.687959354540789,5.159849435617809,3,2025-10-24 16:00:00
WEC,WEC Energy Group,117.4151,2.668035243351562,5.181578530268956,3,2025-10-24 18:00:00
WEC,WEC Energy Group,117.2901,2.683734609955213,5.178080150660797,3,2025-10-24 20:00:00
WEC,WEC Energy Group,117.1385,2.705671986997895,5.165468260533511,3,2025-10-24 22:00:00
WEC,WEC Energy Group,116.9189,2.7171889778854896,5.141036106877406,3,2025-10-25 00:00:00
WELL,Welltower,187.9996,8.85670006275177,0.0,1,2025-10-24 02:00:00
WELL,Welltower,190.0639,8.872624940217225,0.0,1,2025-10-24 04:00:00
WELL,Welltower,187.0412,8.866760200935241,0.0,1,2025-10-24 06:00:00
WELL,Welltower,185.2655,8.850525979317453,0.0,1,2025-10-24 08:00:00
WELL,Welltower,186.3734,8.812537227224812,0.0,1,2025-10-24 10:00:00
WELL,Welltower,187.9192,8.761817681890554,0.0,1,2025-10-24 12:00:00
WELL,Welltower,188.2859,8.84032706208962,0.0,1,2025-10-24 14:00:00
WELL,Welltower,188.0457,8.802115745651397,0.0,1,2025-10-24 16:00:00
WELL,Welltower,188.4017,8.880593425059365,0.0,1,2025-10-24 18:00:00
WELL,Welltower,188.5743,8.876885571638189,0.0,1,2025-10-24 20:00:00
WELL,Welltower,188.0256,8.817390468367714,0.0,1,2025-10-24 22:00:00
WELL,Welltower,187.9753,8.74442559751004,0.0,1,2025-10-25 00:00:00
WFC,Wells Fargo,87.5629,2.3543000221252437,9.725000262260435,3,2025-10-24 02:00:00
WFC,Wells Fargo,88.0364,2.373543197163624,9.809897613689184,3,2025-10-24 04:00:00
WFC,Wells Fargo,88.2868,2.3815280563320966,9.853891211365296,3,2025-10-24 06:00:00
WFC,Wells Fargo,87.4784,2.3616440476335487,9.900014351917036,3,2025-10-24 08:00:00
WFC,Wells Fargo,87.4434,2.342830750736116,9.860372167780227,3,2025-10-24 10:00:00
WFC,Wells Fargo,88.1206,2.3214783929176988,9.782365479817498,3,2025-10-24 12:00:00
WFC,Wells Fargo,88.3212,2.3440201085008816,9.69761034313616,3,2025-10-24 14:00:00
WFC,Wells Fargo,88.425,2.3352544941467026,9.682578625454799,3,2025-10-24 16:00:00
WFC,Wells Fargo,88.3599,2.3467595459686876,9.627686430850328,3,2025-10-24 18:00:00
WFC,Wells Fargo,88.173,2.363070485572555,9.575218270405985,3,2025-10-24 20:00:00
WFC,Wells Fargo,87.0146,2.3528053169337255,9.585150013784611,3,2025-10-24 22:00:00
WFC,Wells Fargo,86.8227,2.356307628090721,9.530697062343563,3,2025-10-25 00:00:00
WM,Waste Management,216.9659,-3.901500105857849,0.0,1,2025-10-24 02:00:00
WM,Waste Management,218.9491,-3.912402385385649,0.0,1,2025-10-24 04:00:00
WM,Waste Management,218.6386,-3.874402432840271,0.0,1,2025-10-24 06:00:00
WM,Waste Management,217.5312,-3.9120155748531444,0.0,1,2025-10-24 08:00:00
WM,Waste Management,217.0592,-3.903101255244239,0.0,1,2025-10-24 10:00:00
WM,Waste Management,216.0331,-3.8871436418369165,0.0,1,2025-10-24 12:00:00
WM,Waste Management,217.3395,-3.9206438595185333,0.0,1,2025-10-24 14:00:00
WM,Waste Management,217.8879,-3.88585491633509,0.0,1,2025-10-24 16:00:00
WM,Waste Management,217.9375,-3.892353692624719,0.0,1,2025-10-24 18:00:00
WM,Waste Management,217.2717,-3.855205477177757,0.0,1,2025-10-24 20:00:00
WM,Waste Management,217.1439,-3.8831117423664887,0.0,1,2025-10-24 22:00:00
WM,Waste Management,217.1939,-3.866233992102206,0.0,1,2025-10-25 00:00:00
WMB,Williams Companies,60.6183,1.8528999388217922,0.0,1,2025-10-24 02:00:00
WMB,Williams Companies,64.1256,1.8664529934862923,0.0,1,2025-10-24 04:00:00
WMB,Williams Companies,64.6584,1.8609107902082982,0.0,1,2025-10-24 06:00:00
WMB,Williams Companies,64.0776,1.8679522084167628,0.0,1,2025-10-24 08:00:00
WMB,Williams Companies,63.844,1.8797236467298428,0.0,1,2025-10-24 10:00:00
WMB,Williams Companies,64.0514,1.8815304972890605,0.0,1,2025-10-24 12:00:00
WMB,Williams Companies,64.172,1.869184570550363,0.0,1,2025-10-24 14:00:00
WMB,Williams Companies,64.2081,1.8796729133655463,0.0,1,2025-10-24 16:00:00
WMB,Williams Companies,64.5791,1.8743129008867054,0.0,1,2025-10-24 18:00:00
WMB,Williams Companies,64.7215,1.8586312314765754,0.0,1,2025-10-24 20:00:00
WMB,Williams Companies,64.2111,1.8441092534260841,0.0,1,2025-10-24 22:00:00
WMB,Williams Companies,63.7821,1.8557519528973907,0.0,1,2025-10-25 00:00:00
WMT,Walmart,112.5,2.186899930238723,3.959699869155884,3,2025-10-24 02:00:00
WMT,Walmart,114.5343,2.1752089360865408,3.9521647555585493,3,2025-10-24 04:00:00
WMT,Walmart,113.8646,2.175235695107008,3.9505207904300677,3,2025-10-24 06:00:00
WMT,Walmart,113.366,2.1594424361844005,3.9207793188565137,3,2025-10-24 08:00:00
WMT,Walmart,113.1031,2.155364060707394,3.9544871236624783,3,2025-10-24 10:00:00
WMT,Walmart,113.4604,2.1495877652451196,3.9773835363920047,3,2025-10-24 12:00:00
WMT,Walmart,113.7257,2.1545126014045533,3.981468094383716,3,2025-10-24 14:00:00
WMT,Walmart,113.6347,2.149026865096897,3.9705318915817487,3,2025-10-24 16:00:00
WMT,Walmart,113.7654,2.1439548061603464,3.9312886635890463,3,2025-10-24 18:00:00
WMT,Walmart,113.7829,2.134745288293362,3.966888345588629,3,2025-10-24 20:00:00
WMT,Walmart,113.632,2.142316317746662,3.9314731467704815,3,2025-10-24 22:00:00
WMT,Walmart,113.484,2.1612875594583882,3.9634119408853703,3,2025-10-25 00:00:00
WRB,W. R. Berkley Corporation,76.3587,-0.148999998345971,12.965500354766846,2,2025-10-24 02:00:00
WRB,W. R. Berkley Corporation,77.8494,-0.14831482753011857,12.9725316949969,2,2025-10-24 04:00:00
WRB,W. R. Berkley Corporation,78.0892,-0.14789286272092328,13.075490693484598,2,2025-10-24 06:00:00
WRB,W. R. Berkley Corporation,77.2997,-0.14881796635111666,13.024708759277821,2,2025-10-24 08:00:00
WRB,W. R. Berkley Corporation,77.1238,-0.14741803019387925,13.149743096387883,2,2025-10-24 10:00:00
WRB,W. R. Berkley Corporation,77.2518,-0.147760101059452,13.086721087707904,2,2025-10-24 12:00:00
WRB,W. R. Berkley Corporation,77.876,-0.1481279231638203,13.022256669024214,2,2025-10-24 14:00:00
WRB,W. R. Berkley Corporation,77.4606,-0.14833193354927385,13.01985391314339,2,2025-10-24 16:00:00
WRB,W. R. Berkley Corporation,77.715,-0.14873586640733633,13.103876192137077,2,2025-10-24 18:00:00
WRB,W. R. Berkley Corporation,78.1576,-0.15020684693829006,13.055113125187766,2,2025-10-24 20:00:00
WRB,W. R. Berkley Corporation,77.8232,-0.15116076947916443,13.058273968354937,2,2025-10-24 22:00:00
WRB,W. R. Berkley Corporation,77.5881,-0.15069583452703111,13.093687124425088,2,2025-10-25 00:00:00
WSM,"Williams-Sonoma, Inc.",202.782,8.052700161933899,0.0,1,2025-10-24 02:00:00
WSM,"Williams-Sonoma, Inc.",209.0018,8.13280856564449,0.0,1,2025-10-24 04:00:00
WSM,"Williams-Sonoma, Inc.",207.7526,8.099239413881204,0.0,1,2025-10-24 06:00:00
WSM,"Williams-Sonoma, Inc.",206.363,8.095509877390556,0.0,1,2025-10-24 08:00:00
WSM,"Williams-Sonoma, Inc.",205.3569,8.09808821532446,0.0,1,2025-10-24 10:00:00
WSM,"Williams-Sonoma, Inc.",205.6879,8.028829408065238,0.0,1,2025-10-24 12:00:00
WSM,"Williams-Sonoma, Inc.",207.7881,8.069433468952676,0.0,1,2025-10-24 14:00:00
WSM,"Williams-Sonoma, Inc.",208.6219,8.096894773993611,0.0,1,2025-10-24 16:00:00
WSM,"Williams-Sonoma, Inc.",208.5644,8.067442934860606,0.0,1,2025-10-24 18:00:00
WSM,"Williams-Sonoma, Inc.",208.212,8.014457023480734,0.0,1,2025-10-24 20:00:00
WSM,"Williams-Sonoma, Inc.",207.4059,7.983556427782134,0.0,1,2025-10-24 22:00:00
WSM,"Williams-Sonoma, Inc.",205.1312,8.021655761583427,0.0,1,2025-10-25 00:00:00
WST,West Pharmaceutical Services,278.0949,-0.815099999308586,11.222800016403198,2,2025-10-24 02:00:00
WST,West Pharmaceutical Services,269.9945,-0.819163568157321,11.272889903791409,2,2025-10-24 04:00:00
WST,West Pharmaceutical Services,273.2295,-0.816756242746648,11.28805052925193,2,2025-10-24 06:00:00
WST,West Pharmaceutical Services,285.485,-0.8203010863459128,11.231124755123583,2,2025-10-24 08:00:00
WST,West Pharmaceutical Services,288.2122,-0.8132245524321381,11.13699915203037,2,2025-10-24 10:00:00
WST,West Pharmaceutical Services,284.7149,-0.8189581341312443,11.126421400992054,2,2025-10-24 12:00:00
WST,West Pharmaceutical Services,279.159,-0.8163838067734536,11.122053847169887,2,2025-10-24 14:00:00
WST,West Pharmaceutical Services,278.6629,-0.810536563267262,11.142366414150654,2,2025-10-24 16:00:00
WST,West Pharmaceutical Services,279.5532,-0.8036347769038084,11.202365069063783,2,2025-10-24 18:00:00
WST,West Pharmaceutical Services,280.4924,-0.7998494114351412,11.286415158823623,2,2025-10-24 20:00:00
WST,West Pharmaceutical Services,282.76,-0.7975648116232076,11.367092451303213,2,2025-10-24 22:00:00
WST,West Pharmaceutical Services,283.4699,-0.789872752958385,11.41030386174429,2,2025-10-25 00:00:00
WTW,Willis Towers Watson,337.7497,2.141399979591369,0.0,1,2025-10-24 02:00:00
WTW,Willis Towers Watson,344.0247,2.120142171316921,0.0,1,2025-10-24 04:00:00
WTW,Willis Towers Watson,343.8413,2.120271776708733,0.0,1,2025-10-24 06:00:00
WTW,Willis Towers Watson,340.4672,2.099707607659669,0.0,1,2025-10-24 08:00:00
WTW,Willis Towers Watson,338.8207,2.086484599424193,0.0,1,2025-10-24 10:00:00
WTW,Willis Towers Watson,340.0408,2.0964547363600343,0.0,1,2025-10-24 12:00:00
WTW,Willis Towers Watson,340.0568,2.11045921335689,0.0,1,2025-10-24 14:00:00
WTW,Willis Towers Watson,339.6544,2.0915906987217006,0.0,1,2025-10-24 16:00:00
WTW,Willis Towers Watson,340.0519,2.0772641964540925,0.0,1,2025-10-24 18:00:00
WTW,Willis Towers Watson,340.3329,2.0668450657529025,0.0,1,2025-10-24 20:00:00
WTW,Willis Towers Watson,339.6975,2.046311695508617,0.0,1,2025-10-24 22:00:00
WTW,Willis Towers Watson,339.4545,2.044833354831947,0.0,1,2025-10-25 00:00:00
WY,Weyerhaeuser,26.256,0.10820000432431601,0.0,1,2025-10-24 02:00:00
WY,Weyerhaeuser,27.4226,0.1089394983823397,0.0,1,2025-10-24 04:00:00
WY,Weyerhaeuser,26.9559,0.10959298061395893,0.0,1,2025-10-24 06:00:00
WY,Weyerhaeuser,26.3515,0.10857181156538516,0.0,1,2025-10-24 08:00:00
WY,Weyerhaeuser,26.3053,0.10871084608309292,0.0,1,2025-10-24 10:00:00
WY,Weyerhaeuser,26.35,0.10894310198530488,0.0,1,2025-10-24 12:00:00
WY,Weyerhaeuser,26.4297,0.10790955422176801,0.0,1,2025-10-24 14:00:00
WY,Weyerhaeuser,26.4301,0.10870503998748825,0.0,1,2025-10-24 16:00:00
WY,Weyerhaeuser,26.5877,0.10812564404009309,0.0,1,2025-10-24 18:00:00
WY,Weyerhaeuser,26.6781,0.10743355716321198,0.0,1,2025-10-24 20:00:00
WY,Weyerhaeuser,26.4653,0.10699151748576363,0.0,1,2025-10-24 22:00:00
WY,Weyerhaeuser,26.2884,0.10671442371595354,0.0,1,2025-10-25 00:00:00
WYNN,Wynn Resorts,119.3779,-4.777300059795379,0.0,1,2025-10-24 02:00:00
WYNN,Wynn Resorts,115.9112,-4.816367868248301,0.0,1,2025-10-24 04:00:00
WYNN,Wynn Resorts,116.7008,-4.850736012304079,0.0,1,2025-10-24 06:00:00
WYNN,Wynn Resorts,119.553,-4.894048040925684,0.0,1,2025-10-24 08:00:00
WYNN,Wynn Resorts,119.7025,-4.8837145717858315,0.0,1,2025-10-24 10:00:00
WYNN,Wynn Resorts,119.2265,-4.918994632915449,0.0,1,2025-10-24 12:00:00
WYNN,Wynn Resorts,119.1784,-4.9524662740552925,0.0,1,2025-10-24 14:00:00
WYNN,Wynn Resorts,119.35,-4.906012778292972,0.0,1,2025-10-24 16:00:00
WYNN,Wynn Resorts,119.5347,-4.8769960485005655,0.0,1,2025-10-24 18:00:00
WYNN,Wynn Resorts,119.5393,-4.883033746239696,0.0,1,2025-10-24 20:00:00
WYNN,Wynn Resorts,119.3061,-4.900929561801881,0.0,1,2025-10-24 22:00:00
WYNN,Wynn Resorts,119.3056,-4.891325211775418,0.0,1,2025-10-25 00:00:00
XEL,Xcel Energy,79.0209,8.789499998092651,0.0,1,2025-10-24 02:00:00
XEL,Xcel Energy,77.5501,8.723416173486482,0.0,1,2025-10-24 04:00:00
XEL,Xcel Energy,77.3471,8.708438083850881,0.0,1,2025-10-24 06:00:00
XEL,Xcel Energy,78.8313,8.791298997890475,0.0,1,2025-10-24 08:00:00
XEL,Xcel Energy,79.3966,8.768894781347596,0.0,1,2025-10-24 10:00:00
XEL,Xcel Energy,79.3005,8.817492623931557,0.0,1,2025-10-24 12:00:00
XEL,Xcel Energy,78.7932,8.858117656252022,0.0,1,2025-10-24 14:00:00
XEL,Xcel Energy,78.6296,8.901409612254954,0.0,1,2025-10-24 16:00:00
XEL,Xcel Energy,78.9554,8.834022754740726,0.0,1,2025-10-24 18:00:00
XEL,Xcel Energy,79.233,8.829277979643818,0.0,1,2025-10-24 20:00:00
XEL,Xcel Energy,79.0533,8.803387422720755,0.0,1,2025-10-24 22:00:00
XEL,Xcel Energy,78.7812,8.877884310154665,0.0,1,2025-10-25 00:00:00
XOM,ExxonMobil,114.0896,8.673400282859802,0.30939999967813403,3,2025-10-24 02:00:00
XOM,ExxonMobil,113.9282,8.736762030801266,0.31072018969209514,3,2025-10-24 04:00:00
XOM,ExxonMobil,114.0827,8.714612563246614,0.31313217809863986,3,2025-10-24 06:00:00
XOM,ExxonMobil,114.1053,8.732397110528888,0.31547555051849735,3,2025-10-24 08:00:00
XOM,ExxonMobil,114.0991,8.742575351062834,0.3172477425800356,3,2025-10-24 10:00:00
XOM,ExxonMobil,114.0991,8.68403116648931,0.3199996343534324,3,2025-10-24 12:00:00
XOM,ExxonMobil,114.0779,8.670233037970895,0.3178238149059789,3,2025-10-24 14:00:00
XOM,ExxonMobil,114.0996,8.742557548713458,0.31471117956830125,3,2025-10-24 16:00:00
XOM,ExxonMobil,114.1108,8.730182872885418,0.3118242276995726,3,2025-10-24 18:00:00
XOM,ExxonMobil,114.1206,8.794158172024595,0.30928005526716784,3,2025-10-24 20:00:00
XOM,ExxonMobil,114.0887,8.85914325839348,0.3081939252500272,3,2025-10-24 22:00:00
XOM,ExxonMobil,114.0894,8.941981581274204,0.3077813191444324,3,2025-10-25 00:00:00
XYL,Xylem Inc.,143.994,7.787600159645081,0.0,1,2025-10-24 02:00:00
XYL,Xylem Inc.,141.8665,7.7961313552108855,0.0,1,2025-10-24 04:00:00
XYL,Xylem Inc.,142.6582,7.723298781060071,0.0,1,2025-10-24 06:00:00
XYL,Xylem Inc.,143.7548,7.7853937357878396,0.0,1,2025-10-24 08:00:00
XYL,Xylem Inc.,143.8976,7.740962914603393,0.0,1,2025-10-24 10:00:00
XYL,Xylem Inc.,143.3206,7.805588473183095,0.0,1,2025-10-24 12:00:00
XYL,Xylem Inc.,143.2822,7.873406155149537,0.0,1,2025-10-24 14:00:00
XYL,Xylem Inc.,143.4768,7.83638164848541,0.0,1,2025-10-24 16:00:00
XYL,Xylem Inc.,143.5289,7.801254283072264,0.0,1,2025-10-24 18:00:00
XYL,Xylem Inc.,143.5375,7.820346076315915,0.0,1,2025-10-24 20:00:00
XYL,Xylem Inc.,143.4861,7.838411777491151,0.0,1,2025-10-24 22:00:00
XYL,Xylem Inc.,143.4996,7.914155185781946,0.0,1,2025-10-25 00:00:00
XYZ,"Block, Inc.",80.41,0.101800002157688,0.0,1,2025-10-24 02:00:00
XYZ,"Block, Inc.",80.6972,0.10221931244918352,0.0,1,2025-10-24 04:00:00
XYZ,"Block, Inc.",80.2565,0.1023336332222617,0.0,1,2025-10-24 06:00:00
XYZ,"Block, Inc.",79.2188,0.10216239744199608,0.0,1,2025-10-24 08:00:00
XYZ,"Block, Inc.",79.4951,0.10255024170037857,0.0,1,2025-10-24 10:00:00
XYZ,"Block, Inc.",80.1804,0.10329894555617922,0.0,1,2025-10-24 12:00:00
XYZ,"Block, Inc.",80.5035,0.10277661895866344,0.0,1,2025-10-24 14:00:00
XYZ,"Block, Inc.",80.2259,0.10290863340825017,0.0,1,2025-10-24 16:00:00
XYZ,"Block, Inc.",80.0493,0.10295147267766953,0.0,1,2025-10-24 18:00:00
XYZ,"Block, Inc.",80.1851,0.10326351442968792,0.0,1,2025-10-24 20:00:00
XYZ,"Block, Inc.",79.3966,0.10396229127810891,0.0,1,2025-10-24 22:00:00
XYZ,"Block, Inc.",79.7384,0.10449449166939552,0.0,1,2025-10-25 00:00:00
YUM,Yum! Brands,142.3057,7.456300258636475,2.384900003671646,3,2025-10-24 02:00:00
YUM,Yum! Brands,142.4373,7.449122503375601,2.3983374761039986,3,2025-10-24 04:00:00
YUM,Yum! Brands,142.4131,7.444292616530377,2.384324228821657,3,2025-10-24 06:00:00
YUM,Yum! Brands,142.4906,7.4463125919409014,2.4042161663636867,3,2025-10-24 08:00:00
YUM,Yum! Brands,142.5274,7.479786086855896,2.3936785186750544,3,2025-10-24 10:00:00
YUM,Yum! Brands,142.5188,7.4386152847127125,2.3820430772886505,3,2025-10-24 12:00:00
YUM,Yum! Brands,142.5188,7.435420466774547,2.35976712863462,3,2025-10-24 14:00:00
YUM,Yum! Brands,142.6047,7.439755612966066,2.3438507563719386,3,2025-10-24 16:00:00
YUM,Yum! Brands,142.249,7.471796217785676,2.33595602923678,3,2025-10-24 18:00:00
YUM,Yum! Brands,142.2306,7.492565599073961,2.3228093422084166,3,2025-10-24 20:00:00
YUM,Yum! Brands,142.53,7.486798007835498,2.3303614007888513,3,2025-10-24 22:00:00
YUM,Yum! Brands,142.6168,7.45563947853181,2.341876032913366,3,2025-10-25 00:00:00
ZBH,Zimmer Biomet,101.4168,-5.030900239944458,0.0,1,2025-10-24 02:00:00
ZBH,Zimmer Biomet,100.5124,-4.993150036960117,0.0,1,2025-10-24 04:00:00
ZBH,Zimmer Biomet,100.6483,-4.9435078572806965,0.0,1,2025-10-24 06:00:00
ZBH,Zimmer Biomet,101.1675,-4.923455077549797,0.0,1,2025-10-24 08:00:00
ZBH,Zimmer Biomet,101.3204,-4.906301468068896,0.0,1,2025-10-24 10:00:00
ZBH,Zimmer Biomet,101.2402,-4.884907578145517,0.0,1,2025-10-24 12:00:00
ZBH,Zimmer Biomet,101.1419,-4.848573948491521,0.0,1,2025-10-24 14:00:00
ZBH,Zimmer Biomet,101.0606,-4.887214262602183,0.0,1,2025-10-24 16:00:00
ZBH,Zimmer Biomet,100.9913,-4.911911271144838,0.0,1,2025-10-24 18:00:00
ZBH,Zimmer Biomet,100.9913,-4.925654821328154,0.0,1,2025-10-24 20:00:00
ZBH,Zimmer Biomet,101.1541,-4.889186276750567,0.0,1,2025-10-24 22:00:00
ZBH,Zimmer Biomet,101.2369,-4.893112585717211,0.0,1,2025-10-25 00:00:00
ZBRA,Zebra Technologies,332.6492,0.7259000092744821,0.0,1,2025-10-24 02:00:00
ZBRA,Zebra Technologies,346.4532,0.7202291269279442,0.0,1,2025-10-24 04:00:00
ZBRA,Zebra Technologies,343.6949,0.7179883074563881,0.0,1,2025-10-24 06:00:00
ZBRA,Zebra Technologies,337.1643,0.7210503717249472,0.0,1,2025-10-24 08:00:00
ZBRA,Zebra Technologies,332.8043,0.7194278279345411,0.0,1,2025-10-24 10:00:00
ZBRA,Zebra Technologies,335.6878,0.7205969306421868,0.0,1,2025-10-24 12:00:00
ZBRA,Zebra Technologies,339.9457,0.7153830289037821,0.0,1,2025-10-24 14:00:00
ZBRA,Zebra Technologies,341.5419,0.7120043617423032,0.0,1,2025-10-24 16:00:00
ZBRA,Zebra Technologies,340.0972,0.7140209792340901,0.0,1,2025-10-24 18:00:00
ZBRA,Zebra Technologies,337.3604,0.7152107914754282,0.0,1,2025-10-24 20:00:00
ZBRA,Zebra Technologies,335.9918,0.7128223631858586,0.0,1,2025-10-24 22:00:00
ZBRA,Zebra Technologies,337.1717,0.7083235656018482,0.0,1,2025-10-25 00:00:00
ZTS,Zoetis,154.7848,0.67610003054142,0.0,1,2025-10-24 02:00:00
ZTS,Zoetis,158.5787,0.6742091679793255,0.0,1,2025-10-24 04:00:00
ZTS,Zoetis,157.3616,0.6779659969063737,0.0,1,2025-10-24 06:00:00
ZTS,Zoetis,155.6319,0.6776079880768744,0.0,1,2025-10-24 08:00:00
ZTS,Zoetis,155.3109,0.6782657009088915,0.0,1,2025-10-24 10:00:00
ZTS,Zoetis,155.8969,0.6759459262220022,0.0,1,2025-10-24 12:00:00
ZTS,Zoetis,156.2449,0.6786501886206444,0.0,1,2025-10-24 14:00:00
ZTS,Zoetis,156.0455,0.6760400648474103,0.0,1,2025-10-24 16:00:00
ZTS,Zoetis,156.0634,0.6788329477640949,0.0,1,2025-10-24 18:00:00
ZTS,Zoetis,156.1414,0.6734965683752564,0.0,1,2025-10-24 20:00:00
ZTS,Zoetis,156.0606,0.6689919545861941,0.0,1,2025-10-24 22:00:00
ZTS,Zoetis,156.0407,0.6633202158463377,0.0,1,2025-10-25 00:00:00
