Ticker,Company,Predicted_Price,Sentiment_Mean_Scaled,Sentiment_Std_Scaled,Count,Date
A,Agilent Technologies,142.7884,9.004499912261963,0.155800003558397,2,2025-10-25
A,Agilent Technologies,140.8026,8.977166733569032,0.15720002994289115,2,2025-10-26
A,Agilent Technologies,141.982,9.041819207246537,0.15605803130885085,2,2025-10-27
A,Agilent Technologies,141.0131,9.032507715399055,0.15675146291045985,2,2025-10-28
A,Agilent Technologies,139.9916,9.004266660403173,0.15538205085395734,2,2025-10-29
A,Agilent Technologies,139.9934,9.090282637533528,0.15618995454041334,2,2025-10-30
A,Agilent Technologies,140.8511,9.132542276254604,0.15481374584744595,2,2025-10-31
A,Agilent Technologies,140.4999,9.210974214750012,0.15345960857000618,2,2025-11-01
A,Agilent Technologies,141.2111,9.133999237407568,0.1540261930299328,2,2025-11-02
A,Agilent Technologies,141.8799,9.089577358602893,0.1538707537191149,2,2025-11-03
A,Agilent Technologies,142.1984,9.120620431301433,0.15310914101063602,2,2025-11-04
A,Agilent Technologies,141.7913,9.12390018111996,0.15292789658549277,2,2025-11-05
A,Agilent Technologies,141.6278,9.125701669751646,0.1526817387385552,2,2025-11-06
A,Agilent Technologies,142.0706,9.14876682198057,0.1541182393776808,2,2025-11-07
AAPL,Apple Inc.,256.3031,4.457199871540069,4.35149997472763,7,2025-10-25
AAPL,Apple Inc.,249.3208,4.441863322777626,4.331673830306175,7,2025-10-26
AAPL,Apple Inc.,248.6255,4.411498106882674,4.316080562254061,7,2025-10-27
AAPL,Apple Inc.,253.1818,4.379564585875541,4.330962177605152,7,2025-10-28
AAPL,Apple Inc.,255.1004,4.343162634137345,4.356274529709035,7,2025-10-29
AAPL,Apple Inc.,254.4979,4.352420137436506,4.333617879879117,7,2025-10-30
AAPL,Apple Inc.,253.2232,4.327382988817218,4.357002779909312,7,2025-10-31
AAPL,Apple Inc.,252.525,4.336761108887894,4.4005512157897755,7,2025-11-01
AAPL,Apple Inc.,254.8025,4.310696820378371,4.4195080673036236,7,2025-11-02
AAPL,Apple Inc.,256.2867,4.3199737219709045,4.43551116577064,7,2025-11-03
AAPL,Apple Inc.,257.5138,4.351363707957655,4.455367880614709,7,2025-11-04
AAPL,Apple Inc.,257.4283,4.3930711325101255,4.454803007688644,7,2025-11-05
AAPL,Apple Inc.,257.1057,4.367753305694307,4.463979114045611,7,2025-11-06
AAPL,Apple Inc.,254.5598,4.3450078331353525,4.421272788720866,7,2025-11-07
ABBV,AbbVie,223.3787,8.261100053787231,0.0,1,2025-10-25
ABBV,AbbVie,218.6395,8.192890933564893,0.0,1,2025-10-26
ABBV,AbbVie,217.4633,8.274361392704204,0.0,1,2025-10-27
ABBV,AbbVie,221.5991,8.266318418797962,0.0,1,2025-10-28
ABBV,AbbVie,222.214,8.264633585100324,0.0,1,2025-10-29
ABBV,AbbVie,221.5404,8.327024502108419,0.0,1,2025-10-30
ABBV,AbbVie,221.434,8.359358389317755,0.0,1,2025-10-31
ABBV,AbbVie,221.7522,8.276163080841007,0.0,1,2025-11-01
ABBV,AbbVie,218.1027,8.220476513093843,0.0,1,2025-11-02
ABBV,AbbVie,216.3915,8.24261101839179,0.0,1,2025-11-03
ABBV,AbbVie,218.2612,8.196343144687678,0.0,1,2025-11-04
ABBV,AbbVie,219.2086,8.180371288626635,0.0,1,2025-11-05
ABBV,AbbVie,219.0591,8.239459313138862,0.0,1,2025-11-06
ABBV,AbbVie,218.8313,8.291920097736966,0.0,1,2025-11-07
ABNB,Airbnb,127.8998,6.105800271034241,3.562000095844269,5,2025-10-25
ABNB,Airbnb,127.2751,6.079079358923657,3.5781030081021323,5,2025-10-26
ABNB,Airbnb,127.0227,6.104496790709231,3.581641890433937,5,2025-10-27
ABNB,Airbnb,127.3436,6.1224928994950405,3.6069376048152284,5,2025-10-28
ABNB,Airbnb,127.551,6.147533655624135,3.6176811368749897,5,2025-10-29
ABNB,Airbnb,127.5186,6.173091958268678,3.603651853433957,5,2025-10-30
ABNB,Airbnb,127.4671,6.189580039461593,3.573549134586751,5,2025-10-31
ABNB,Airbnb,127.4106,6.183304330130944,3.58319153999731,5,2025-11-01
ABNB,Airbnb,128.4735,6.130314050104842,3.5811438174861525,5,2025-11-02
ABNB,Airbnb,129.0248,6.079983478797165,3.6168946906309043,5,2025-11-03
ABNB,Airbnb,129.3596,6.020606287866959,3.6323487958220353,5,2025-11-04
ABNB,Airbnb,129.2337,6.016552840563352,3.6352278546141403,5,2025-11-05
ABNB,Airbnb,128.5349,6.065749367795361,3.6186572599436793,5,2025-11-06
ABNB,Airbnb,128.5109,6.022036632471502,3.6037214128196977,5,2025-11-07
ABT,Abbott Laboratories,128.2278,-6.94599986076355,0.0,1,2025-10-25
ABT,Abbott Laboratories,128.9655,-6.908371298673277,0.0,1,2025-10-26
ABT,Abbott Laboratories,128.4283,-6.840452070626668,0.0,1,2025-10-27
ABT,Abbott Laboratories,127.6631,-6.814525288794866,0.0,1,2025-10-28
ABT,Abbott Laboratories,127.7427,-6.881789313677612,0.0,1,2025-10-29
ABT,Abbott Laboratories,127.6283,-6.830531892994427,0.0,1,2025-10-30
ABT,Abbott Laboratories,127.876,-6.794137135267983,0.0,1,2025-10-31
ABT,Abbott Laboratories,127.9512,-6.828474120508644,0.0,1,2025-11-01
ABT,Abbott Laboratories,130.2591,-6.859547086004838,0.0,1,2025-11-02
ABT,Abbott Laboratories,131.3257,-6.801672593026587,0.0,1,2025-11-03
ABT,Abbott Laboratories,131.4103,-6.83262070419445,0.0,1,2025-11-04
ABT,Abbott Laboratories,130.9407,-6.886419868962862,0.0,1,2025-11-05
ABT,Abbott Laboratories,130.6326,-6.947929124446701,0.0,1,2025-11-06
ABT,Abbott Laboratories,131.0388,-7.004595515192795,0.0,1,2025-11-07
ACGL,Arch Capital Group,91.5021,-8.524199724197388,0.0,1,2025-10-25
ACGL,Arch Capital Group,93.3309,-8.561591396725579,0.0,1,2025-10-26
ACGL,Arch Capital Group,92.9255,-8.646122368733835,0.0,1,2025-10-27
ACGL,Arch Capital Group,92.0766,-8.63728527763743,0.0,1,2025-10-28
ACGL,Arch Capital Group,91.9448,-8.606425365477731,0.0,1,2025-10-29
ACGL,Arch Capital Group,92.1539,-8.625008400067625,0.0,1,2025-10-30
ACGL,Arch Capital Group,92.3295,-8.631821016034959,0.0,1,2025-10-31
ACGL,Arch Capital Group,92.2704,-8.714026408437904,0.0,1,2025-11-01
ACGL,Arch Capital Group,90.8593,-8.632906646214506,0.0,1,2025-11-02
ACGL,Arch Capital Group,90.0641,-8.587387376848516,0.0,1,2025-11-03
ACGL,Arch Capital Group,90.7107,-8.523191525426887,0.0,1,2025-11-04
ACGL,Arch Capital Group,90.8606,-8.57841358438395,0.0,1,2025-11-05
ACGL,Arch Capital Group,90.6263,-8.516114969602324,0.0,1,2025-11-06
ACGL,Arch Capital Group,90.0421,-8.489837689032537,0.0,1,2025-11-07
ACN,Accenture,261.5364,7.503399848937988,0.0,1,2025-10-25
ACN,Accenture,269.5934,7.447223706241928,0.0,1,2025-10-26
ACN,Accenture,266.5755,7.407481279000537,0.0,1,2025-10-27
ACN,Accenture,260.6408,7.421019470583179,0.0,1,2025-10-28
ACN,Accenture,260.8609,7.36336463802082,0.0,1,2025-10-29
ACN,Accenture,261.4533,7.305795172491829,0.0,1,2025-10-30
ACN,Accenture,261.1262,7.351291130140002,0.0,1,2025-10-31
ACN,Accenture,260.6167,7.372481853333244,0.0,1,2025-11-01
ACN,Accenture,254.4309,7.4376310125645135,0.0,1,2025-11-02
ACN,Accenture,254.9478,7.459289801676608,0.0,1,2025-11-03
ACN,Accenture,257.7745,7.472935311578287,0.0,1,2025-11-04
ACN,Accenture,259.1021,7.528018747664987,0.0,1,2025-11-05
ACN,Accenture,257.7889,7.577278243063959,0.0,1,2025-11-06
ACN,Accenture,253.2064,7.571370248972624,0.0,1,2025-11-07
ADBE,Adobe Inc.,323.9278,-0.99490001797676,6.6620999574661255,8,2025-10-25
ADBE,Adobe Inc.,322.15,-0.9996519732210783,6.659707457608113,8,2025-10-26
ADBE,Adobe Inc.,327.8397,-0.996750903928704,6.640059636078422,8,2025-10-27
ADBE,Adobe Inc.,334.1687,-0.9990776994241153,6.640239012934801,8,2025-10-28
ADBE,Adobe Inc.,333.7721,-1.005300424928678,6.597619664092269,8,2025-10-29
ADBE,Adobe Inc.,325.9581,-1.008676438851668,6.641094748824917,8,2025-10-30
ADBE,Adobe Inc.,330.875,-0.9997307168225157,6.629763680665993,8,2025-10-31
ADBE,Adobe Inc.,335.1955,-1.0084957537352817,6.57485643613833,8,2025-11-01
ADBE,Adobe Inc.,346.0367,-1.0081486105503707,6.553497331413566,8,2025-11-02
ADBE,Adobe Inc.,353.3785,-1.0132547955232853,6.522375023643406,8,2025-11-03
ADBE,Adobe Inc.,341.5433,-1.0083078310070475,6.516228703823697,8,2025-11-04
ADBE,Adobe Inc.,332.4123,-1.0093223784592853,6.457809391002435,8,2025-11-05
ADBE,Adobe Inc.,334.4032,-1.0033357421512792,6.455596870700295,8,2025-11-06
ADBE,Adobe Inc.,337.3657,-1.0017892232439574,6.517417287611307,8,2025-11-07
ADI,Analog Devices,239.349,-2.3389999568462367,0.0,1,2025-10-25
ADI,Analog Devices,242.2439,-2.356226122222256,0.0,1,2025-10-26
ADI,Analog Devices,242.8452,-2.3457822328982254,0.0,1,2025-10-27
ADI,Analog Devices,242.4084,-2.3338678125585064,0.0,1,2025-10-28
ADI,Analog Devices,241.6173,-2.334092289773166,0.0,1,2025-10-29
ADI,Analog Devices,241.5104,-2.333957719544617,0.0,1,2025-10-30
ADI,Analog Devices,241.7753,-2.354097252396533,0.0,1,2025-10-31
ADI,Analog Devices,241.9313,-2.357319632897203,0.0,1,2025-11-01
ADI,Analog Devices,240.7677,-2.3352972998872805,0.0,1,2025-11-02
ADI,Analog Devices,240.3921,-2.356679000244931,0.0,1,2025-11-03
ADI,Analog Devices,242.3394,-2.348947502154171,0.0,1,2025-11-04
ADI,Analog Devices,243.1407,-2.3472190025384645,0.0,1,2025-11-05
ADI,Analog Devices,242.658,-2.3685308844563577,0.0,1,2025-11-06
ADI,Analog Devices,240.0689,-2.360146012702462,0.0,1,2025-11-07
ADM,Archer Daniels Midland,63.2785,8.78470003604889,0.23600000888109202,3,2025-10-25
ADM,Archer Daniels Midland,63.0609,8.699791875760909,0.2364129136988041,3,2025-10-26
ADM,Archer Daniels Midland,62.9361,8.73556406520771,0.23815567629866355,3,2025-10-27
ADM,Archer Daniels Midland,62.3795,8.685046768869666,0.24025025329442914,3,2025-10-28
ADM,Archer Daniels Midland,62.4885,8.76905026671294,0.24236191073967475,3,2025-10-29
ADM,Archer Daniels Midland,62.6831,8.71865915060026,0.24161230771565587,3,2025-10-30
ADM,Archer Daniels Midland,62.7088,8.753296496266112,0.2394546640316699,3,2025-10-31
ADM,Archer Daniels Midland,62.7504,8.75616589088289,0.24124034654168425,3,2025-11-01
ADM,Archer Daniels Midland,62.7953,8.797156509057638,0.2397072963711803,3,2025-11-02
ADM,Archer Daniels Midland,62.7668,8.855746384960852,0.24134921386572747,3,2025-11-03
ADM,Archer Daniels Midland,62.7307,8.850360621227997,0.24161393750061638,3,2025-11-04
ADM,Archer Daniels Midland,62.7411,8.770967875292172,0.24132344041799944,3,2025-11-05
ADM,Archer Daniels Midland,62.7739,8.696954606226926,0.24286866513725683,3,2025-11-06
ADM,Archer Daniels Midland,62.8387,8.700255728339341,0.24359546880926397,3,2025-11-07
ADP,Automatic Data Processing,293.6764,3.944000005722046,6.305599808692932,2,2025-10-25
ADP,Automatic Data Processing,301.4043,3.9369091707199644,6.320453579815532,2,2025-10-26
ADP,Automatic Data Processing,302.6483,3.90978982182763,6.276634615508203,2,2025-10-27
ADP,Automatic Data Processing,298.7704,3.9437109928881022,6.288652208443004,2,2025-10-28
ADP,Automatic Data Processing,296.6245,3.977849588790986,6.308535203734989,2,2025-10-29
ADP,Automatic Data Processing,296.7661,4.000323559398517,6.328472461018525,2,2025-10-30
ADP,Automatic Data Processing,297.0856,3.983289894651845,6.37531811660708,2,2025-10-31
ADP,Automatic Data Processing,297.8413,4.010469999707771,6.348180834058913,2,2025-11-01
ADP,Automatic Data Processing,299.3464,3.973878609728142,6.38822397602881,2,2025-11-02
ADP,Automatic Data Processing,299.6989,3.9400503338067057,6.398479192649447,2,2025-11-03
ADP,Automatic Data Processing,299.4578,3.9689311037664634,6.422557754349236,2,2025-11-04
ADP,Automatic Data Processing,298.5467,3.941573273217617,6.40593436453204,2,2025-11-05
ADP,Automatic Data Processing,298.1799,3.9525946711336486,6.466758526200891,2,2025-11-06
ADP,Automatic Data Processing,296.303,3.9247832310118884,6.4961008453385585,2,2025-11-07
ADSK,Autodesk,323.2907,7.735700011253357,0.0,1,2025-10-25
ADSK,Autodesk,325.8947,7.6812991487192965,0.0,1,2025-10-26
ADSK,Autodesk,323.5928,7.682173693869207,0.0,1,2025-10-27
ADSK,Autodesk,320.3025,7.747179751192283,0.0,1,2025-10-28
ADSK,Autodesk,319.655,7.675665213182103,0.0,1,2025-10-29
ADSK,Autodesk,320.9659,7.720346967525116,0.0,1,2025-10-30
ADSK,Autodesk,322.0434,7.756286725363824,0.0,1,2025-10-31
ADSK,Autodesk,321.9309,7.8022891622118795,0.0,1,2025-11-01
ADSK,Autodesk,320.9593,7.833511262142484,0.0,1,2025-11-02
ADSK,Autodesk,320.5506,7.81359268822358,0.0,1,2025-11-03
ADSK,Autodesk,322.4394,7.745507204937593,0.0,1,2025-11-04
ADSK,Autodesk,323.6659,7.700303473557813,0.0,1,2025-11-05
ADSK,Autodesk,323.6052,7.623835122105099,0.0,1,2025-11-06
ADSK,Autodesk,319.9978,7.572148444805985,0.0,1,2025-11-07
AEE,Ameren,105.7686,7.945700287818909,0.0,1,2025-10-25
AEE,Ameren,106.7868,8.016489859584322,0.0,1,2025-10-26
AEE,Ameren,106.6045,8.07885618447124,0.0,1,2025-10-27
AEE,Ameren,105.4896,8.133594138426181,0.0,1,2025-10-28
AEE,Ameren,104.819,8.083183723478136,0.0,1,2025-10-29
AEE,Ameren,105.1303,8.149363867992868,0.0,1,2025-10-30
AEE,Ameren,105.5218,8.14542745081386,0.0,1,2025-10-31
AEE,Ameren,105.6234,8.118135636482817,0.0,1,2025-11-01
AEE,Ameren,106.2751,8.046785465070716,0.0,1,2025-11-02
AEE,Ameren,106.7977,8.035376682696539,0.0,1,2025-11-03
AEE,Ameren,106.8553,7.961041672464805,0.0,1,2025-11-04
AEE,Ameren,106.6164,8.008601317437154,0.0,1,2025-11-05
AEE,Ameren,106.583,7.966012218113147,0.0,1,2025-11-06
AEE,Ameren,105.8216,7.939438388474438,0.0,1,2025-11-07
AEP,American Electric Power,116.7338,6.905900239944458,1.6988000273704529,2,2025-10-25
AEP,American Electric Power,116.8629,6.965753899944872,1.6957415616602223,2,2025-10-26
AEP,American Electric Power,116.5377,6.963593975818731,1.6880520329495428,2,2025-10-27
AEP,American Electric Power,116.2182,6.907192470588929,1.6800687330307813,2,2025-10-28
AEP,American Electric Power,116.2729,6.87869298611448,1.678467853725967,2,2025-10-29
AEP,American Electric Power,116.3466,6.892850094198717,1.6865896634489084,2,2025-10-30
AEP,American Electric Power,116.4547,6.922849201335207,1.6706262722047887,2,2025-10-31
AEP,American Electric Power,116.4964,6.857783335505141,1.655339363351868,2,2025-11-01
AEP,American Electric Power,116.8785,6.887754756187355,1.658486434880938,2,2025-11-02
AEP,American Electric Power,116.9607,6.873468166764632,1.6567189566412361,2,2025-11-03
AEP,American Electric Power,116.8979,6.913188928981646,1.6604523092849623,2,2025-11-04
AEP,American Electric Power,116.9793,6.947570775571819,1.6505098295469696,2,2025-11-05
AEP,American Electric Power,116.8878,6.977463589137336,1.6342605305913862,2,2025-11-06
AEP,American Electric Power,116.1927,7.001866919607521,1.6270291571864532,2,2025-11-07
AES,AES Corporation,14.4123,1.4986999332904811,10.754899978637695,2,2025-10-25
AES,AES Corporation,14.089,1.498498360673499,10.76446134744354,2,2025-10-26
AES,AES Corporation,13.844,1.5016640800627672,10.754053394315362,2,2025-10-27
AES,AES Corporation,13.9686,1.5009319169942472,10.847951593947204,2,2025-10-28
AES,AES Corporation,14.3022,1.4968411583998054,10.757544592995991,2,2025-10-29
AES,AES Corporation,14.3548,1.510799987719938,10.853907832131659,2,2025-10-30
AES,AES Corporation,14.2271,1.4983493581257021,10.864854781958675,2,2025-10-31
AES,AES Corporation,14.0746,1.4865330183615006,10.765811026288253,2,2025-11-01
AES,AES Corporation,13.2782,1.499281181042767,10.711722879132646,2,2025-11-02
AES,AES Corporation,12.6285,1.495168209096615,10.74324613824752,2,2025-11-03
AES,AES Corporation,12.8276,1.4901410094835914,10.697399542971896,2,2025-11-04
AES,AES Corporation,13.6336,1.4895572443787053,10.78516093564076,2,2025-11-05
AES,AES Corporation,13.9538,1.4957064467205576,10.726090977466498,2,2025-11-06
AES,AES Corporation,13.7903,1.5069828889894838,10.794629403089717,2,2025-11-07
AFL,Aflac,110.9789,8.94540011882782,0.0,1,2025-10-25
AFL,Aflac,112.1403,8.866910893723285,0.0,1,2025-10-26
AFL,Aflac,111.0457,8.82926175465026,0.0,1,2025-10-27
AFL,Aflac,110.5932,8.911338697245863,0.0,1,2025-10-28
AFL,Aflac,110.9343,8.854487450220422,0.0,1,2025-10-29
AFL,Aflac,111.0468,8.902869970519548,0.0,1,2025-10-30
AFL,Aflac,110.9225,8.931356839185234,0.0,1,2025-10-31
AFL,Aflac,111.0264,8.98703289948612,0.0,1,2025-11-01
AFL,Aflac,111.0018,9.024953383114477,0.0,1,2025-11-02
AFL,Aflac,111.0858,8.994428546967372,0.0,1,2025-11-03
AFL,Aflac,111.1361,8.931242677059142,0.0,1,2025-11-04
AFL,Aflac,111.2704,8.961522946437942,0.0,1,2025-11-05
AFL,Aflac,111.1469,9.017466137381348,0.0,1,2025-11-06
AFL,Aflac,110.4983,9.093871237545219,0.0,1,2025-11-07
AIG,American International Group,78.8996,1.982800066471099,4.54910010099411,4,2025-10-25
AIG,American International Group,78.9718,2.0005524165408457,4.573446698821782,4,2025-10-26
AIG,American International Group,79.0121,2.0020127851369174,4.556293627090227,4,2025-10-27
AIG,American International Group,78.8535,2.010531242823594,4.5733454817492065,4,2025-10-28
AIG,American International Group,79.0548,2.0196905904668836,4.606812468586269,4,2025-10-29
AIG,American International Group,78.8235,2.032184275644185,4.596407372246755,4,2025-10-30
AIG,American International Group,78.5568,2.0461498597530534,4.598778584344768,4,2025-10-31
AIG,American International Group,78.4894,2.048933043951457,4.591231169802837,4,2025-11-01
AIG,American International Group,79.2445,2.029847190537952,4.583416077534682,4,2025-11-02
AIG,American International Group,79.6626,2.017767902215739,4.567509211147347,4,2025-11-03
AIG,American International Group,79.4691,2.002646009509727,4.597999186816814,4,2025-11-04
AIG,American International Group,79.5079,1.996657533835748,4.631250372931202,4,2025-11-05
AIG,American International Group,79.6526,1.9847647785839189,4.65103186192364,4,2025-11-06
AIG,American International Group,79.0658,1.969274765882803,4.695224618651059,4,2025-11-07
AIZ,Assurant,209.7046,9.01390016078949,0.0,1,2025-10-25
AIZ,Assurant,208.6915,9.071621385524894,0.0,1,2025-10-26
AIZ,Assurant,208.9927,9.126313299284359,0.0,1,2025-10-27
AIZ,Assurant,208.745,9.215412573256888,0.0,1,2025-10-28
AIZ,Assurant,208.2706,9.168197001996294,0.0,1,2025-10-29
AIZ,Assurant,208.2699,9.248730593024447,0.0,1,2025-10-30
AIZ,Assurant,208.4891,9.278617964819212,0.0,1,2025-10-31
AIZ,Assurant,208.5157,9.359235195936852,0.0,1,2025-11-01
AIZ,Assurant,211.5332,9.371076643427896,0.0,1,2025-11-02
AIZ,Assurant,214.0853,9.31264820024893,0.0,1,2025-11-03
AIZ,Assurant,214.956,9.383780793324224,0.0,1,2025-11-04
AIZ,Assurant,213.3665,9.448640647200001,0.0,1,2025-11-05
AIZ,Assurant,212.1491,9.356244488171875,0.0,1,2025-11-06
AIZ,Assurant,211.2011,9.286315123354346,0.0,1,2025-11-07
AJG,Arthur J. Gallagher & Co.,298.0633,8.468199968338013,0.0,1,2025-10-25
AJG,Arthur J. Gallagher & Co.,309.6589,8.383771203405885,0.0,1,2025-10-26
AJG,Arthur J. Gallagher & Co.,308.7788,8.40745961610798,0.0,1,2025-10-27
AJG,Arthur J. Gallagher & Co.,303.773,8.330421246891802,0.0,1,2025-10-28
AJG,Arthur J. Gallagher & Co.,299.8792,8.254625445533105,0.0,1,2025-10-29
AJG,Arthur J. Gallagher & Co.,301.6274,8.196773282473627,0.0,1,2025-10-30
AJG,Arthur J. Gallagher & Co.,302.008,8.200879981937558,0.0,1,2025-10-31
AJG,Arthur J. Gallagher & Co.,301.5394,8.195788723534589,0.0,1,2025-11-01
AJG,Arthur J. Gallagher & Co.,302.1627,8.204197445567322,0.0,1,2025-11-02
AJG,Arthur J. Gallagher & Co.,301.7013,8.275434530687717,0.0,1,2025-11-03
AJG,Arthur J. Gallagher & Co.,301.8777,8.33166106114694,0.0,1,2025-11-04
AJG,Arthur J. Gallagher & Co.,302.723,8.362442609286624,0.0,1,2025-11-05
AJG,Arthur J. Gallagher & Co.,302.8456,8.342448176067387,0.0,1,2025-11-06
AJG,Arthur J. Gallagher & Co.,301.0467,8.2625726211911,0.0,1,2025-11-07
AKAM,Akamai Technologies,77.8623,9.06029999256134,0.0,1,2025-10-25
AKAM,Akamai Technologies,80.2318,8.98356866151837,0.0,1,2025-10-26
AKAM,Akamai Technologies,80.4351,8.986991750563519,0.0,1,2025-10-27
AKAM,Akamai Technologies,77.3725,8.942045483931551,0.0,1,2025-10-28
AKAM,Akamai Technologies,76.087,8.886383292328675,0.0,1,2025-10-29
AKAM,Akamai Technologies,77.1587,8.822305656017132,0.0,1,2025-10-30
AKAM,Akamai Technologies,78.7852,8.84793377113962,0.0,1,2025-10-31
AKAM,Akamai Technologies,78.9856,8.827922898942164,0.0,1,2025-11-01
AKAM,Akamai Technologies,74.8852,8.910589618521994,0.0,1,2025-11-02
AKAM,Akamai Technologies,73.3581,8.85046657146525,0.0,1,2025-11-03
AKAM,Akamai Technologies,72.7634,8.782027696522917,0.0,1,2025-11-04
AKAM,Akamai Technologies,73.2854,8.727966793063025,0.0,1,2025-11-05
AKAM,Akamai Technologies,73.7224,8.789574162528748,0.0,1,2025-11-06
AKAM,Akamai Technologies,73.8275,8.833051853161223,0.0,1,2025-11-07
ALB,Albemarle Corporation,99.7932,0.553900003433227,3.256199955940246,2,2025-10-25
ALB,Albemarle Corporation,91.7517,0.550166802334223,3.2488737170083835,2,2025-10-26
ALB,Albemarle Corporation,90.3639,0.5543787174380511,3.219073859346516,2,2025-10-27
ALB,Albemarle Corporation,91.532,0.5579300988200768,3.229139067629119,2,2025-10-28
ALB,Albemarle Corporation,96.358,0.5551861095008715,3.2524985642517605,2,2025-10-29
ALB,Albemarle Corporation,98.1623,0.5546451111238937,3.2236706114102,2,2025-10-30
ALB,Albemarle Corporation,96.8913,0.5523726415885853,3.217640391093254,2,2025-10-31
ALB,Albemarle Corporation,93.2192,0.5479702401206615,3.2085008940472486,2,2025-11-01
ALB,Albemarle Corporation,96.8635,0.5472013374526237,3.2108078921048007,2,2025-11-02
ALB,Albemarle Corporation,102.7121,0.5513939165196483,3.1970653588668734,2,2025-11-03
ALB,Albemarle Corporation,103.8872,0.5501863211390305,3.1784505647474908,2,2025-11-04
ALB,Albemarle Corporation,101.6342,0.5473216125243623,3.164666962752345,2,2025-11-05
ALB,Albemarle Corporation,98.3954,0.5440064503662713,3.1897844218683877,2,2025-11-06
ALB,Albemarle Corporation,97.7217,0.5483374344354097,3.2037247146094248,2,2025-11-07
ALGN,Align Technology,117.3045,8.553500175476074,0.0,1,2025-10-25
ALGN,Align Technology,115.1088,8.584506922672677,0.0,1,2025-10-26
ALGN,Align Technology,120.5413,8.535630257756123,0.0,1,2025-10-27
ALGN,Align Technology,132.4009,8.595199796529561,0.0,1,2025-10-28
ALGN,Align Technology,137.6215,8.578228395752808,0.0,1,2025-10-29
ALGN,Align Technology,128.9843,8.652597483087812,0.0,1,2025-10-30
ALGN,Align Technology,120.155,8.69707136348769,0.0,1,2025-10-31
ALGN,Align Technology,117.0547,8.670149332070729,0.0,1,2025-11-01
ALGN,Align Technology,120.0097,8.652990122532119,0.0,1,2025-11-02
ALGN,Align Technology,125.7772,8.737303852862299,0.0,1,2025-11-03
ALGN,Align Technology,130.8055,8.796261057313993,0.0,1,2025-11-04
ALGN,Align Technology,129.684,8.80609558220384,0.0,1,2025-11-05
ALGN,Align Technology,120.4546,8.745505507700818,0.0,1,2025-11-06
ALGN,Align Technology,118.1213,8.810649475336797,0.0,1,2025-11-07
ALL,Allstate,198.6924,6.627500057220459,0.0,1,2025-10-25
ALL,Allstate,202.1653,6.65645118150649,0.0,1,2025-10-26
ALL,Allstate,201.4728,6.717758667796496,0.0,1,2025-10-27
ALL,Allstate,199.1003,6.712722809573177,0.0,1,2025-10-28
ALL,Allstate,198.274,6.6814706984947945,0.0,1,2025-10-29
ALL,Allstate,199.098,6.6514290774372,0.0,1,2025-10-30
ALL,Allstate,199.5524,6.590262116760252,0.0,1,2025-10-31
ALL,Allstate,199.8557,6.5346960811297246,0.0,1,2025-11-01
ALL,Allstate,201.8439,6.513242155554734,0.0,1,2025-11-02
ALL,Allstate,204.1702,6.457178664237138,0.0,1,2025-11-03
ALL,Allstate,205.3158,6.449264119551237,0.0,1,2025-11-04
ALL,Allstate,204.3872,6.472013786925923,0.0,1,2025-11-05
ALL,Allstate,202.2223,6.524745331788461,0.0,1,2025-11-06
ALL,Allstate,201.1588,6.49153275748683,0.0,1,2025-11-07
ALLE,Allegion,169.1112,-9.07140016555786,0.047699999995529,2,2025-10-25
ALLE,Allegion,173.1053,-9.062917628471759,0.047282939841592424,2,2025-10-26
ALLE,Allegion,172.8398,-8.993856410296072,0.04691467401729714,2,2025-10-27
ALLE,Allegion,171.9221,-9.00190617746115,0.04694891300890152,2,2025-10-28
ALLE,Allegion,171.3725,-9.020171808191693,0.04706496653921009,2,2025-10-29
ALLE,Allegion,171.7466,-8.948242128764182,0.0473534077255947,2,2025-10-30
ALLE,Allegion,172.308,-8.976010167340757,0.04701577515432711,2,2025-10-31
ALLE,Allegion,172.4564,-9.016885032902023,0.046580325226870264,2,2025-11-01
ALLE,Allegion,174.64,-8.94612059862389,0.04699523627043877,2,2025-11-02
ALLE,Allegion,176.0155,-8.92644674251777,0.047232607571618894,2,2025-11-03
ALLE,Allegion,175.9452,-8.939619616433998,0.04699653545708893,2,2025-11-04
ALLE,Allegion,175.6163,-8.927514654176756,0.04665801584587033,2,2025-11-05
ALLE,Allegion,175.2971,-9.004908667254002,0.04679322037289346,2,2025-11-06
ALLE,Allegion,174.1337,-9.09204610827149,0.04694108408484871,2,2025-11-07
AMAT,Applied Materials,223.5747,0.179299991577863,0.0,1,2025-10-25
AMAT,Applied Materials,218.6765,0.177746785328812,0.0,1,2025-10-26
AMAT,Applied Materials,218.0975,0.17757224913811742,0.0,1,2025-10-27
AMAT,Applied Materials,220.9515,0.17853897325600293,0.0,1,2025-10-28
AMAT,Applied Materials,222.6752,0.1795226331034684,0.0,1,2025-10-29
AMAT,Applied Materials,222.8308,0.17917529341085245,0.0,1,2025-10-30
AMAT,Applied Materials,221.9539,0.17760784274780203,0.0,1,2025-10-31
AMAT,Applied Materials,221.0311,0.17601894651900607,0.0,1,2025-11-01
AMAT,Applied Materials,221.1221,0.1744899425950712,0.0,1,2025-11-02
AMAT,Applied Materials,221.1487,0.1741401530401568,0.0,1,2025-11-03
AMAT,Applied Materials,223.0705,0.17362471180716801,0.0,1,2025-11-04
AMAT,Applied Materials,223.1941,0.17457072456247555,0.0,1,2025-11-05
AMAT,Applied Materials,223.6495,0.1763141665886987,0.0,1,2025-11-06
AMAT,Applied Materials,221.5224,0.17617545896796077,0.0,1,2025-11-07
AMCR,Amcor,9.3569,9.128000140190125,0.040600001811981,2,2025-10-25
AMCR,Amcor,9.55,9.098972689978169,0.040647258221328815,2,2025-10-26
AMCR,Amcor,9.4303,9.160602165753517,0.04068961270559526,2,2025-10-27
AMCR,Amcor,9.3344,9.155787158613576,0.040918558701176805,2,2025-10-28
AMCR,Amcor,9.3634,9.219344081432968,0.04129012986572997,2,2025-10-29
AMCR,Amcor,9.3976,9.130676079400029,0.041216579420379346,2,2025-10-30
AMCR,Amcor,9.3976,9.20939371994463,0.0414169947440379,2,2025-10-31
AMCR,Amcor,9.3883,9.137432269826283,0.041734825432551595,2,2025-11-01
AMCR,Amcor,9.1062,9.144962784415375,0.04176827994239848,2,2025-11-02
AMCR,Amcor,8.9423,9.101503462468191,0.04167987922908247,2,2025-11-03
AMCR,Amcor,8.9817,9.128366695343407,0.041623660914452174,2,2025-11-04
AMCR,Amcor,9.119,9.067864538866733,0.04183222529401381,2,2025-11-05
AMCR,Amcor,9.1446,9.125403239095172,0.04200435289600733,2,2025-11-06
AMCR,Amcor,9.0757,9.155578381625068,0.042340259495155214,2,2025-11-07
AMD,Advanced Micro Devices,225.035,7.0594000816345215,0.0,1,2025-10-25
AMD,Advanced Micro Devices,208.9198,7.008604368346489,0.0,1,2025-10-26
AMD,Advanced Micro Devices,209.6369,6.99355974448991,0.0,1,2025-10-27
AMD,Advanced Micro Devices,219.6023,6.971444361093336,0.0,1,2025-10-28
AMD,Advanced Micro Devices,220.2089,6.936326345328383,0.0,1,2025-10-29
AMD,Advanced Micro Devices,220.5267,6.952863144192772,0.0,1,2025-10-30
AMD,Advanced Micro Devices,219.9807,6.950180558723061,0.0,1,2025-10-31
AMD,Advanced Micro Devices,219.729,6.941375311955215,0.0,1,2025-11-01
AMD,Advanced Micro Devices,216.7414,6.888679804281123,0.0,1,2025-11-02
AMD,Advanced Micro Devices,213.6457,6.86934052999225,0.0,1,2025-11-03
AMD,Advanced Micro Devices,214.7459,6.896344326986012,0.0,1,2025-11-04
AMD,Advanced Micro Devices,218.0776,6.829080303878013,0.0,1,2025-11-05
AMD,Advanced Micro Devices,219.4647,6.84897672595949,0.0,1,2025-11-06
AMD,Advanced Micro Devices,219.184,6.865730053428832,0.0,1,2025-11-07
AME,Ametek,180.8525,-0.496999993920326,12.364699840545654,2,2025-10-25
AME,Ametek,179.2038,-0.49849114575727577,12.264240928498802,2,2025-10-26
AME,Ametek,180.0165,-0.4943559751651544,12.144635239223943,2,2025-10-27
AME,Ametek,180.7322,-0.4920724093257368,12.14706212505656,2,2025-10-28
AME,Ametek,180.658,-0.49014170661897755,12.085399710429378,2,2025-10-29
AME,Ametek,180.5064,-0.49306734743352165,11.965850658932842,2,2025-10-30
AME,Ametek,180.5432,-0.4889181434758909,11.871044813045234,2,2025-10-31
AME,Ametek,180.6124,-0.4917502713054659,11.92357256457199,2,2025-11-01
AME,Ametek,185.6324,-0.4918902104021411,11.87224760312835,2,2025-11-02
AME,Ametek,187.3604,-0.48924535633757354,11.809907472934357,2,2025-11-03
AME,Ametek,187.0239,-0.49323963240933266,11.785767328975014,2,2025-11-04
AME,Ametek,186.3667,-0.497170661236176,11.801454457878698,2,2025-11-05
AME,Ametek,186.0205,-0.4958380368783219,11.86655247038564,2,2025-11-06
AME,Ametek,185.5952,-0.4968713941487383,11.829906179329308,2,2025-11-07
AMGN,Amgen,300.1398,9.219899773597716,0.0,1,2025-10-25
AMGN,Amgen,302.7404,9.278647759327695,0.0,1,2025-10-26
AMGN,Amgen,301.9991,9.276818459546138,0.0,1,2025-10-27
AMGN,Amgen,300.267,9.186520574568089,0.0,1,2025-10-28
AMGN,Amgen,299.8832,9.172854583132866,0.0,1,2025-10-29
AMGN,Amgen,300.2998,9.220158250622081,0.0,1,2025-10-30
AMGN,Amgen,300.5876,9.18214572048892,0.0,1,2025-10-31
AMGN,Amgen,300.3648,9.228385479834087,0.0,1,2025-11-01
AMGN,Amgen,297.0459,9.161035729768736,0.0,1,2025-11-02
AMGN,Amgen,296.2674,9.19809772144281,0.0,1,2025-11-03
AMGN,Amgen,296.4519,9.181252386941226,0.0,1,2025-11-04
AMGN,Amgen,297.019,9.121781433219082,0.0,1,2025-11-05
AMGN,Amgen,297.2295,9.043828469051652,0.0,1,2025-11-06
AMGN,Amgen,297.1324,9.09367595818255,0.0,1,2025-11-07
AMP,Ameriprise Financial,506.0232,4.340400099754333,0.0,1,2025-10-25
AMP,Ameriprise Financial,520.4073,4.324036338823877,0.0,1,2025-10-26
AMP,Ameriprise Financial,517.463,4.34949854468876,0.0,1,2025-10-27
AMP,Ameriprise Financial,509.5487,4.382927221836839,0.0,1,2025-10-28
AMP,Ameriprise Financial,510.4426,4.42617301541205,0.0,1,2025-10-29
AMP,Ameriprise Financial,509.9193,4.451282011985952,0.0,1,2025-10-30
AMP,Ameriprise Financial,509.7072,4.461204854071818,0.0,1,2025-10-31
AMP,Ameriprise Financial,509.6756,4.4787526301757685,0.0,1,2025-11-01
AMP,Ameriprise Financial,513.1378,4.466310404066845,0.0,1,2025-11-02
AMP,Ameriprise Financial,515.3815,4.456295310158846,0.0,1,2025-11-03
AMP,Ameriprise Financial,516.0071,4.463475753479773,0.0,1,2025-11-04
AMP,Ameriprise Financial,515.3855,4.487200775608921,0.0,1,2025-11-05
AMP,Ameriprise Financial,518.1878,4.501238428427472,0.0,1,2025-11-06
AMP,Ameriprise Financial,517.1356,4.541793129364864,0.0,1,2025-11-07
AMT,American Tower,199.0032,8.891199827194214,0.0,1,2025-10-25
AMT,American Tower,200.8694,8.896241345992836,0.0,1,2025-10-26
AMT,American Tower,200.583,8.933298098371116,0.0,1,2025-10-27
AMT,American Tower,199.3448,8.958060818193767,0.0,1,2025-10-28
AMT,American Tower,198.972,9.040670421880574,0.0,1,2025-10-29
AMT,American Tower,199.3385,9.052444350527976,0.0,1,2025-10-30
AMT,American Tower,199.8112,9.137708630626033,0.0,1,2025-10-31
AMT,American Tower,199.8238,9.174438335705112,0.0,1,2025-11-01
AMT,American Tower,194.7376,9.142133035790227,0.0,1,2025-11-02
AMT,American Tower,193.3698,9.120782370556087,0.0,1,2025-11-03
AMT,American Tower,194.1188,9.201695430301731,0.0,1,2025-11-04
AMT,American Tower,192.9955,9.277981505951264,0.0,1,2025-11-05
AMT,American Tower,192.9248,9.223283633987466,0.0,1,2025-11-06
AMT,American Tower,193.3623,9.252655588687354,0.0,1,2025-11-07
AMZN,Amazon,225.8166,6.39710009098053,2.952899932861328,7,2025-10-25
AMZN,Amazon,226.5845,6.389568015691005,2.949878766251031,7,2025-10-26
AMZN,Amazon,225.8073,6.38574253843876,2.926598677132956,7,2025-10-27
AMZN,Amazon,224.4952,6.352968884672339,2.902609966809136,7,2025-10-28
AMZN,Amazon,224.2608,6.328622124982092,2.885592493131316,7,2025-10-29
AMZN,Amazon,225.9023,6.2737056293281395,2.890898928480895,7,2025-10-30
AMZN,Amazon,227.2049,6.280468107654065,2.8964801487789535,7,2025-10-31
AMZN,Amazon,225.1183,6.2236827575081906,2.8975537411842707,7,2025-11-01
AMZN,Amazon,231.2205,6.233363292581934,2.918805896615998,7,2025-11-02
AMZN,Amazon,234.6174,6.2282341460852235,2.895264199477388,7,2025-11-03
AMZN,Amazon,235.4788,6.187573588385974,2.922340077973165,7,2025-11-04
AMZN,Amazon,235.3054,6.14509396390502,2.9391090002984903,7,2025-11-05
AMZN,Amazon,234.5179,6.166865965074866,2.9534369953044655,7,2025-11-06
AMZN,Amazon,232.78,6.170335245072569,2.969275350057316,7,2025-11-07
ANET,Arista Networks,150.8499,3.811500072479248,6.6234999895095825,2,2025-10-25
ANET,Arista Networks,145.7691,3.7982342283535893,6.594207486751764,2,2025-10-26
ANET,Arista Networks,144.2702,3.792296745919983,6.542354822197267,2,2025-10-27
ANET,Arista Networks,148.2658,3.820605355407144,6.503355192033672,2,2025-10-28
ANET,Arista Networks,148.6113,3.7895814272494914,6.465917956038996,2,2025-10-29
ANET,Arista Networks,149.3398,3.8244766757239343,6.49973853436201,2,2025-10-30
ANET,Arista Networks,148.7145,3.814039220093524,6.4941774630719165,2,2025-10-31
ANET,Arista Networks,148.3729,3.8167890842392995,6.5266818949986805,2,2025-11-01
ANET,Arista Networks,153.3744,3.8441503347684547,6.526049871188389,2,2025-11-02
ANET,Arista Networks,155.1934,3.864452460713751,6.474184301990706,2,2025-11-03
ANET,Arista Networks,157.0434,3.8309867179915957,6.4988222895790475,2,2025-11-04
ANET,Arista Networks,156.9619,3.865139672994526,6.499805624634462,2,2025-11-05
ANET,Arista Networks,156.0622,3.8606536182714977,6.537159179367231,2,2025-11-06
ANET,Arista Networks,153.6015,3.8604424086854214,6.532463218222201,2,2025-11-07
AON,Aon plc,349.7203,8.538600206375122,0.216000005602836,2,2025-10-25
AON,Aon plc,356.6989,8.510489178972984,0.21411192160335513,2,2025-10-26
AON,Aon plc,354.3111,8.54443836153514,0.2161917356636346,2,2025-10-27
AON,Aon plc,350.6813,8.62972239941972,0.21615765228666267,2,2025-10-28
AON,Aon plc,350.2558,8.576663233094159,0.21408482146381685,2,2025-10-29
AON,Aon plc,351.364,8.638673846731987,0.21527529075941115,2,2025-10-30
AON,Aon plc,351.8055,8.69955023968232,0.21374920434539646,2,2025-10-31
AON,Aon plc,351.7863,8.638831412096096,0.21240809712510483,2,2025-11-01
AON,Aon plc,349.2444,8.651082016139387,0.21185164509024634,2,2025-11-02
AON,Aon plc,349.491,8.702840158582761,0.20987949672081685,2,2025-11-03
AON,Aon plc,351.406,8.655187224710089,0.20908866699581438,2,2025-11-04
AON,Aon plc,351.921,8.598521147935912,0.20882790723397235,2,2025-11-05
AON,Aon plc,351.4669,8.683557611507467,0.20714713016572686,2,2025-11-06
AON,Aon plc,348.1971,8.60335365911112,0.20815636731254525,2,2025-11-07
AOS,A. O. Smith,69.7644,6.247100234031677,0.0,1,2025-10-25
AOS,A. O. Smith,70.5987,6.306090409955837,0.0,1,2025-10-26
AOS,A. O. Smith,70.6448,6.277151821539283,0.0,1,2025-10-27
AOS,A. O. Smith,69.9801,6.3034472844982945,0.0,1,2025-10-28
AOS,A. O. Smith,69.7774,6.314930440694673,0.0,1,2025-10-29
AOS,A. O. Smith,69.6157,6.330682254196843,0.0,1,2025-10-30
AOS,A. O. Smith,69.636,6.374910231360957,0.0,1,2025-10-31
AOS,A. O. Smith,69.731,6.401454825928972,0.0,1,2025-11-01
AOS,A. O. Smith,68.6989,6.348700985660633,0.0,1,2025-11-02
AOS,A. O. Smith,68.0389,6.3865887718652665,0.0,1,2025-11-03
AOS,A. O. Smith,68.417,6.333287765714804,0.0,1,2025-11-04
AOS,A. O. Smith,68.8066,6.339101627659492,0.0,1,2025-11-05
AOS,A. O. Smith,68.8927,6.277759556916066,0.0,1,2025-11-06
AOS,A. O. Smith,68.7461,6.2806401962905865,0.0,1,2025-11-07
APA,APA Corporation,21.9086,7.707800269126892,0.0,1,2025-10-25
APA,APA Corporation,21.7318,7.700947007143733,0.0,1,2025-10-26
APA,APA Corporation,22.2825,7.688958291031078,0.0,1,2025-10-27
APA,APA Corporation,22.6924,7.638297688563536,0.0,1,2025-10-28
APA,APA Corporation,22.9043,7.692742432526719,0.0,1,2025-10-29
APA,APA Corporation,22.802,7.71543061380446,0.0,1,2025-10-30
APA,APA Corporation,22.2817,7.766265601100845,0.0,1,2025-10-31
APA,APA Corporation,21.8277,7.823283827322732,0.0,1,2025-11-01
APA,APA Corporation,21.5261,7.7677822060156245,0.0,1,2025-11-02
APA,APA Corporation,21.6796,7.7316850610158445,0.0,1,2025-11-03
APA,APA Corporation,22.2206,7.736543119901673,0.0,1,2025-11-04
APA,APA Corporation,22.4172,7.670351281372602,0.0,1,2025-11-05
APA,APA Corporation,22.2601,7.653793648497091,0.0,1,2025-11-06
APA,APA Corporation,22.0608,7.685606977791577,0.0,1,2025-11-07
APD,Air Products,269.8573,8.950200080871582,0.0,1,2025-10-25
APD,Air Products,276.0618,8.899620711649613,0.0,1,2025-10-26
APD,Air Products,274.0601,8.910987915075872,0.0,1,2025-10-27
APD,Air Products,271.2621,8.883951580405126,0.0,1,2025-10-28
APD,Air Products,271.6637,8.895545067493876,0.0,1,2025-10-29
APD,Air Products,271.1259,8.814958833238052,0.0,1,2025-10-30
APD,Air Products,270.8831,8.773843139505376,0.0,1,2025-10-31
APD,Air Products,270.7266,8.698617733852595,0.0,1,2025-11-01
APD,Air Products,267.8993,8.671692906053247,0.0,1,2025-11-02
APD,Air Products,268.6453,8.596022835269556,0.0,1,2025-11-03
APD,Air Products,269.0505,8.550169574825842,0.0,1,2025-11-04
APD,Air Products,268.224,8.57885974334941,0.0,1,2025-11-05
APD,Air Products,267.8382,8.558376564344933,0.0,1,2025-11-06
APD,Air Products,266.6998,8.577889333304011,0.0,1,2025-11-07
APH,Amphenol,129.8898,-0.19120000302791498,0.0,1,2025-10-25
APH,Amphenol,126.0545,-0.1898931192222331,0.0,1,2025-10-26
APH,Amphenol,125.621,-0.18812491716579505,0.0,1,2025-10-27
APH,Amphenol,131.9285,-0.18911737867852832,0.0,1,2025-10-28
APH,Amphenol,130.7716,-0.18949053274888467,0.0,1,2025-10-29
APH,Amphenol,130.3651,-0.18811637498708764,0.0,1,2025-10-30
APH,Amphenol,131.3777,-0.18928590353436164,0.0,1,2025-10-31
APH,Amphenol,131.7802,-0.19048050750974682,0.0,1,2025-11-01
APH,Amphenol,135.7031,-0.19010512430549345,0.0,1,2025-11-02
APH,Amphenol,135.8548,-0.1901269846138291,0.0,1,2025-11-03
APH,Amphenol,136.8812,-0.19086361822967582,0.0,1,2025-11-04
APH,Amphenol,138.0889,-0.18966668460497005,0.0,1,2025-11-05
APH,Amphenol,138.1959,-0.1883130816978764,0.0,1,2025-11-06
APH,Amphenol,135.7963,-0.18693273838230756,0.0,1,2025-11-07
APO,Apollo Global Management,132.4464,-4.054200053215027,0.0,1,2025-10-25
APO,Apollo Global Management,134.1867,-4.088358250271695,0.0,1,2025-10-26
APO,Apollo Global Management,132.4294,-4.120628601919837,0.0,1,2025-10-27
APO,Apollo Global Management,129.4572,-4.110289888562967,0.0,1,2025-10-28
APO,Apollo Global Management,129.0114,-4.151066965022393,0.0,1,2025-10-29
APO,Apollo Global Management,130.1394,-4.130115717691964,0.0,1,2025-10-30
APO,Apollo Global Management,131.0792,-4.104151489394553,0.0,1,2025-10-31
APO,Apollo Global Management,130.9678,-4.069063636592599,0.0,1,2025-11-01
APO,Apollo Global Management,129.5282,-4.064213512215157,0.0,1,2025-11-02
APO,Apollo Global Management,128.6098,-4.056985213402378,0.0,1,2025-11-03
APO,Apollo Global Management,129.7298,-4.05196380872404,0.0,1,2025-11-04
APO,Apollo Global Management,131.1159,-4.017197690009418,0.0,1,2025-11-05
APO,Apollo Global Management,131.8424,-3.993014903087539,0.0,1,2025-11-06
APO,Apollo Global Management,130.5317,-4.005274016108396,0.0,1,2025-11-07
APP,AppLovin,664.5258,3.003999888896942,6.66920006275177,6,2025-10-25
APP,AppLovin,664.9117,3.017569436381828,6.682964618333405,6,2025-10-26
APP,AppLovin,651.9118,3.0164104616115197,6.65214450711301,6,2025-10-27
APP,AppLovin,609.6445,3.0376419368236744,6.675374793912423,6,2025-10-28
APP,AppLovin,583.44,3.062956171104671,6.670991303245701,6,2025-10-29
APP,AppLovin,609.914,3.0837901940587957,6.6934438745202955,6,2025-10-30
APP,AppLovin,660.0009,3.0542554174913157,6.7114896331025475,6,2025-10-31
APP,AppLovin,667.8812,3.0752124584472744,6.760245769601961,6,2025-11-01
APP,AppLovin,757.4928,3.0907847646610307,6.820564340698723,6,2025-11-02
APP,AppLovin,752.3918,3.077014941546909,6.859484871464988,6,2025-11-03
APP,AppLovin,753.4506,3.0692623431531776,6.89561762818453,6,2025-11-04
APP,AppLovin,768.3075,3.042272397037496,6.958670184374001,6,2025-11-05
APP,AppLovin,769.2842,3.0374162922884285,6.991007544350552,6,2025-11-06
APP,AppLovin,754.3316,3.035865747849707,7.030417593996535,6,2025-11-07
APTV,Aptiv,83.8449,8.674799799919128,0.700699985027313,2,2025-10-25
APTV,Aptiv,82.835,8.6040876157614,0.6977988373068623,2,2025-10-26
APTV,Aptiv,83.4408,8.523350548544867,0.6976086573164153,2,2025-10-27
APTV,Aptiv,83.1465,8.567553894225089,0.6955438607726976,2,2025-10-28
APTV,Aptiv,83.609,8.618830693906405,0.7012581494337606,2,2025-10-29
APTV,Aptiv,83.4978,8.580526972984323,0.6995048270012405,2,2025-10-30
APTV,Aptiv,83.7756,8.575466608576644,0.6932186097792814,2,2025-10-31
APTV,Aptiv,82.982,8.58661357530376,0.691609339068592,2,2025-11-01
APTV,Aptiv,83.2722,8.599799379861814,0.6925104558344998,2,2025-11-02
APTV,Aptiv,83.7257,8.528031081323915,0.6884456222169977,2,2025-11-03
APTV,Aptiv,83.6248,8.54339654967377,0.6906265139558586,2,2025-11-04
APTV,Aptiv,83.3177,8.514389941349535,0.6952692428283964,2,2025-11-05
APTV,Aptiv,83.2726,8.437283063043383,0.6921454908641284,2,2025-11-06
APTV,Aptiv,83.4641,8.498677334237954,0.6877840246509481,2,2025-11-07
ARE,Alexandria Real Estate Equities,76.622,4.585599899291992,6.707000136375427,5,2025-10-25
ARE,Alexandria Real Estate Equities,76.1763,4.614454745490339,6.744159700534172,5,2025-10-26
ARE,Alexandria Real Estate Equities,75.4293,4.594712913186043,6.704217192933283,5,2025-10-27
ARE,Alexandria Real Estate Equities,74.9976,4.629498822607228,6.76739645441405,5,2025-10-28
ARE,Alexandria Real Estate Equities,74.9392,4.615463785189331,6.7096820744314085,5,2025-10-29
ARE,Alexandria Real Estate Equities,75.2138,4.6054629868142065,6.693337689078373,5,2025-10-30
ARE,Alexandria Real Estate Equities,75.302,4.642688440024806,6.631708271620597,5,2025-10-31
ARE,Alexandria Real Estate Equities,75.1754,4.671416770457532,6.669423865961463,5,2025-11-01
ARE,Alexandria Real Estate Equities,70.9095,4.703157696414761,6.687635465063514,5,2025-11-02
ARE,Alexandria Real Estate Equities,69.5786,4.680588501471237,6.688129257480717,5,2025-11-03
ARE,Alexandria Real Estate Equities,70.0871,4.6736820639758685,6.746000626318852,5,2025-11-04
ARE,Alexandria Real Estate Equities,71.296,4.681677433837823,6.679463192166861,5,2025-11-05
ARE,Alexandria Real Estate Equities,72.7794,4.654911346526545,6.708738801943679,5,2025-11-06
ARE,Alexandria Real Estate Equities,73.2674,4.6091400243819125,6.6977988341198,5,2025-11-07
ATO,Atmos Energy,176.6907,4.621999859809875,6.179900169372559,2,2025-10-25
ATO,Atmos Energy,177.0719,4.636323114287584,6.162792440753062,2,2025-10-26
ATO,Atmos Energy,176.6678,4.663785705689577,6.223078624064429,2,2025-10-27
ATO,Atmos Energy,176.1562,4.7001922753906165,6.197280311200933,2,2025-10-28
ATO,Atmos Energy,175.7155,4.727149510545365,6.190027483680431,2,2025-10-29
ATO,Atmos Energy,175.8547,4.769076166811444,6.219883526564593,2,2025-10-30
ATO,Atmos Energy,176.1918,4.722160602756606,6.169475010338234,2,2025-10-31
ATO,Atmos Energy,176.3714,4.720701403395433,6.127292285628026,2,2025-11-01
ATO,Atmos Energy,180.2876,4.736533248640722,6.130873046453535,2,2025-11-02
ATO,Atmos Energy,182.0698,4.7082366277102725,6.1075275527934405,2,2025-11-03
ATO,Atmos Energy,182.3814,4.730513374853424,6.125224890029087,2,2025-11-04
ATO,Atmos Energy,181.5112,4.750985783481333,6.154493709739646,2,2025-11-05
ATO,Atmos Energy,180.5829,4.708824273937477,6.13059822698906,2,2025-11-06
ATO,Atmos Energy,179.346,4.717145673125726,6.083922651936769,2,2025-11-07
AVB,AvalonBay Communities,195.52,8.860700130462646,0.0,1,2025-10-25
AVB,AvalonBay Communities,198.517,8.884889402071117,0.0,1,2025-10-26
AVB,AvalonBay Communities,198.9212,8.87875534038723,0.0,1,2025-10-27
AVB,AvalonBay Communities,196.7676,8.948983398194747,0.0,1,2025-10-28
AVB,AvalonBay Communities,195.7112,8.898828360378701,0.0,1,2025-10-29
AVB,AvalonBay Communities,196.3217,8.958677609580178,0.0,1,2025-10-30
AVB,AvalonBay Communities,197.1162,9.039922969538516,0.0,1,2025-10-31
AVB,AvalonBay Communities,197.1982,9.032002762100479,0.0,1,2025-11-01
AVB,AvalonBay Communities,194.932,9.050416167389946,0.0,1,2025-11-02
AVB,AvalonBay Communities,194.0349,9.106794860045234,0.0,1,2025-11-03
AVB,AvalonBay Communities,195.1445,9.027769926245204,0.0,1,2025-11-04
AVB,AvalonBay Communities,195.7578,9.00658411008689,0.0,1,2025-11-05
AVB,AvalonBay Communities,196.0364,9.034237758248235,0.0,1,2025-11-06
AVB,AvalonBay Communities,194.1246,8.951564585454783,0.0,1,2025-11-07
AVGO,Broadcom,397.3408,8.15750002861023,1.372199952602386,3,2025-10-25
AVGO,Broadcom,402.4864,8.21923752435707,1.371490223752882,3,2025-10-26
AVGO,Broadcom,399.0837,8.251900159468367,1.3746051420035363,3,2025-10-27
AVGO,Broadcom,389.0686,8.232633828969579,1.3872905702969383,3,2025-10-28
AVGO,Broadcom,376.2845,8.28688768198788,1.3987278265561391,3,2025-10-29
AVGO,Broadcom,373.5125,8.244754148502272,1.4119777118218688,3,2025-10-30
AVGO,Broadcom,389.0269,8.188355127066677,1.3979146034130414,3,2025-10-31
AVGO,Broadcom,398.0623,8.17064356879079,1.388394440176502,3,2025-11-01
AVGO,Broadcom,404.2948,8.129586046766555,1.3792022333921259,3,2025-11-02
AVGO,Broadcom,405.1143,8.07094973727388,1.3794531645876735,3,2025-11-03
AVGO,Broadcom,399.4089,8.114390672505984,1.3901711920531423,3,2025-11-04
AVGO,Broadcom,391.6629,8.192566800012203,1.3776032823224942,3,2025-11-05
AVGO,Broadcom,388.2304,8.240557781164673,1.3732850029175374,3,2025-11-06
AVGO,Broadcom,390.4024,8.309226471221146,1.3643616202436122,3,2025-11-07
AVY,Avery Dennison,185.9902,7.01170027256012,1.690099984407425,2,2025-10-25
AVY,Avery Dennison,189.7207,6.992821080011002,1.704156957194131,2,2025-10-26
AVY,Avery Dennison,188.9444,7.05836505214687,1.687428247710062,2,2025-10-27
AVY,Avery Dennison,187.4089,7.124554712104315,1.6742452887626484,2,2025-10-28
AVY,Avery Dennison,186.9289,7.132254288916395,1.667605896598349,2,2025-10-29
AVY,Avery Dennison,187.3869,7.1407662662781455,1.6662962966575359,2,2025-10-30
AVY,Avery Dennison,187.6317,7.093984447226342,1.66024316974891,2,2025-10-31
AVY,Avery Dennison,187.6348,7.114253131114413,1.6573239257254557,2,2025-11-01
AVY,Avery Dennison,183.2176,7.169264553665154,1.6666278078524837,2,2025-11-02
AVY,Avery Dennison,182.054,7.198507855973175,1.657414393668838,2,2025-11-03
AVY,Avery Dennison,183.0368,7.263653677182771,1.667911724120839,2,2025-11-04
AVY,Avery Dennison,183.7902,7.295601255036435,1.666194994319721,2,2025-11-05
AVY,Avery Dennison,183.6697,7.27725113890133,1.6735989693140223,2,2025-11-06
AVY,Avery Dennison,183.8725,7.230044722006456,1.6762752684248725,2,2025-11-07
AWK,American Water Works,143.4268,8.448399901390076,0.8709999918937681,5,2025-10-25
AWK,American Water Works,144.0289,8.421870267495708,0.8716451017676475,5,2025-10-26
AWK,American Water Works,143.4822,8.419110989242201,0.8663673722943462,5,2025-10-27
AWK,American Water Works,143.4221,8.397951702303146,0.8744080442986474,5,2025-10-28
AWK,American Water Works,143.5485,8.354930172388707,0.8798772939479306,5,2025-10-29
AWK,American Water Works,143.4107,8.312521531571925,0.8817710069695728,5,2025-10-30
AWK,American Water Works,143.3747,8.383572201983341,0.8825869456864678,5,2025-10-31
AWK,American Water Works,143.3672,8.409872255873088,0.8878082046040039,5,2025-11-01
AWK,American Water Works,142.5778,8.414962823239078,0.8901546066361834,5,2025-11-02
AWK,American Water Works,142.3986,8.444987878563918,0.8986118801078912,5,2025-11-03
AWK,American Water Works,142.4633,8.429662043821963,0.9048955974354916,5,2025-11-04
AWK,American Water Works,142.6767,8.35513635285015,0.8979604069742745,5,2025-11-05
AWK,American Water Works,142.6126,8.324949451748603,0.8971660070453267,5,2025-11-06
AWK,American Water Works,143.2189,8.30844029333558,0.902222028866295,5,2025-11-07
AXON,Axon Enterprise,788.1723,3.359799981117248,7.620300054550171,4,2025-10-25
AXON,Axon Enterprise,828.6797,3.3553159762377707,7.637637289625626,4,2025-10-26
AXON,Axon Enterprise,817.0049,3.36030071932642,7.6005312133460485,4,2025-10-27
AXON,Axon Enterprise,762.937,3.3678688546508764,7.670278482487366,4,2025-10-28
AXON,Axon Enterprise,724.5742,3.386536144857915,7.6993009812102216,4,2025-10-29
AXON,Axon Enterprise,734.8816,3.37798591601449,7.758297228415949,4,2025-10-30
AXON,Axon Enterprise,790.3627,3.3791733835934714,7.712463519234773,4,2025-10-31
AXON,Axon Enterprise,816.981,3.3999183938543664,7.703575786922833,4,2025-11-01
AXON,Axon Enterprise,863.8931,3.4124006544952454,7.636763549847737,4,2025-11-02
AXON,Axon Enterprise,876.4971,3.4135084141592547,7.662922609735019,4,2025-11-03
AXON,Axon Enterprise,862.0127,3.4168212338684074,7.671734907114639,4,2025-11-04
AXON,Axon Enterprise,821.1588,3.439976378723029,7.741965966617394,4,2025-11-05
AXON,Axon Enterprise,795.9485,3.4547508253302914,7.814261389144806,4,2025-11-06
AXON,Axon Enterprise,796.612,3.461448400901148,7.853082773126875,4,2025-11-07
AXP,American Express,357.0728,8.328700065612793,0.0,1,2025-10-25
AXP,American Express,355.5026,8.286007391548328,0.0,1,2025-10-26
AXP,American Express,353.9598,8.294797229250259,0.0,1,2025-10-27
AXP,American Express,353.2865,8.276752990297634,0.0,1,2025-10-28
AXP,American Express,353.5387,8.266237897589118,0.0,1,2025-10-29
AXP,American Express,353.8517,8.192579071703157,0.0,1,2025-10-30
AXP,American Express,354.4274,8.236714146849826,0.0,1,2025-10-31
AXP,American Express,354.3408,8.160011091698596,0.0,1,2025-11-01
AXP,American Express,355.0443,8.07915559554362,0.0,1,2025-11-02
AXP,American Express,355.7189,8.155850322667444,0.0,1,2025-11-03
AXP,American Express,357.9624,8.092324740234742,0.0,1,2025-11-04
AXP,American Express,359.7501,8.168227800648811,0.0,1,2025-11-05
AXP,American Express,359.6001,8.101540271346725,0.0,1,2025-11-06
AXP,American Express,355.2632,8.152320355061002,0.0,1,2025-11-07
AZO,AutoZone,3466.7578,0.120599996298551,0.0,1,2025-10-25
AZO,AutoZone,3477.9864,0.120105949143144,0.0,1,2025-10-26
AZO,AutoZone,3625.6439,0.12129910289716223,0.0,1,2025-10-27
AZO,AutoZone,3704.2428,0.12159035826552174,0.0,1,2025-10-28
AZO,AutoZone,3756.5969,0.12239940833469162,0.0,1,2025-10-29
AZO,AutoZone,3582.6655,0.12295543938042212,0.0,1,2025-10-30
AZO,AutoZone,3618.8297,0.12254840065584686,0.0,1,2025-10-31
AZO,AutoZone,3537.0086,0.12364949537547738,0.0,1,2025-11-01
AZO,AutoZone,3559.79,0.1225696850204259,0.0,1,2025-11-02
AZO,AutoZone,3636.5686,0.12368024505371622,0.0,1,2025-11-03
AZO,AutoZone,3716.1196,0.12291091273478494,0.0,1,2025-11-04
AZO,AutoZone,3708.5119,0.12385863971930218,0.0,1,2025-11-05
AZO,AutoZone,3626.6534,0.12288293494927942,0.0,1,2025-11-06
AZO,AutoZone,3590.0428,0.12192531512922884,0.0,1,2025-11-07
BA,Boeing,224.345,-0.300099998712539,0.793199986219406,4,2025-10-25
BA,Boeing,222.8563,-0.30225113141395726,0.7948309365610539,4,2025-10-26
BA,Boeing,220.8133,-0.30511769385897236,0.8015854863555291,4,2025-10-27
BA,Boeing,221.3318,-0.302874333385474,0.8060323997555935,4,2025-10-28
BA,Boeing,222.4078,-0.3038816406310737,0.812275872941491,4,2025-10-29
BA,Boeing,222.6395,-0.30616002118136415,0.8058006728667333,4,2025-10-30
BA,Boeing,222.7291,-0.3063920983515873,0.8097923702331118,4,2025-10-31
BA,Boeing,223.1345,-0.30617548085008,0.8147134637577819,4,2025-11-01
BA,Boeing,229.0015,-0.3037616464726613,0.818792069329734,4,2025-11-02
BA,Boeing,232.2974,-0.30139744053131984,0.8265678102268043,4,2025-11-03
BA,Boeing,232.8575,-0.29939982803206844,0.8270178808184179,4,2025-11-04
BA,Boeing,231.4378,-0.2995949082298408,0.8249831939058802,4,2025-11-05
BA,Boeing,230.6824,-0.3023692369628834,0.8296930081531662,4,2025-11-06
BA,Boeing,230.5722,-0.3035543941694897,0.825650040659882,4,2025-11-07
BAC,Bank of America,50.9121,8.928800225257874,0.0,1,2025-10-25
BAC,Bank of America,49.1301,8.84826370107522,0.0,1,2025-10-26
BAC,Bank of America,48.7963,8.759961063205935,0.0,1,2025-10-27
BAC,Bank of America,49.9737,8.819342435079648,0.0,1,2025-10-28
BAC,Bank of America,50.6408,8.817779597368213,0.0,1,2025-10-29
BAC,Bank of America,50.5536,8.80044577893235,0.0,1,2025-10-30
BAC,Bank of America,50.2454,8.716194837877035,0.0,1,2025-10-31
BAC,Bank of America,50.177,8.763359883718067,0.0,1,2025-11-01
BAC,Bank of America,51.4538,8.788692184164743,0.0,1,2025-11-02
BAC,Bank of America,51.9023,8.874802717439902,0.0,1,2025-11-03
BAC,Bank of America,51.8367,8.836955202565926,0.0,1,2025-11-04
BAC,Bank of America,51.5939,8.828268954943718,0.0,1,2025-11-05
BAC,Bank of America,51.5018,8.81846554723395,0.0,1,2025-11-06
BAC,Bank of America,51.2754,8.79809932578546,0.0,1,2025-11-07
BALL,Ball Corporation,53.463,8.265299797058105,0.0,1,2025-10-25
BALL,Ball Corporation,55.1982,8.20065513599972,0.0,1,2025-10-26
BALL,Ball Corporation,54.7311,8.182765980939722,0.0,1,2025-10-27
BALL,Ball Corporation,54.2551,8.256150577545398,0.0,1,2025-10-28
BALL,Ball Corporation,54.2948,8.257708292075794,0.0,1,2025-10-29
BALL,Ball Corporation,54.2473,8.291676701573557,0.0,1,2025-10-30
BALL,Ball Corporation,54.2502,8.368277057747237,0.0,1,2025-10-31
BALL,Ball Corporation,54.2598,8.34063509979265,0.0,1,2025-11-01
BALL,Ball Corporation,52.8426,8.267663545949917,0.0,1,2025-11-02
BALL,Ball Corporation,52.2108,8.33612614236515,0.0,1,2025-11-03
BALL,Ball Corporation,52.3548,8.312798637317,0.0,1,2025-11-04
BALL,Ball Corporation,52.5066,8.352645963658984,0.0,1,2025-11-05
BALL,Ball Corporation,52.4793,8.335918248346466,0.0,1,2025-11-06
BALL,Ball Corporation,52.0948,8.351140966309291,0.0,1,2025-11-07
BAX,Baxter International,26.2818,8.519399762153625,0.0,1,2025-10-25
BAX,Baxter International,28.5008,8.517395453739221,0.0,1,2025-10-26
BAX,Baxter International,28.3735,8.562758354401549,0.0,1,2025-10-27
BAX,Baxter International,25.7058,8.535496514507306,0.0,1,2025-10-28
BAX,Baxter International,25.8756,8.528096713697725,0.0,1,2025-10-29
BAX,Baxter International,26.3247,8.490031630259866,0.0,1,2025-10-30
BAX,Baxter International,26.4352,8.48188274633408,0.0,1,2025-10-31
BAX,Baxter International,26.1242,8.475632368948732,0.0,1,2025-11-01
BAX,Baxter International,24.2273,8.49733329878961,0.0,1,2025-11-02
BAX,Baxter International,24.2382,8.532019069588648,0.0,1,2025-11-03
BAX,Baxter International,24.0458,8.61163505497239,0.0,1,2025-11-04
BAX,Baxter International,23.8336,8.63402142741553,0.0,1,2025-11-05
BAX,Baxter International,23.8801,8.689990184357672,0.0,1,2025-11-06
BAX,Baxter International,23.9766,8.627826603863332,0.0,1,2025-11-07
BBY,Best Buy,84.2196,4.113700091838836,0.0,1,2025-10-25
BBY,Best Buy,84.3747,4.1481235345818455,0.0,1,2025-10-26
BBY,Best Buy,83.8831,4.144142428051108,0.0,1,2025-10-27
BBY,Best Buy,83.3337,4.1090718532132895,0.0,1,2025-10-28
BBY,Best Buy,83.3401,4.068539144991619,0.0,1,2025-10-29
BBY,Best Buy,83.6145,4.0780669372904415,0.0,1,2025-10-30
BBY,Best Buy,83.7179,4.053793850405005,0.0,1,2025-10-31
BBY,Best Buy,83.6346,4.094280714500696,0.0,1,2025-11-01
BBY,Best Buy,83.3197,4.113096259616779,0.0,1,2025-11-02
BBY,Best Buy,83.2608,4.120623876840434,0.0,1,2025-11-03
BBY,Best Buy,83.3282,4.138321200118392,0.0,1,2025-11-04
BBY,Best Buy,83.6132,4.136891289909051,0.0,1,2025-11-05
BBY,Best Buy,83.6454,4.168480528090848,0.0,1,2025-11-06
BBY,Best Buy,82.9284,4.145941054694234,0.0,1,2025-11-07
BDX,Becton Dickinson,180.0708,-7.852299809455872,0.0,1,2025-10-25
BDX,Becton Dickinson,179.0872,-7.91616138837626,0.0,1,2025-10-26
BDX,Becton Dickinson,179.6919,-7.860199550745519,0.0,1,2025-10-27
BDX,Becton Dickinson,178.9446,-7.868529243410385,0.0,1,2025-10-28
BDX,Becton Dickinson,178.4788,-7.850535523622275,0.0,1,2025-10-29
BDX,Becton Dickinson,178.5687,-7.9202294908709305,0.0,1,2025-10-30
BDX,Becton Dickinson,178.925,-7.870202901332776,0.0,1,2025-10-31
BDX,Becton Dickinson,178.7122,-7.807066790384946,0.0,1,2025-11-01
BDX,Becton Dickinson,175.3346,-7.743651955375703,0.0,1,2025-11-02
BDX,Becton Dickinson,174.1716,-7.7668057165518,0.0,1,2025-11-03
BDX,Becton Dickinson,172.7727,-7.821618785928251,0.0,1,2025-11-04
BDX,Becton Dickinson,172.1869,-7.743971391306479,0.0,1,2025-11-05
BDX,Becton Dickinson,172.4021,-7.75695554465632,0.0,1,2025-11-06
BDX,Becton Dickinson,174.4314,-7.710585877420979,0.0,1,2025-11-07
BEN,Franklin Resources,21.7703,8.358399868011475,0.0,1,2025-10-25
BEN,Franklin Resources,21.3835,8.414757418132854,0.0,1,2025-10-26
BEN,Franklin Resources,21.5001,8.42423456864061,0.0,1,2025-10-27
BEN,Franklin Resources,21.6857,8.389729606419063,0.0,1,2025-10-28
BEN,Franklin Resources,21.7642,8.321946063522372,0.0,1,2025-10-29
BEN,Franklin Resources,21.6679,8.260226356344877,0.0,1,2025-10-30
BEN,Franklin Resources,21.6117,8.202189919582011,0.0,1,2025-10-31
BEN,Franklin Resources,21.628,8.188459662335447,0.0,1,2025-11-01
BEN,Franklin Resources,22.8547,8.136083926091091,0.0,1,2025-11-02
BEN,Franklin Resources,23.3001,8.17819315692567,0.0,1,2025-11-03
BEN,Franklin Resources,23.0073,8.211682178770468,0.0,1,2025-11-04
BEN,Franklin Resources,22.7903,8.205601574462833,0.0,1,2025-11-05
BEN,Franklin Resources,22.8174,8.210820759816372,0.0,1,2025-11-06
BEN,Franklin Resources,22.993,8.13107523933295,0.0,1,2025-11-07
BF-B,Brown–Forman,26.1928,9.014100000000001,0.0381,2,2025-10-25
BF-B,Brown–Forman,27.2704,9.031314743879024,0.03814882282924856,2,2025-10-26
BF-B,Brown–Forman,29.3009,9.010848069350827,0.038009476256863205,2,2025-10-27
BF-B,Brown–Forman,29.8278,8.944022302353096,0.03823163638279709,2,2025-10-28
BF-B,Brown–Forman,26.7548,8.985752267891431,0.038203887749040245,2,2025-10-29
BF-B,Brown–Forman,26.7215,9.064844655798737,0.03831452317645168,2,2025-10-30
BF-B,Brown–Forman,25.8078,9.084100653841071,0.03824531253116837,2,2025-10-31
BF-B,Brown–Forman,27.0759,9.00493466459508,0.03811855050713696,2,2025-11-01
BF-B,Brown–Forman,26.5537,9.023321138915357,0.0383225218602727,2,2025-11-02
BF-B,Brown–Forman,22.823,8.969825134233165,0.03819353030422882,2,2025-11-03
BF-B,Brown–Forman,23.5331,8.959487046559826,0.03829790490424248,2,2025-11-04
BF-B,Brown–Forman,25.7949,9.036241714889366,0.03813189938515656,2,2025-11-05
BF-B,Brown–Forman,27.4632,9.003584478369069,0.03815103338944634,2,2025-11-06
BF-B,Brown–Forman,27.3046,9.075565482595769,0.03818926057867438,2,2025-11-07
BG,Bunge Global,95.8577,8.931999802589417,0.07899999618530201,2,2025-10-25
BG,Bunge Global,94.1754,8.856917278437532,0.07910819866752315,2,2025-10-26
BG,Bunge Global,94.1301,8.79797097167525,0.07884666294553827,2,2025-10-27
BG,Bunge Global,94.5465,8.771984138714842,0.07921167158925196,2,2025-10-28
BG,Bunge Global,94.5297,8.833520393975016,0.07942206902690309,2,2025-10-29
BG,Bunge Global,94.3336,8.793763549188917,0.07981667164842639,2,2025-10-30
BG,Bunge Global,94.2258,8.830311922143155,0.07949425332363355,2,2025-10-31
BG,Bunge Global,94.571,8.85405759811047,0.07949772111480606,2,2025-11-01
BG,Bunge Global,94.83,8.911924970144902,0.0799530298190028,2,2025-11-02
BG,Bunge Global,94.8544,8.978304887929434,0.07922732411281631,2,2025-11-03
BG,Bunge Global,94.3685,9.045680313247868,0.07926982768529899,2,2025-11-04
BG,Bunge Global,94.3612,9.067232841193395,0.07994539675031978,2,2025-11-05
BG,Bunge Global,94.5869,9.001217143729246,0.08033155988382927,2,2025-11-06
BG,Bunge Global,94.87,8.929267848869811,0.08062597912229832,2,2025-11-07
BIIB,Biogen,136.9114,-2.44949996471405,6.040099859237671,4,2025-10-25
BIIB,Biogen,127.6258,-2.4475162836288855,6.051473318787727,4,2025-10-26
BIIB,Biogen,125.2866,-2.44174691115549,6.069005316176091,4,2025-10-27
BIIB,Biogen,129.2879,-2.419354703206114,6.106518854510428,4,2025-10-28
BIIB,Biogen,134.3553,-2.3993962704204193,6.095996769559372,4,2025-10-29
BIIB,Biogen,138.0652,-2.3951266896858074,6.0765008148350175,4,2025-10-30
BIIB,Biogen,136.5647,-2.4000705073332473,6.083609610487489,4,2025-10-31
BIIB,Biogen,130.1435,-2.41583385195148,6.1267465088761695,4,2025-11-01
BIIB,Biogen,125.8758,-2.438728852835658,6.119743068656308,4,2025-11-02
BIIB,Biogen,127.8842,-2.4324204061751984,6.145904369661726,4,2025-11-03
BIIB,Biogen,133.2525,-2.4339221161626026,6.193943116578141,4,2025-11-04
BIIB,Biogen,136.3619,-2.428204656459345,6.230967801135739,4,2025-11-05
BIIB,Biogen,133.6285,-2.4477589818743852,6.2674969985300475,4,2025-11-06
BIIB,Biogen,127.4177,-2.4705859192108495,6.2289393470074685,4,2025-11-07
BK,BNY Mellon,117.5086,8.75469982624054,0.0,1,2025-10-25
BK,BNY Mellon,116.9663,8.737886562331862,0.0,1,2025-10-26
BK,BNY Mellon,114.4737,8.707495730911887,0.0,1,2025-10-27
BK,BNY Mellon,112.0457,8.673755199460642,0.0,1,2025-10-28
BK,BNY Mellon,111.3495,8.72932443517915,0.0,1,2025-10-29
BK,BNY Mellon,115.6465,8.740085015719943,0.0,1,2025-10-30
BK,BNY Mellon,116.4834,8.702462610280804,0.0,1,2025-10-31
BK,BNY Mellon,115.5663,8.74929887160847,0.0,1,2025-11-01
BK,BNY Mellon,117.5709,8.760524934173905,0.0,1,2025-11-02
BK,BNY Mellon,118.9797,8.761898690392636,0.0,1,2025-11-03
BK,BNY Mellon,119.887,8.74659418687803,0.0,1,2025-11-04
BK,BNY Mellon,119.4615,8.661117129231203,0.0,1,2025-11-05
BK,BNY Mellon,118.116,8.656629266189118,0.0,1,2025-11-06
BK,BNY Mellon,115.7699,8.689462591434664,0.0,1,2025-11-07
BKNG,Booking Holdings,4735.5553,-3.926700055599212,7.011299729347229,7,2025-10-25
BKNG,Booking Holdings,4594.4671,-3.914449029998488,6.9985392516515645,7,2025-10-26
BKNG,Booking Holdings,4704.7938,-3.929785076947489,6.987758628637757,7,2025-10-27
BKNG,Booking Holdings,4823.635,-3.906980664473474,7.030920291457882,7,2025-10-28
BKNG,Booking Holdings,4851.5915,-3.874826392926161,7.065652812516334,7,2025-10-29
BKNG,Booking Holdings,4747.7648,-3.88034835065366,7.051376531280956,7,2025-10-30
BKNG,Booking Holdings,4649.8823,-3.8425673890131407,7.052238770168503,7,2025-10-31
BKNG,Booking Holdings,4644.2357,-3.826604748247021,7.045298303041125,7,2025-11-01
BKNG,Booking Holdings,5144.7387,-3.84159282957758,7.1012668666055685,7,2025-11-02
BKNG,Booking Holdings,5275.9067,-3.837931069084007,7.089994784913526,7,2025-11-03
BKNG,Booking Holdings,5233.2494,-3.8593413246710466,7.116326552125523,7,2025-11-04
BKNG,Booking Holdings,5120.588,-3.866970968645375,7.090635147002146,7,2025-11-05
BKNG,Booking Holdings,5049.6251,-3.855791010580978,7.023119278513456,7,2025-11-06
BKNG,Booking Holdings,5015.1615,-3.8186656940360435,7.067755131792107,7,2025-11-07
BKR,Baker Hughes,44.6072,-5.472999811172485,7.371199727058411,5,2025-10-25
BKR,Baker Hughes,43.9596,-5.432249338744497,7.370216680029718,5,2025-10-26
BKR,Baker Hughes,44.9273,-5.392565013783143,7.370054963816514,5,2025-10-27
BKR,Baker Hughes,45.2763,-5.411550188741898,7.402934055876272,5,2025-10-28
BKR,Baker Hughes,45.4946,-5.391377806201246,7.41521417112394,5,2025-10-29
BKR,Baker Hughes,45.2826,-5.398528783407761,7.486102004355264,5,2025-10-30
BKR,Baker Hughes,45.1316,-5.359093621595769,7.53918637283502,5,2025-10-31
BKR,Baker Hughes,45.215,-5.377527046573604,7.604409515973829,5,2025-11-01
BKR,Baker Hughes,46.7214,-5.410066170655992,7.533344576473517,5,2025-11-02
BKR,Baker Hughes,47.1341,-5.3913518574336035,7.593914253033301,5,2025-11-03
BKR,Baker Hughes,47.421,-5.355276612481087,7.622791114746091,5,2025-11-04
BKR,Baker Hughes,47.1704,-5.333153531528814,7.577093837967326,5,2025-11-05
BKR,Baker Hughes,46.9943,-5.282067302932936,7.506381096569097,5,2025-11-06
BKR,Baker Hughes,46.6706,-5.2579424875130565,7.483806516839275,5,2025-11-07
BLDR,Builders FirstSource,125.2983,0.089400000870227,0.0,1,2025-10-25
BLDR,Builders FirstSource,126.4606,0.08995159947627684,0.0,1,2025-10-26
BLDR,Builders FirstSource,126.0318,0.08924550138955102,0.0,1,2025-10-27
BLDR,Builders FirstSource,124.423,0.08855005107551568,0.0,1,2025-10-28
BLDR,Builders FirstSource,123.6204,0.08799846137955929,0.0,1,2025-10-29
BLDR,Builders FirstSource,124.0193,0.08870254978567453,0.0,1,2025-10-30
BLDR,Builders FirstSource,124.958,0.08945532132728984,0.0,1,2025-10-31
BLDR,Builders FirstSource,125.5043,0.08939980910197254,0.0,1,2025-11-01
BLDR,Builders FirstSource,122.31,0.0885509265278007,0.0,1,2025-11-02
BLDR,Builders FirstSource,119.7745,0.08800698673654674,0.0,1,2025-11-03
BLDR,Builders FirstSource,120.5526,0.08738166395607591,0.0,1,2025-11-04
BLDR,Builders FirstSource,123.3344,0.08806498729134757,0.0,1,2025-11-05
BLDR,Builders FirstSource,125.2164,0.08776077813193174,0.0,1,2025-11-06
BLDR,Builders FirstSource,123.6301,0.08759736028810824,0.0,1,2025-11-07
BLK,BlackRock,1111.9364,8.38509976863861,0.0,1,2025-10-25
BLK,BlackRock,1103.0223,8.407144812663129,0.0,1,2025-10-26
BLK,BlackRock,1110.0821,8.35357896041973,0.0,1,2025-10-27
BLK,BlackRock,1107.7449,8.38678096352605,0.0,1,2025-10-28
BLK,BlackRock,1109.4203,8.402918820465128,0.0,1,2025-10-29
BLK,BlackRock,1103.4726,8.432791013625893,0.0,1,2025-10-30
BLK,BlackRock,1107.9137,8.476630231393836,0.0,1,2025-10-31
BLK,BlackRock,1105.7671,8.430249795179682,0.0,1,2025-11-01
BLK,BlackRock,1127.4626,8.471202745748352,0.0,1,2025-11-02
BLK,BlackRock,1138.4952,8.45501243863306,0.0,1,2025-11-03
BLK,BlackRock,1140.5859,8.392275535449267,0.0,1,2025-11-04
BLK,BlackRock,1133.5183,8.37548982777805,0.0,1,2025-11-05
BLK,BlackRock,1132.4767,8.377493836070629,0.0,1,2025-11-06
BLK,BlackRock,1124.5123,8.41433083511082,0.0,1,2025-11-07
BMY,Bristol Myers Squibb,46.7934,9.063400030136108,0.0,1,2025-10-25
BMY,Bristol Myers Squibb,48.0815,9.11482132501959,0.0,1,2025-10-26
BMY,Bristol Myers Squibb,47.7874,9.072504907948963,0.0,1,2025-10-27
BMY,Bristol Myers Squibb,47.1483,9.011381497686322,0.0,1,2025-10-28
BMY,Bristol Myers Squibb,46.9804,9.063359984458575,0.0,1,2025-10-29
BMY,Bristol Myers Squibb,47.1741,9.141956812395705,0.0,1,2025-10-30
BMY,Bristol Myers Squibb,47.2327,9.0890024998054,0.0,1,2025-10-31
BMY,Bristol Myers Squibb,47.1302,9.12437836756005,0.0,1,2025-11-01
BMY,Bristol Myers Squibb,46.1918,9.055003995270923,0.0,1,2025-11-02
BMY,Bristol Myers Squibb,45.7642,9.07810412149412,0.0,1,2025-11-03
BMY,Bristol Myers Squibb,46.1318,9.069499000034542,0.0,1,2025-11-04
BMY,Bristol Myers Squibb,46.5271,9.11284814857464,0.0,1,2025-11-05
BMY,Bristol Myers Squibb,46.4958,9.08781864713403,0.0,1,2025-11-06
BMY,Bristol Myers Squibb,45.9601,9.073179778551518,0.0,1,2025-11-07
BR,Broadridge Financial Solutions,236.165,-8.957099914550781,0.345400013029575,2,2025-10-25
BR,Broadridge Financial Solutions,238.7497,-8.949218930204305,0.34735619500169723,2,2025-10-26
BR,Broadridge Financial Solutions,239.5224,-8.979496753620644,0.34701616153859033,2,2025-10-27
BR,Broadridge Financial Solutions,237.0528,-8.951635438014941,0.34502539376275637,2,2025-10-28
BR,Broadridge Financial Solutions,235.7706,-8.952454857200776,0.3424655850066549,2,2025-10-29
BR,Broadridge Financial Solutions,237.9898,-9.021433345887026,0.3414633861052214,2,2025-10-30
BR,Broadridge Financial Solutions,238.2055,-8.978186896660267,0.34148316368203546,2,2025-10-31
BR,Broadridge Financial Solutions,236.7011,-8.998690276776252,0.3387064580868419,2,2025-11-01
BR,Broadridge Financial Solutions,239.8336,-8.92225420244695,0.33784083504921414,2,2025-11-02
BR,Broadridge Financial Solutions,241.9613,-8.84419894235791,0.3385051266158041,2,2025-11-03
BR,Broadridge Financial Solutions,242.7606,-8.922973019114284,0.33901577173610314,2,2025-11-04
BR,Broadridge Financial Solutions,241.0433,-8.87121817422727,0.33680622700395635,2,2025-11-05
BR,Broadridge Financial Solutions,240.4,-8.90785186250158,0.3338390618103821,2,2025-11-06
BR,Broadridge Financial Solutions,238.8699,-8.968722917852443,0.3354554805506154,2,2025-11-07
BRK-B,Berkshire Hathaway,505.2028,9.041500091552734,0.0,1,2025-10-25
BRK-B,Berkshire Hathaway,511.9358,9.112846259569464,0.0,1,2025-10-26
BRK-B,Berkshire Hathaway,510.3225,9.172580975355714,0.0,1,2025-10-27
BRK-B,Berkshire Hathaway,504.5238,9.162934182459582,0.0,1,2025-10-28
BRK-B,Berkshire Hathaway,503.1647,9.239969094181104,0.0,1,2025-10-29
BRK-B,Berkshire Hathaway,504.2888,9.246661302813095,0.0,1,2025-10-30
BRK-B,Berkshire Hathaway,504.7508,9.221719706289752,0.0,1,2025-10-31
BRK-B,Berkshire Hathaway,504.3479,9.202017448242744,0.0,1,2025-11-01
BRK-B,Berkshire Hathaway,505.8779,9.113822905948373,0.0,1,2025-11-02
BRK-B,Berkshire Hathaway,506.1811,9.172848358242627,0.0,1,2025-11-03
BRK-B,Berkshire Hathaway,506.1919,9.176455633964837,0.0,1,2025-11-04
BRK-B,Berkshire Hathaway,506.5053,9.200499798448188,0.0,1,2025-11-05
BRK-B,Berkshire Hathaway,506.3499,9.124673398528842,0.0,1,2025-11-06
BRK-B,Berkshire Hathaway,503.435,9.090888455314522,0.0,1,2025-11-07
BRO,Brown & Brown,91.3065,1.068900004029274,0.9331999719142909,2,2025-10-25
BRO,Brown & Brown,94.0714,1.0759486337183641,0.9300624301652766,2,2025-10-26
BRO,Brown & Brown,94.256,1.0664684371014133,0.9356222400761312,2,2025-10-27
BRO,Brown & Brown,92.3016,1.0746919087728872,0.9311814712509585,2,2025-10-28
BRO,Brown & Brown,91.0555,1.0745026366688997,0.9344760809118439,2,2025-10-29
BRO,Brown & Brown,91.5866,1.0783178667242814,0.9298318819011635,2,2025-10-30
BRO,Brown & Brown,92.3478,1.0729859746128991,0.9390341150323902,2,2025-10-31
BRO,Brown & Brown,92.6405,1.0763184667387033,0.946281687530323,2,2025-11-01
BRO,Brown & Brown,90.965,1.0738614134507964,0.9474882296342132,2,2025-11-02
BRO,Brown & Brown,89.8889,1.067322005883382,0.954892483563576,2,2025-11-03
BRO,Brown & Brown,90.1595,1.0724337055806292,0.9454093029323766,2,2025-11-04
BRO,Brown & Brown,90.1452,1.0786307544256475,0.9459339817791832,2,2025-11-05
BRO,Brown & Brown,89.8131,1.080133253947811,0.9469251943669904,2,2025-11-06
BRO,Brown & Brown,88.6844,1.0756613508102661,0.9486963060415764,2,2025-11-07
BSX,Boston Scientific,106.7173,3.968900144100189,8.81600022315979,4,2025-10-25
BSX,Boston Scientific,109.5227,3.9492862223062586,8.742764937099777,4,2025-10-26
BSX,Boston Scientific,108.6644,3.979941944710684,8.770174536642477,4,2025-10-27
BSX,Boston Scientific,107.4864,3.944447123735464,8.713285280135759,4,2025-10-28
BSX,Boston Scientific,107.5416,3.9072323207505155,8.708382189936028,4,2025-10-29
BSX,Boston Scientific,107.8719,3.9382970801408557,8.661313702185952,4,2025-10-30
BSX,Boston Scientific,108.0069,3.9144502067474156,8.602503901982706,4,2025-10-31
BSX,Boston Scientific,107.827,3.8894888686145856,8.559706622880677,4,2025-11-01
BSX,Boston Scientific,108.6881,3.8565198032696566,8.480969620622012,4,2025-11-02
BSX,Boston Scientific,109.2445,3.8754568682928645,8.46881410068128,4,2025-11-03
BSX,Boston Scientific,109.5319,3.87528570251158,8.467661190739044,4,2025-11-04
BSX,Boston Scientific,108.8457,3.84895037118419,8.536472274903579,4,2025-11-05
BSX,Boston Scientific,108.4982,3.8811478338770793,8.498805202839035,4,2025-11-06
BSX,Boston Scientific,107.7004,3.867535038932298,8.503372273179,4,2025-11-07
BX,Blackstone Inc.,167.3954,7.216299772262573,1.503999978303909,2,2025-10-25
BX,Blackstone Inc.,171.3897,7.243451540141464,1.4989994088179908,2,2025-10-26
BX,Blackstone Inc.,169.564,7.179502207539461,1.502991341106096,2,2025-10-27
BX,Blackstone Inc.,167.7434,7.121825457323782,1.4973609047320553,2,2025-10-28
BX,Blackstone Inc.,167.5571,7.116983554073658,1.4836820192970925,2,2025-10-29
BX,Blackstone Inc.,168.4586,7.182002513825108,1.4793753536680032,2,2025-10-30
BX,Blackstone Inc.,169.1341,7.238227212049242,1.4678537807453569,2,2025-10-31
BX,Blackstone Inc.,168.9271,7.172219323183772,1.4678485235708982,2,2025-11-01
BX,Blackstone Inc.,171.3547,7.1369801134259045,1.4795718990234918,2,2025-11-02
BX,Blackstone Inc.,173.3096,7.095998887582674,1.4816686736114548,2,2025-11-03
BX,Blackstone Inc.,174.1523,7.103829778205359,1.481722746735409,2,2025-11-04
BX,Blackstone Inc.,173.6937,7.073790112789373,1.4803555793753624,2,2025-11-05
BX,Blackstone Inc.,172.229,7.066836409097741,1.4705364025324192,2,2025-11-06
BX,Blackstone Inc.,170.8921,7.09057733532792,1.473626647487517,2,2025-11-07
BXP,"BXP, Inc.",76.5011,3.8295000791549683,0.0,1,2025-10-25
BXP,"BXP, Inc.",77.2378,3.822119629324667,0.0,1,2025-10-26
BXP,"BXP, Inc.",77.2017,3.8035210991585564,0.0,1,2025-10-27
BXP,"BXP, Inc.",76.9606,3.8143093783501696,0.0,1,2025-10-28
BXP,"BXP, Inc.",76.8829,3.8395047994190588,0.0,1,2025-10-29
BXP,"BXP, Inc.",76.9922,3.8502078711765084,0.0,1,2025-10-30
BXP,"BXP, Inc.",77.1584,3.8529091570131864,0.0,1,2025-10-31
BXP,"BXP, Inc.",77.2248,3.8599341072354245,0.0,1,2025-11-01
BXP,"BXP, Inc.",76.5773,3.848333155323719,0.0,1,2025-11-02
BXP,"BXP, Inc.",76.2414,3.8185247347178732,0.0,1,2025-11-03
BXP,"BXP, Inc.",76.007,3.837318402069167,0.0,1,2025-11-04
BXP,"BXP, Inc.",76.1577,3.818940401836827,0.0,1,2025-11-05
BXP,"BXP, Inc.",76.4309,3.796410509736974,0.0,1,2025-11-06
BXP,"BXP, Inc.",75.9907,3.8030155031767268,0.0,1,2025-11-07
C,Citigroup,100.468,5.7972002029418945,0.0,1,2025-10-25
C,Citigroup,101.037,5.766127786089872,0.0,1,2025-10-26
C,Citigroup,101.7598,5.819799274955013,0.0,1,2025-10-27
C,Citigroup,101.7126,5.806098392847731,0.0,1,2025-10-28
C,Citigroup,101.465,5.824614564138948,0.0,1,2025-10-29
C,Citigroup,100.6855,5.872484056979592,0.0,1,2025-10-30
C,Citigroup,100.3477,5.903084025095272,0.0,1,2025-10-31
C,Citigroup,100.891,5.944086590316243,0.0,1,2025-11-01
C,Citigroup,104.9646,5.897512231528409,0.0,1,2025-11-02
C,Citigroup,105.0245,5.862197071216904,0.0,1,2025-11-03
C,Citigroup,106.3134,5.886134061417138,0.0,1,2025-11-04
C,Citigroup,106.5691,5.889491700968783,0.0,1,2025-11-05
C,Citigroup,106.0319,5.865622536270165,0.0,1,2025-11-06
C,Citigroup,104.5255,5.916123231690169,0.0,1,2025-11-07
CAG,Conagra Brands,21.5921,4.149999916553496,6.936900019645691,2,2025-10-25
CAG,Conagra Brands,23.4484,4.15632655976663,6.991839908991908,2,2025-10-26
CAG,Conagra Brands,23.462,4.1302501404427225,7.05425032187192,2,2025-10-27
CAG,Conagra Brands,21.5624,4.166152105119206,7.01330805255595,2,2025-10-28
CAG,Conagra Brands,21.0306,4.191089123841738,7.011359958204117,2,2025-10-29
CAG,Conagra Brands,21.3585,4.225372956557948,7.03974551381519,2,2025-10-30
CAG,Conagra Brands,21.8045,4.224574732172166,6.998018397502443,2,2025-10-31
CAG,Conagra Brands,21.8162,4.19021876529334,7.029589967604057,2,2025-11-01
CAG,Conagra Brands,19.8709,4.161461854806866,7.018788575393373,2,2025-11-02
CAG,Conagra Brands,19.2911,4.153566250474256,7.085819852597042,2,2025-11-03
CAG,Conagra Brands,19.6362,4.190123749501954,7.069897474803282,2,2025-11-04
CAG,Conagra Brands,20.233,4.154559146318333,7.108818092274156,2,2025-11-05
CAG,Conagra Brands,20.7985,4.162838756414044,7.065460452729539,2,2025-11-06
CAG,Conagra Brands,20.5728,4.203882331381984,6.995854314242938,2,2025-11-07
CAH,Cardinal Health,163.8076,8.639600276947021,0.0,1,2025-10-25
CAH,Cardinal Health,162.5451,8.58304758045673,0.0,1,2025-10-26
CAH,Cardinal Health,161.3229,8.55971988783193,0.0,1,2025-10-27
CAH,Cardinal Health,162.3814,8.643746132508268,0.0,1,2025-10-28
CAH,Cardinal Health,163.4283,8.559363195550873,0.0,1,2025-10-29
CAH,Cardinal Health,162.9393,8.63567716279245,0.0,1,2025-10-30
CAH,Cardinal Health,162.817,8.678193582116629,0.0,1,2025-10-31
CAH,Cardinal Health,162.8372,8.707746195902189,0.0,1,2025-11-01
CAH,Cardinal Health,173.38,8.640838939660345,0.0,1,2025-11-02
CAH,Cardinal Health,174.7592,8.72353301712414,0.0,1,2025-11-03
CAH,Cardinal Health,174.1262,8.703140655899478,0.0,1,2025-11-04
CAH,Cardinal Health,175.4957,8.736552286666027,0.0,1,2025-11-05
CAH,Cardinal Health,174.8665,8.711332303753483,0.0,1,2025-11-06
CAH,Cardinal Health,173.3641,8.788483654634568,0.0,1,2025-11-07
CARR,Carrier Global,62.9704,0.225099995732307,7.720699906349182,4,2025-10-25
CARR,Carrier Global,64.8924,0.22489450617639853,7.693752120950385,4,2025-10-26
CARR,Carrier Global,64.0348,0.2241792450116597,7.631271583738203,4,2025-10-27
CARR,Carrier Global,63.0909,0.22374564496617083,7.624921707691756,4,2025-10-28
CARR,Carrier Global,63.0949,0.2225623738706055,7.671257486095216,4,2025-10-29
CARR,Carrier Global,63.2033,0.22381071159948918,7.68529132585591,4,2025-10-30
CARR,Carrier Global,63.2533,0.22578750343765747,7.640391841545394,4,2025-10-31
CARR,Carrier Global,63.2618,0.22446128670440063,7.68372051869668,4,2025-11-01
CARR,Carrier Global,61.6242,0.22422658508026824,7.755263235184608,4,2025-11-02
CARR,Carrier Global,60.401,0.22368812181601444,7.714448988939795,4,2025-11-03
CARR,Carrier Global,60.565,0.22188995444972878,7.781140333854536,4,2025-11-04
CARR,Carrier Global,61.2336,0.2204762632510955,7.707031559362651,4,2025-11-05
CARR,Carrier Global,61.7269,0.22098552922210968,7.634968338608147,4,2025-11-06
CARR,Carrier Global,61.0679,0.2192138880219803,7.606573658485569,4,2025-11-07
CAT,Caterpillar Inc.,478.4291,2.498800009489059,6.098799705505371,9,2025-10-25
CAT,Caterpillar Inc.,451.8608,2.481687031511701,6.1026248486038694,9,2025-10-26
CAT,Caterpillar Inc.,451.5197,2.5006531609346325,6.088187565128452,9,2025-10-27
CAT,Caterpillar Inc.,468.4177,2.4910229871086407,6.0711113706801045,9,2025-10-28
CAT,Caterpillar Inc.,472.4336,2.5140788811425234,6.05355783066574,9,2025-10-29
CAT,Caterpillar Inc.,471.4776,2.5108278459436204,6.07138857121018,9,2025-10-30
CAT,Caterpillar Inc.,469.4852,2.531308859368728,6.017934857417392,9,2025-10-31
CAT,Caterpillar Inc.,468.2819,2.5294246527922124,6.034303359309264,9,2025-11-01
CAT,Caterpillar Inc.,474.3985,2.5520761785707258,6.0907934454203785,9,2025-11-02
CAT,Caterpillar Inc.,478.1987,2.5619636176773817,6.132971972193121,9,2025-11-03
CAT,Caterpillar Inc.,476.4866,2.5574095406915807,6.120680402879163,9,2025-11-04
CAT,Caterpillar Inc.,473.3954,2.540977708598328,6.06955762709042,9,2025-11-05
CAT,Caterpillar Inc.,472.9481,2.563438440970211,6.113200368008994,9,2025-11-06
CAT,Caterpillar Inc.,471.3686,2.5571970925063536,6.053963077598035,9,2025-11-07
CB,Chubb Limited,283.4035,6.1448997259140015,2.500100135803222,2,2025-10-25
CB,Chubb Limited,284.4315,6.136195266344046,2.490095276244022,2,2025-10-26
CB,Chubb Limited,283.9749,6.087228035735814,2.4802122435504335,2,2025-10-27
CB,Chubb Limited,283.1428,6.0973879461512785,2.4754271972992683,2,2025-10-28
CB,Chubb Limited,283.1362,6.054114157396078,2.4706985433683397,2,2025-10-29
CB,Chubb Limited,283.2854,6.006111433855342,2.4640898682055927,2,2025-10-30
CB,Chubb Limited,283.7704,6.007066546827338,2.4750963285799066,2,2025-10-31
CB,Chubb Limited,283.3209,6.059558588771019,2.471849181643125,2,2025-11-01
CB,Chubb Limited,282.7641,6.054561925006212,2.487533988584799,2,2025-11-02
CB,Chubb Limited,282.853,6.101742613656989,2.5089349109277865,2,2025-11-03
CB,Chubb Limited,283.2135,6.129677549814511,2.500285251549816,2,2025-11-04
CB,Chubb Limited,283.7034,6.157376263533975,2.4869777274475315,2,2025-11-05
CB,Chubb Limited,283.5165,6.161463255070843,2.4910742270865742,2,2025-11-06
CB,Chubb Limited,282.1186,6.1392388329342245,2.500493855623128,2,2025-11-07
CBOE,Cboe Global Markets,246.8011,0.148700000718235,0.0,1,2025-10-25
CBOE,Cboe Global Markets,248.2323,0.14990640782961193,0.0,1,2025-10-26
CBOE,Cboe Global Markets,246.0702,0.14948062457369315,0.0,1,2025-10-27
CBOE,Cboe Global Markets,245.18,0.1483176498827225,0.0,1,2025-10-28
CBOE,Cboe Global Markets,244.982,0.14756746580931734,0.0,1,2025-10-29
CBOE,Cboe Global Markets,245.1268,0.14658790488956716,0.0,1,2025-10-30
CBOE,Cboe Global Markets,245.4623,0.14563678040259323,0.0,1,2025-10-31
CBOE,Cboe Global Markets,245.7712,0.14475814569783002,0.0,1,2025-11-01
CBOE,Cboe Global Markets,245.1696,0.14521254700634986,0.0,1,2025-11-02
CBOE,Cboe Global Markets,244.9597,0.143771559867121,0.0,1,2025-11-03
CBOE,Cboe Global Markets,246.5423,0.14444409617504492,0.0,1,2025-11-04
CBOE,Cboe Global Markets,248.6523,0.1453618394298732,0.0,1,2025-11-05
CBOE,Cboe Global Markets,249.5315,0.14538161077443906,0.0,1,2025-11-06
CBOE,Cboe Global Markets,247.6902,0.1459596641242304,0.0,1,2025-11-07
CBRE,CBRE Group,174.2242,1.5329000353813171,7.389799952507019,4,2025-10-25
CBRE,CBRE Group,178.0061,1.5256135708544738,7.40823507268098,4,2025-10-26
CBRE,CBRE Group,176.1316,1.536340243314333,7.43657633334959,4,2025-10-27
CBRE,CBRE Group,173.3804,1.5303538902764615,7.453090433846438,4,2025-10-28
CBRE,CBRE Group,172.646,1.5177590093113942,7.476852716240151,4,2025-10-29
CBRE,CBRE Group,174.8881,1.5160668967140416,7.528515985712519,4,2025-10-30
CBRE,CBRE Group,176.7495,1.5027113419670273,7.4864296844261125,4,2025-10-31
CBRE,CBRE Group,176.9194,1.5136546358774376,7.548791250246604,4,2025-11-01
CBRE,CBRE Group,180.5742,1.5006463212317844,7.545560519564631,4,2025-11-02
CBRE,CBRE Group,181.5024,1.5043090412899807,7.539158344857463,4,2025-11-03
CBRE,CBRE Group,181.5914,1.4935979995686033,7.512884878163668,4,2025-11-04
CBRE,CBRE Group,180.4662,1.505896453579236,7.503234276794102,4,2025-11-05
CBRE,CBRE Group,179.8635,1.5106674715549389,7.521069450807061,4,2025-11-06
CBRE,CBRE Group,178.8918,1.520298143254853,7.448392166433419,4,2025-11-07
CCI,Crown Castle,101.3123,-7.661600112915039,0.0,1,2025-10-25
CCI,Crown Castle,101.8761,-7.711597759263033,0.0,1,2025-10-26
CCI,Crown Castle,101.7417,-7.715727234224532,0.0,1,2025-10-27
CCI,Crown Castle,101.8178,-7.763003251033136,0.0,1,2025-10-28
CCI,Crown Castle,102.0219,-7.739778750811937,0.0,1,2025-10-29
CCI,Crown Castle,102.0174,-7.799806941599901,0.0,1,2025-10-30
CCI,Crown Castle,102.1373,-7.777091686952581,0.0,1,2025-10-31
CCI,Crown Castle,101.9798,-7.706762513670444,0.0,1,2025-11-01
CCI,Crown Castle,101.2643,-7.730643256602661,0.0,1,2025-11-02
CCI,Crown Castle,101.1362,-7.711844615153104,0.0,1,2025-11-03
CCI,Crown Castle,101.1524,-7.76223852904111,0.0,1,2025-11-04
CCI,Crown Castle,101.2899,-7.828628309756281,0.0,1,2025-11-05
CCI,Crown Castle,100.7401,-7.876659373152444,0.0,1,2025-11-06
CCI,Crown Castle,100.4963,-7.853826924391872,0.0,1,2025-11-07
CCL,Carnival,32.35,0.12860000133514402,0.0,1,2025-10-25
CCL,Carnival,31.8203,0.12751007051963006,0.0,1,2025-10-26
CCL,Carnival,31.5714,0.12633021484007473,0.0,1,2025-10-27
CCL,Carnival,32.0782,0.12632404207982761,0.0,1,2025-10-28
CCL,Carnival,32.8157,0.1273205706180982,0.0,1,2025-10-29
CCL,Carnival,32.1421,0.12627465524572018,0.0,1,2025-10-30
CCL,Carnival,31.1474,0.12626286196235395,0.0,1,2025-10-31
CCL,Carnival,30.9635,0.125608443237391,0.0,1,2025-11-01
CCL,Carnival,33.2281,0.12551465702330752,0.0,1,2025-11-02
CCL,Carnival,32.8546,0.12645714408789685,0.0,1,2025-11-03
CCL,Carnival,33.128,0.1259370270640941,0.0,1,2025-11-04
CCL,Carnival,33.8739,0.12568564231018808,0.0,1,2025-11-05
CCL,Carnival,33.827,0.12693692066729156,0.0,1,2025-11-06
CCL,Carnival,33.3122,0.1271221923152061,0.0,1,2025-11-07
CDNS,Cadence Design Systems,333.9407,0.521299988031387,6.751499772071838,8,2025-10-25
CDNS,Cadence Design Systems,325.3548,0.5189193499160345,6.802714083909802,8,2025-10-26
CDNS,Cadence Design Systems,325.3864,0.5189062304341253,6.806033789142461,8,2025-10-27
CDNS,Cadence Design Systems,329.8,0.5225701257073649,6.855706286775263,8,2025-10-28
CDNS,Cadence Design Systems,330.899,0.5180155208024618,6.886012392067875,8,2025-10-29
CDNS,Cadence Design Systems,330.2086,0.5220974098197367,6.916369246629816,8,2025-10-30
CDNS,Cadence Design Systems,329.0554,0.522733621945245,6.913023567441699,8,2025-10-31
CDNS,Cadence Design Systems,329.0517,0.5275930614362553,6.9801168273726315,8,2025-11-01
CDNS,Cadence Design Systems,341.5393,0.5322544723429401,6.988358569517829,8,2025-11-02
CDNS,Cadence Design Systems,346.2747,0.5337228372253984,6.935101783258775,8,2025-11-03
CDNS,Cadence Design Systems,346.99,0.5390566180350614,6.963817512288625,8,2025-11-04
CDNS,Cadence Design Systems,345.1379,0.5433273219115725,7.009274175463162,8,2025-11-05
CDNS,Cadence Design Systems,344.149,0.547487407450488,6.967394003160819,8,2025-11-06
CDNS,Cadence Design Systems,342.964,0.5489270972818941,7.03064550146983,8,2025-11-07
CDW,CDW Corporation,160.4131,0.096699995920062,0.0,1,2025-10-25
CDW,CDW Corporation,164.0971,0.09650539375038539,0.0,1,2025-10-26
CDW,CDW Corporation,163.704,0.09572890403877557,0.0,1,2025-10-27
CDW,CDW Corporation,158.4937,0.09668575620844101,0.0,1,2025-10-28
CDW,CDW Corporation,156.487,0.0968797233930894,0.0,1,2025-10-29
CDW,CDW Corporation,158.2265,0.09732780588762928,0.0,1,2025-10-30
CDW,CDW Corporation,161.9768,0.09818984034329722,0.0,1,2025-10-31
CDW,CDW Corporation,162.571,0.09882594967853961,0.0,1,2025-11-01
CDW,CDW Corporation,155.7378,0.0996280735414299,0.0,1,2025-11-02
CDW,CDW Corporation,152.3083,0.09961374507401104,0.0,1,2025-11-03
CDW,CDW Corporation,152.4481,0.09972430163155609,0.0,1,2025-11-04
CDW,CDW Corporation,153.6391,0.10005913765992837,0.0,1,2025-11-05
CDW,CDW Corporation,155.58,0.09934751409060287,0.0,1,2025-11-06
CDW,CDW Corporation,158.0721,0.09990091611639076,0.0,1,2025-11-07
CEG,Constellation Energy,403.3718,-3.114799857139587,7.1946001052856445,2,2025-10-25
CEG,Constellation Energy,396.6826,-3.12783760070538,7.229378909905874,2,2025-10-26
CEG,Constellation Energy,385.4051,-3.146674010940521,7.197908924456244,2,2025-10-27
CEG,Constellation Energy,381.8838,-3.1718532121780596,7.183918405831237,2,2025-10-28
CEG,Constellation Energy,391.7622,-3.1806482447113362,7.137315334110092,2,2025-10-29
CEG,Constellation Energy,394.9428,-3.1795312725546063,7.196382591405452,2,2025-10-30
CEG,Constellation Energy,395.5534,-3.159653666533092,7.264308553228759,2,2025-10-31
CEG,Constellation Energy,394.5414,-3.155641105359014,7.2678685361720055,2,2025-11-01
CEG,Constellation Energy,405.2939,-3.1801327466664486,7.333581304127123,2,2025-11-02
CEG,Constellation Energy,413.9779,-3.1768023530797302,7.339595527690103,2,2025-11-03
CEG,Constellation Energy,417.5922,-3.1694808045615654,7.407293827000534,2,2025-11-04
CEG,Constellation Energy,416.0482,-3.140828806679154,7.469763932716241,2,2025-11-05
CEG,Constellation Energy,411.8036,-3.1499513137196757,7.51377913601413,2,2025-11-06
CEG,Constellation Energy,403.8845,-3.1620196971806225,7.535093550769928,2,2025-11-07
CF,CF Industries,89.4018,8.83180022239685,0.0,1,2025-10-25
CF,CF Industries,90.6722,8.863510894267536,0.0,1,2025-10-26
CF,CF Industries,90.6679,8.865123963533733,0.0,1,2025-10-27
CF,CF Industries,90.0609,8.947014890054845,0.0,1,2025-10-28
CF,CF Industries,89.927,8.931823396024813,0.0,1,2025-10-29
CF,CF Industries,89.9947,8.900873108330199,0.0,1,2025-10-30
CF,CF Industries,90.1353,8.935942413601763,0.0,1,2025-10-31
CF,CF Industries,90.2758,9.015524604357646,0.0,1,2025-11-01
CF,CF Industries,90.2616,8.962642593273745,0.0,1,2025-11-02
CF,CF Industries,90.1295,8.979192051154579,0.0,1,2025-11-03
CF,CF Industries,90.0043,8.92035084409675,0.0,1,2025-11-04
CF,CF Industries,90.085,8.877355942963483,0.0,1,2025-11-05
CF,CF Industries,90.2795,8.805762677728444,0.0,1,2025-11-06
CF,CF Industries,89.8808,8.832685072131394,0.0,1,2025-11-07
CFG,Citizens Financial Group,53.246,-2.914400100708008,9.544900059700012,3,2025-10-25
CFG,Citizens Financial Group,53.1438,-2.9062128205138604,9.545936954874746,3,2025-10-26
CFG,Citizens Financial Group,52.5253,-2.8824386372704818,9.534975096350005,3,2025-10-27
CFG,Citizens Financial Group,52.0298,-2.854840326573158,9.454620721897479,3,2025-10-28
CFG,Citizens Financial Group,52.0289,-2.832969483617477,9.476789056263723,3,2025-10-29
CFG,Citizens Financial Group,52.3307,-2.820614615217808,9.512110144538939,3,2025-10-30
CFG,Citizens Financial Group,52.6319,-2.7938746555562317,9.556940421591063,3,2025-10-31
CFG,Citizens Financial Group,52.6612,-2.821742671885862,9.563701152925498,3,2025-11-01
CFG,Citizens Financial Group,52.7062,-2.829753361016435,9.572065840477789,3,2025-11-02
CFG,Citizens Financial Group,52.7103,-2.8183563179832993,9.59155091837889,3,2025-11-03
CFG,Citizens Financial Group,52.823,-2.796402242603517,9.502013689367644,3,2025-11-04
CFG,Citizens Financial Group,53.048,-2.819075410471433,9.551898090179716,3,2025-11-05
CFG,Citizens Financial Group,52.9708,-2.819653501691353,9.520024501999726,3,2025-11-06
CFG,Citizens Financial Group,52.3323,-2.80507703794985,9.604792804884703,3,2025-11-07
CHD,Church & Dwight,91.2329,0.117600001394748,0.0,1,2025-10-25
CHD,Church & Dwight,93.9602,0.11787093947341792,0.0,1,2025-10-26
CHD,Church & Dwight,93.6151,0.11721302387868524,0.0,1,2025-10-27
CHD,Church & Dwight,91.9876,0.11717215183469251,0.0,1,2025-10-28
CHD,Church & Dwight,91.5475,0.11828134348243421,0.0,1,2025-10-29
CHD,Church & Dwight,92.1973,0.11765199893621014,0.0,1,2025-10-30
CHD,Church & Dwight,92.5744,0.11659447449707083,0.0,1,2025-10-31
CHD,Church & Dwight,92.4481,0.11726143364537163,0.0,1,2025-11-01
CHD,Church & Dwight,92.9487,0.11622589486474087,0.0,1,2025-11-02
CHD,Church & Dwight,93.2163,0.11680483125626229,0.0,1,2025-11-03
CHD,Church & Dwight,93.0461,0.11634007600036253,0.0,1,2025-11-04
CHD,Church & Dwight,92.8279,0.11670305557256282,0.0,1,2025-11-05
CHD,Church & Dwight,92.836,0.11735155518459553,0.0,1,2025-11-06
CHD,Church & Dwight,92.4841,0.11830664878933653,0.0,1,2025-11-07
CHRW,C.H. Robinson,127.0397,6.805199980735779,0.0,1,2025-10-25
CHRW,C.H. Robinson,127.1915,6.796121111911648,0.0,1,2025-10-26
CHRW,C.H. Robinson,126.4624,6.835439096008946,0.0,1,2025-10-27
CHRW,C.H. Robinson,125.9752,6.8458374786545235,0.0,1,2025-10-28
CHRW,C.H. Robinson,126.1502,6.85308797389326,0.0,1,2025-10-29
CHRW,C.H. Robinson,126.357,6.913971863821013,0.0,1,2025-10-30
CHRW,C.H. Robinson,126.3952,6.918940984627762,0.0,1,2025-10-31
CHRW,C.H. Robinson,126.3745,6.926680467095277,0.0,1,2025-11-01
CHRW,C.H. Robinson,128.1966,6.860096462993753,0.0,1,2025-11-02
CHRW,C.H. Robinson,129.1721,6.912988218538742,0.0,1,2025-11-03
CHRW,C.H. Robinson,129.15,6.870582295250597,0.0,1,2025-11-04
CHRW,C.H. Robinson,128.4527,6.865764909655968,0.0,1,2025-11-05
CHRW,C.H. Robinson,128.0553,6.870165951206475,0.0,1,2025-11-06
CHRW,C.H. Robinson,127.2458,6.932141536631113,0.0,1,2025-11-07
CHTR,Charter Communications,236.459,8.679900169372559,0.006200000061653,2,2025-10-25
CHTR,Charter Communications,231.5109,8.739098155171217,0.006153929386547876,2,2025-10-26
CHTR,Charter Communications,231.6346,8.763475213246839,0.006144961640530878,2,2025-10-27
CHTR,Charter Communications,234.4245,8.745074866479442,0.006100576193515976,2,2025-10-28
CHTR,Charter Communications,237.1357,8.703969573299752,0.006131185256701602,2,2025-10-29
CHTR,Charter Communications,236.9564,8.757430092074394,0.006103792957294778,2,2025-10-30
CHTR,Charter Communications,233.7688,8.760440598776674,0.006112309650069794,2,2025-10-31
CHTR,Charter Communications,231.61,8.824068681655405,0.006074772494596223,2,2025-11-01
CHTR,Charter Communications,251.0377,8.74114143620556,0.006033155415120539,2,2025-11-02
CHTR,Charter Communications,265.5499,8.66003662956255,0.0060010009104417205,2,2025-11-03
CHTR,Charter Communications,264.8598,8.64047947337333,0.006048455544983188,2,2025-11-04
CHTR,Charter Communications,253.1129,8.622753177638963,0.0060594146929639145,2,2025-11-05
CHTR,Charter Communications,249.2996,8.594868402064028,0.006063026034951654,2,2025-11-06
CHTR,Charter Communications,251.4869,8.599790517261994,0.006030832023230157,2,2025-11-07
CI,Cigna,306.1835,-0.31819999217987,12.053899765014648,2,2025-10-25
CI,Cigna,311.485,-0.3196742185031636,11.946035444039019,2,2025-10-26
CI,Cigna,311.6238,-0.317443749694744,11.878825222378708,2,2025-10-27
CI,Cigna,309.3186,-0.32007194984991055,11.864175313563763,2,2025-10-28
CI,Cigna,308.1126,-0.3200921263281578,11.807084750533704,2,2025-10-29
CI,Cigna,308.4847,-0.3195362362791424,11.710610337122832,2,2025-10-30
CI,Cigna,309.389,-0.3213883697776967,11.595721486769746,2,2025-10-31
CI,Cigna,307.6054,-0.32444722629555844,11.695705291375571,2,2025-11-01
CI,Cigna,308.8059,-0.32752209806659194,11.610636573449971,2,2025-11-02
CI,Cigna,309.6917,-0.32954387202159846,11.64102360660235,2,2025-11-03
CI,Cigna,310.0992,-0.33250191139409246,11.584148374944037,2,2025-11-04
CI,Cigna,309.2091,-0.3315964170328909,11.666004789738391,2,2025-11-05
CI,Cigna,308.1681,-0.32949767943497354,11.674673793091976,2,2025-11-06
CI,Cigna,308.7492,-0.33160336806024504,11.757708560429611,2,2025-11-07
CINF,Cincinnati Financial,160.8686,-0.763000026345253,11.710200309753418,2,2025-10-25
CINF,Cincinnati Financial,161.6853,-0.759782417660908,11.672611163895613,2,2025-10-26
CINF,Cincinnati Financial,160.7656,-0.7542322535507547,11.601396292543239,2,2025-10-27
CINF,Cincinnati Financial,159.3662,-0.7545883888349346,11.563983696964083,2,2025-10-28
CINF,Cincinnati Financial,159.0347,-0.7484014675411991,11.479529512113777,2,2025-10-29
CINF,Cincinnati Financial,159.4605,-0.7513285782584201,11.592977161139952,2,2025-10-30
CINF,Cincinnati Financial,160.3011,-0.7583541548917487,11.51390193086364,2,2025-10-31
CINF,Cincinnati Financial,160.3254,-0.7601746852128017,11.613231298632353,2,2025-11-01
CINF,Cincinnati Financial,162.1523,-0.7558673799496612,11.574349084859422,2,2025-11-02
CINF,Cincinnati Financial,163.7962,-0.7530183860364439,11.56092837786878,2,2025-11-03
CINF,Cincinnati Financial,163.8809,-0.7492458783495676,11.669213033543821,2,2025-11-04
CINF,Cincinnati Financial,163.3026,-0.7462028086062248,11.643998575756948,2,2025-11-05
CINF,Cincinnati Financial,162.4607,-0.7496540780198313,11.566910089402539,2,2025-11-06
CINF,Cincinnati Financial,161.631,-0.7476097237599915,11.625853984876068,2,2025-11-07
CL,Colgate-Palmolive,84.2379,0.161000005900859,0.0,1,2025-10-25
CL,Colgate-Palmolive,86.5894,0.16081495366629314,0.0,1,2025-10-26
CL,Colgate-Palmolive,85.6086,0.16118424975309337,0.0,1,2025-10-27
CL,Colgate-Palmolive,84.9445,0.16096080626511025,0.0,1,2025-10-28
CL,Colgate-Palmolive,85.0116,0.1609607289149372,0.0,1,2025-10-29
CL,Colgate-Palmolive,85.0853,0.15975163626549985,0.0,1,2025-10-30
CL,Colgate-Palmolive,85.0643,0.1595679887770637,0.0,1,2025-10-31
CL,Colgate-Palmolive,85.0607,0.16016675436331768,0.0,1,2025-11-01
CL,Colgate-Palmolive,83.5389,0.16067290144106844,0.0,1,2025-11-02
CL,Colgate-Palmolive,82.9583,0.15962394483092962,0.0,1,2025-11-03
CL,Colgate-Palmolive,82.9787,0.15863184150953116,0.0,1,2025-11-04
CL,Colgate-Palmolive,83.0654,0.15705845845110797,0.0,1,2025-11-05
CL,Colgate-Palmolive,83.3092,0.1558637106644322,0.0,1,2025-11-06
CL,Colgate-Palmolive,83.5774,0.15686481796587531,0.0,1,2025-11-07
CLX,Clorox,124.7333,0.23369999602436997,0.0,1,2025-10-25
CLX,Clorox,128.7866,0.235898982264286,0.0,1,2025-10-26
CLX,Clorox,127.1944,0.2380051765438631,0.0,1,2025-10-27
CLX,Clorox,124.4758,0.23651499031482276,0.0,1,2025-10-28
CLX,Clorox,124.4569,0.23418994789610956,0.0,1,2025-10-29
CLX,Clorox,124.8953,0.23632477895188583,0.0,1,2025-10-30
CLX,Clorox,125.1948,0.23402849562343628,0.0,1,2025-10-31
CLX,Clorox,125.1742,0.23340257517551646,0.0,1,2025-11-01
CLX,Clorox,123.2494,0.2319094867511325,0.0,1,2025-11-02
CLX,Clorox,122.7472,0.2315027450842613,0.0,1,2025-11-03
CLX,Clorox,123.5953,0.23295643610517938,0.0,1,2025-11-04
CLX,Clorox,124.1266,0.2343805366900008,0.0,1,2025-11-05
CLX,Clorox,123.7494,0.23555961254467517,0.0,1,2025-11-06
CLX,Clorox,122.6573,0.23638845898377633,0.0,1,2025-11-07
CMCSA,Comcast,32.9112,0.38049999624490705,6.778600215911865,19,2025-10-25
CMCSA,Comcast,34.3622,0.37823059972261674,6.7480979397756125,19,2025-10-26
CMCSA,Comcast,33.8783,0.3762385126481819,6.770226785216894,19,2025-10-27
CMCSA,Comcast,33.3376,0.3751173931128689,6.754121256124112,19,2025-10-28
CMCSA,Comcast,33.3582,0.37296209424624455,6.768411984838467,19,2025-10-29
CMCSA,Comcast,33.1512,0.3745541745695248,6.800486369630488,19,2025-10-30
CMCSA,Comcast,33.1402,0.3752690379993059,6.7688979054419125,19,2025-10-31
CMCSA,Comcast,33.1604,0.37796362134459394,6.748862319085186,19,2025-11-01
CMCSA,Comcast,32.7505,0.3770041109595638,6.70617719570583,19,2025-11-02
CMCSA,Comcast,32.5675,0.3779266006534226,6.769262436267027,19,2025-11-03
CMCSA,Comcast,32.5615,0.3781286198880947,6.8131766277947285,19,2025-11-04
CMCSA,Comcast,32.6058,0.3805466788821602,6.759924213105062,19,2025-11-05
CMCSA,Comcast,32.6502,0.38090110225656293,6.707649478538339,19,2025-11-06
CMCSA,Comcast,32.7367,0.38036542632891585,6.732527336022868,19,2025-11-07
CME,CME Group,283.5354,-6.586499810218811,4.2831000685691825,4,2025-10-25
CME,CME Group,289.5202,-6.605517572446143,4.262761182808615,4,2025-10-26
CME,CME Group,286.4945,-6.589972672441036,4.282247051974965,4,2025-10-27
CME,CME Group,283.5035,-6.595203542488161,4.312334787556293,4,2025-10-28
CME,CME Group,285.3831,-6.6490434830970955,4.337503972731793,4,2025-10-29
CME,CME Group,284.9106,-6.63419879004161,4.363018502049868,4,2025-10-30
CME,CME Group,285.456,-6.613532969698475,4.367572394811343,4,2025-10-31
CME,CME Group,286.0768,-6.555579392481321,4.372702547139571,4,2025-11-01
CME,CME Group,288.1278,-6.617051838743898,4.368472895648544,4,2025-11-02
CME,CME Group,289.5312,-6.665127678818333,4.380267389509364,4,2025-11-03
CME,CME Group,290.9032,-6.682926489022421,4.370293567502711,4,2025-11-04
CME,CME Group,291.6063,-6.640412080900121,4.39677687017082,4,2025-11-05
CME,CME Group,290.8552,-6.591131051382165,4.4130394268270985,4,2025-11-06
CME,CME Group,291.0861,-6.541949024179952,4.456059812103457,4,2025-11-07
CMG,Chipotle Mexican Grill,45.5088,2.261199951171875,3.930299878120422,14,2025-10-25
CMG,Chipotle Mexican Grill,47.9948,2.2625937180728806,3.9317471299923934,14,2025-10-26
CMG,Chipotle Mexican Grill,47.5995,2.241344635601347,3.9530304110298973,14,2025-10-27
CMG,Chipotle Mexican Grill,45.9484,2.2360165204549007,3.97943551521759,14,2025-10-28
CMG,Chipotle Mexican Grill,45.7738,2.2464478749092267,4.005990578158502,14,2025-10-29
CMG,Chipotle Mexican Grill,46.1942,2.2408742952750544,3.9879388660083763,14,2025-10-30
CMG,Chipotle Mexican Grill,46.6166,2.246021153650191,4.002081025272868,14,2025-10-31
CMG,Chipotle Mexican Grill,46.5887,2.238081406934693,3.990878107600123,14,2025-11-01
CMG,Chipotle Mexican Grill,43.9035,2.2181854232063123,3.9966096521676464,14,2025-11-02
CMG,Chipotle Mexican Grill,43.4459,2.223367744532923,4.035609460108369,14,2025-11-03
CMG,Chipotle Mexican Grill,43.1007,2.222637279516055,4.045545352352709,14,2025-11-04
CMG,Chipotle Mexican Grill,42.9396,2.242882535998156,4.027798665190573,14,2025-11-05
CMG,Chipotle Mexican Grill,43.1747,2.257953891526972,4.05137158044292,14,2025-11-06
CMG,Chipotle Mexican Grill,43.1403,2.251494143435542,4.037346751319586,14,2025-11-07
CMI,Cummins,433.2262,8.191900253295898,0.0,1,2025-10-25
CMI,Cummins,435.1739,8.128117171332208,0.0,1,2025-10-26
CMI,Cummins,431.1654,8.194576835909652,0.0,1,2025-10-27
CMI,Cummins,429.1626,8.161194539032724,0.0,1,2025-10-28
CMI,Cummins,429.4212,8.099836623367674,0.0,1,2025-10-29
CMI,Cummins,429.87,8.179303750451682,0.0,1,2025-10-30
CMI,Cummins,430.8941,8.17635090388539,0.0,1,2025-10-31
CMI,Cummins,430.8996,8.237421984401795,0.0,1,2025-11-01
CMI,Cummins,432.4316,8.263712379185382,0.0,1,2025-11-02
CMI,Cummins,434.8,8.302576917497937,0.0,1,2025-11-03
CMI,Cummins,439.455,8.333252446371407,0.0,1,2025-11-04
CMI,Cummins,442.8141,8.279625562387956,0.0,1,2025-11-05
CMI,Cummins,442.9804,8.315417808471672,0.0,1,2025-11-06
CMI,Cummins,437.3409,8.273958652860351,0.0,1,2025-11-07
CMS,CMS Energy,75.1965,8.788400292396545,0.0,1,2025-10-25
CMS,CMS Energy,75.2462,8.755643657206507,0.0,1,2025-10-26
CMS,CMS Energy,75.1142,8.710663508005192,0.0,1,2025-10-27
CMS,CMS Energy,74.994,8.626504433809357,0.0,1,2025-10-28
CMS,CMS Energy,74.9727,8.659890745337544,0.0,1,2025-10-29
CMS,CMS Energy,75.0195,8.741141517222859,0.0,1,2025-10-30
CMS,CMS Energy,75.0573,8.714166239445936,0.0,1,2025-10-31
CMS,CMS Energy,75.0126,8.766886127061989,0.0,1,2025-11-01
CMS,CMS Energy,74.5599,8.784764985564651,0.0,1,2025-11-02
CMS,CMS Energy,74.2975,8.706729768279828,0.0,1,2025-11-03
CMS,CMS Energy,74.439,8.688292208358199,0.0,1,2025-11-04
CMS,CMS Energy,74.6358,8.617852614251623,0.0,1,2025-11-05
CMS,CMS Energy,74.6517,8.542524221826268,0.0,1,2025-11-06
CMS,CMS Energy,74.1237,8.559938954952045,0.0,1,2025-11-07
CNC,Centene Corporation,31.8452,9.10610020160675,0.0,1,2025-10-25
CNC,Centene Corporation,31.935,9.158948312635873,0.0,1,2025-10-26
CNC,Centene Corporation,31.9754,9.197003300892286,0.0,1,2025-10-27
CNC,Centene Corporation,31.5125,9.278912444967983,0.0,1,2025-10-28
CNC,Centene Corporation,30.945,9.35656364053768,0.0,1,2025-10-29
CNC,Centene Corporation,30.7126,9.290645477670484,0.0,1,2025-10-30
CNC,Centene Corporation,30.9717,9.359768711315462,0.0,1,2025-10-31
CNC,Centene Corporation,32.4363,9.286956483299265,0.0,1,2025-11-01
CNC,Centene Corporation,32.4651,9.369078312745351,0.0,1,2025-11-02
CNC,Centene Corporation,27.9837,9.419919004486953,0.0,1,2025-11-03
CNC,Centene Corporation,27.8332,9.333275246038186,0.0,1,2025-11-04
CNC,Centene Corporation,27.4895,9.271015048777778,0.0,1,2025-11-05
CNC,Centene Corporation,27.5314,9.330747184155955,0.0,1,2025-11-06
CNC,Centene Corporation,28.8175,9.25949725207325,0.0,1,2025-11-07
CNP,CenterPoint Energy,37.6649,0.513800010085105,0.0,1,2025-10-25
CNP,CenterPoint Energy,36.4732,0.51637631447799,0.0,1,2025-10-26
CNP,CenterPoint Energy,36.4491,0.5178482932680784,0.0,1,2025-10-27
CNP,CenterPoint Energy,37.5027,0.52286430675342,0.0,1,2025-10-28
CNP,CenterPoint Energy,37.4689,0.5197958152695229,0.0,1,2025-10-29
CNP,CenterPoint Energy,37.4913,0.521911908466994,0.0,1,2025-10-30
CNP,CenterPoint Energy,37.5715,0.5196665883931902,0.0,1,2025-10-31
CNP,CenterPoint Energy,37.5827,0.5171027625941207,0.0,1,2025-11-01
CNP,CenterPoint Energy,38.7933,0.5150001186909803,0.0,1,2025-11-02
CNP,CenterPoint Energy,38.7387,0.5154283141945378,0.0,1,2025-11-03
CNP,CenterPoint Energy,38.8419,0.5112780005151049,0.0,1,2025-11-04
CNP,CenterPoint Energy,39.042,0.5067471934816414,0.0,1,2025-11-05
CNP,CenterPoint Energy,39.026,0.5041311937907849,0.0,1,2025-11-06
CNP,CenterPoint Energy,38.955,0.507993702073693,0.0,1,2025-11-07
COF,Capital One,235.2172,1.083900034427642,10.187900066375732,2,2025-10-25
COF,Capital One,236.8941,1.0830608625901652,10.128928814701768,2,2025-10-26
COF,Capital One,235.2741,1.089419343002071,10.21916895168604,2,2025-10-27
COF,Capital One,231.5299,1.0824820470823446,10.14832774194168,2,2025-10-28
COF,Capital One,230.7654,1.0830464197222665,10.106041903074443,2,2025-10-29
COF,Capital One,233.8534,1.0814148313816034,10.036478891746484,2,2025-10-30
COF,Capital One,236.6003,1.0843757089515158,9.982508671958849,2,2025-10-31
COF,Capital One,235.198,1.0758655200617024,9.883696384736284,2,2025-11-01
COF,Capital One,239.7447,1.085119137492942,9.840743529686883,2,2025-11-02
COF,Capital One,243.3609,1.0814117085119535,9.93697036358659,2,2025-11-03
COF,Capital One,245.6496,1.0759608879491924,10.013935437531174,2,2025-11-04
COF,Capital One,246.422,1.0653140154433463,10.081829173616889,2,2025-11-05
COF,Capital One,244.4573,1.0736062220574423,10.094870394959246,2,2025-11-06
COF,Capital One,241.0128,1.0834875975964122,10.053856392408681,2,2025-11-07
COIN,Coinbase,368.5416,2.5551998615264893,6.664599776268005,14,2025-10-25
COIN,Coinbase,361.911,2.542916620668663,6.684591024342638,14,2025-10-26
COIN,Coinbase,350.2509,2.5282187812048926,6.741497798590569,14,2025-10-27
COIN,Coinbase,348.5387,2.5387102564655546,6.745594043337063,14,2025-10-28
COIN,Coinbase,359.42,2.559010109273479,6.7991843234847975,14,2025-10-29
COIN,Coinbase,362.6999,2.5434950755640657,6.850284546910187,14,2025-10-30
COIN,Coinbase,362.2945,2.5338685664112237,6.867096772139973,14,2025-10-31
COIN,Coinbase,357.1688,2.5169124985191704,6.847111814853163,14,2025-11-01
COIN,Coinbase,379.2423,2.492702004510234,6.858351263982222,14,2025-11-02
COIN,Coinbase,386.4963,2.4957841979959983,6.897827884190539,14,2025-11-03
COIN,Coinbase,389.6238,2.480718272122363,6.871038211342297,14,2025-11-04
COIN,Coinbase,388.8765,2.457893132318759,6.9274464374689115,14,2025-11-05
COIN,Coinbase,383.8376,2.4693931228596897,6.8850102991401005,14,2025-11-06
COIN,Coinbase,375.4147,2.487257870454255,6.876251251524405,14,2025-11-07
COO,Cooper Companies (The),75.7124,-8.349800109863281,0.0,1,2025-10-25
COO,Cooper Companies (The),78.0083,-8.421391737680574,0.0,1,2025-10-26
COO,Cooper Companies (The),78.5017,-8.493415728350604,0.0,1,2025-10-27
COO,Cooper Companies (The),77.6106,-8.499472594011172,0.0,1,2025-10-28
COO,Cooper Companies (The),77.3651,-8.532689267087594,0.0,1,2025-10-29
COO,Cooper Companies (The),77.4046,-8.493624120375996,0.0,1,2025-10-30
COO,Cooper Companies (The),77.5148,-8.512869282640516,0.0,1,2025-10-31
COO,Cooper Companies (The),77.5134,-8.446847852759213,0.0,1,2025-11-01
COO,Cooper Companies (The),75.222,-8.52429721366488,0.0,1,2025-11-02
COO,Cooper Companies (The),73.1608,-8.606554154496825,0.0,1,2025-11-03
COO,Cooper Companies (The),72.2768,-8.60160684700738,0.0,1,2025-11-04
COO,Cooper Companies (The),72.9014,-8.560502589851017,0.0,1,2025-11-05
COO,Cooper Companies (The),73.4004,-8.546164919553323,0.0,1,2025-11-06
COO,Cooper Companies (The),72.6971,-8.526532471271503,0.0,1,2025-11-07
COP,ConocoPhillips,90.0421,4.511100053787231,6.035500168800354,2,2025-10-25
COP,ConocoPhillips,92.243,4.528008604599168,6.050036815017674,2,2025-10-26
COP,ConocoPhillips,92.2253,4.500973132804425,6.021591103148513,2,2025-10-27
COP,ConocoPhillips,91.4445,4.489479211035489,6.056202868446879,2,2025-10-28
COP,ConocoPhillips,91.0495,4.512290260628358,6.0469134497259995,2,2025-10-29
COP,ConocoPhillips,91.2632,4.546489654707835,6.0841705096516545,2,2025-10-30
COP,ConocoPhillips,90.9473,4.574589057561743,6.0461501668918105,2,2025-10-31
COP,ConocoPhillips,91.0003,4.586229216170399,5.991197522119253,2,2025-11-01
COP,ConocoPhillips,93.2587,4.594334555628697,5.943452789313124,2,2025-11-02
COP,ConocoPhillips,94.9891,4.592877705884675,5.95676764099309,2,2025-11-03
COP,ConocoPhillips,94.3548,4.554309554706411,5.983829887553768,2,2025-11-04
COP,ConocoPhillips,92.8119,4.530812123991889,5.954508863401725,2,2025-11-05
COP,ConocoPhillips,92.3335,4.499719222939358,5.990889328053892,2,2025-11-06
COP,ConocoPhillips,92.9246,4.503200902315762,5.967666104760621,2,2025-11-07
COR,Cencora,301.052,8.98859977722168,0.0,1,2025-10-25
COR,Cencora,287.7967,9.051796197113427,0.0,1,2025-10-26
COR,Cencora,288.1417,9.100057265121597,0.0,1,2025-10-27
COR,Cencora,295.1473,9.1216723914247,0.0,1,2025-10-28
COR,Cencora,298.4157,9.057555236291705,0.0,1,2025-10-29
COR,Cencora,297.8517,9.037374602860014,0.0,1,2025-10-30
COR,Cencora,295.003,9.091493811430439,0.0,1,2025-10-31
COR,Cencora,293.4903,9.14658907383506,0.0,1,2025-11-01
COR,Cencora,309.1288,9.182923400656538,0.0,1,2025-11-02
COR,Cencora,316.6177,9.243619805377707,0.0,1,2025-11-03
COR,Cencora,315.3401,9.311775665591073,0.0,1,2025-11-04
COR,Cencora,311.7613,9.248587515818834,0.0,1,2025-11-05
COR,Cencora,307.6963,9.23021062588202,0.0,1,2025-11-06
COR,Cencora,306.3166,9.297038578016691,0.0,1,2025-11-07
COST,Costco,951.2159,-8.209499716758728,0.0,1,2025-10-25
COST,Costco,960.8644,-8.218894959429049,0.0,1,2025-10-26
COST,Costco,956.7796,-8.284178785734083,0.0,1,2025-10-27
COST,Costco,949.1879,-8.260574549992862,0.0,1,2025-10-28
COST,Costco,947.7386,-8.22323186483327,0.0,1,2025-10-29
COST,Costco,949.8853,-8.180808706668408,0.0,1,2025-10-30
COST,Costco,948.0726,-8.183309908919542,0.0,1,2025-10-31
COST,Costco,949.062,-8.216550553142692,0.0,1,2025-11-01
COST,Costco,955.1212,-8.283366257114336,0.0,1,2025-11-02
COST,Costco,958.0842,-8.25391981954963,0.0,1,2025-11-03
COST,Costco,960.7435,-8.197035501139801,0.0,1,2025-11-04
COST,Costco,960.1546,-8.276154942438495,0.0,1,2025-11-05
COST,Costco,960.6735,-8.216352092051782,0.0,1,2025-11-06
COST,Costco,946.7633,-8.273640931100738,0.0,1,2025-11-07
CPAY,Corpay,303.1966,9.031999707221983,0.0,1,2025-10-25
CPAY,Corpay,312.4755,8.98693424493958,0.0,1,2025-10-26
CPAY,Corpay,310.0282,9.048804985253014,0.0,1,2025-10-27
CPAY,Corpay,305.3909,9.026666654365199,0.0,1,2025-10-28
CPAY,Corpay,303.9608,9.1122828870297,0.0,1,2025-10-29
CPAY,Corpay,305.815,9.197871973660275,0.0,1,2025-10-30
CPAY,Corpay,306.9673,9.149248871188671,0.0,1,2025-10-31
CPAY,Corpay,307.0169,9.122850649103784,0.0,1,2025-11-01
CPAY,Corpay,303.1225,9.084672299899644,0.0,1,2025-11-02
CPAY,Corpay,302.1515,9.033678212921926,0.0,1,2025-11-03
CPAY,Corpay,303.9333,9.114745096220037,0.0,1,2025-11-04
CPAY,Corpay,304.9353,9.153421301529232,0.0,1,2025-11-05
CPAY,Corpay,305.381,9.150996334425765,0.0,1,2025-11-06
CPAY,Corpay,302.1452,9.202076974070994,0.0,1,2025-11-07
CPB,Campbell's Company (The),34.2829,7.321400046348572,0.566099993884563,2,2025-10-25
CPB,Campbell's Company (The),36.278,7.295629721055512,0.566338241583341,2,2025-10-26
CPB,Campbell's Company (The),35.8054,7.358903050922761,0.5688090623247872,2,2025-10-27
CPB,Campbell's Company (The),34.8615,7.341692059553782,0.5694096736306223,2,2025-10-28
CPB,Campbell's Company (The),34.7312,7.351783604556441,0.5681280542516703,2,2025-10-29
CPB,Campbell's Company (The),34.7538,7.284692865989317,0.5732668445648293,2,2025-10-30
CPB,Campbell's Company (The),34.6994,7.233558105804359,0.5706184543246037,2,2025-10-31
CPB,Campbell's Company (The),34.6284,7.2083715088243805,0.5759985822521368,2,2025-11-01
CPB,Campbell's Company (The),32.8648,7.189206182163988,0.5777010592495934,2,2025-11-02
CPB,Campbell's Company (The),32.1341,7.245949089726269,0.5798804430875265,2,2025-11-03
CPB,Campbell's Company (The),32.1736,7.290827250192685,0.5786764865054459,2,2025-11-04
CPB,Campbell's Company (The),32.3841,7.285541709621208,0.5763257092549571,2,2025-11-05
CPB,Campbell's Company (The),32.5057,7.344640206738736,0.572602618796854,2,2025-11-06
CPB,Campbell's Company (The),32.3384,7.351579952684403,0.5738905790350409,2,2025-11-07
CPRT,Copart,46.641,4.496299922466278,6.324800252914429,2,2025-10-25
CPRT,Copart,47.504,4.453444416408543,6.372890493847084,2,2025-10-26
CPRT,Copart,47.3174,4.438179801507506,6.436433877722676,2,2025-10-27
CPRT,Copart,46.9243,4.472569394795128,6.379958122148943,2,2025-10-28
CPRT,Copart,46.7392,4.461015326772525,6.437593499274259,2,2025-10-29
CPRT,Copart,46.7625,4.476761274205548,6.373445074813689,2,2025-10-30
CPRT,Copart,46.9514,4.461235839994407,6.363968062098153,2,2025-10-31
CPRT,Copart,47.0481,4.46052920468662,6.3376351699007145,2,2025-11-01
CPRT,Copart,47.413,4.430250208205522,6.3929358929973485,2,2025-11-02
CPRT,Copart,47.4696,4.444931147546711,6.33035923313153,2,2025-11-03
CPRT,Copart,47.568,4.429636075994286,6.371139444287299,2,2025-11-04
CPRT,Copart,47.5755,4.45527525537301,6.318932395315822,2,2025-11-05
CPRT,Copart,47.1703,4.444230521999954,6.340598799703119,2,2025-11-06
CPRT,Copart,46.9694,4.460127257067446,6.348932064645131,2,2025-11-07
CPT,Camden Property Trust,110.041,3.2251000000000003,7.611400000000001,17,2025-10-25
CPT,Camden Property Trust,112.5911,3.2406206283629793,7.574750310687571,17,2025-10-26
CPT,Camden Property Trust,111.9034,3.2267742971534545,7.650491051846263,17,2025-10-27
CPT,Camden Property Trust,110.5635,3.2411049399048752,7.582027174840575,17,2025-10-28
CPT,Camden Property Trust,110.8433,3.220238146740505,7.597784270828147,17,2025-10-29
CPT,Camden Property Trust,111.097,3.2266557942473044,7.635511440907927,17,2025-10-30
CPT,Camden Property Trust,111.092,3.2289728366237926,7.583852692385562,17,2025-10-31
CPT,Camden Property Trust,110.894,3.2414481197542355,7.537655314578634,17,2025-11-01
CPT,Camden Property Trust,109.689,3.252705592880114,7.573224120850585,17,2025-11-02
CPT,Camden Property Trust,109.5422,3.2645180365997044,7.5961532671075895,17,2025-11-03
CPT,Camden Property Trust,109.6321,3.2430125444344795,7.522432841935108,17,2025-11-04
CPT,Camden Property Trust,109.6172,3.268950130346908,7.507652722488018,17,2025-11-05
CPT,Camden Property Trust,109.5854,3.245518476556356,7.469470407639122,17,2025-11-06
CPT,Camden Property Trust,108.8883,3.257425782393583,7.537814024063585,17,2025-11-07
CRL,Charles River Laboratories,184.713,9.12980020046234,0.0,1,2025-10-25
CRL,Charles River Laboratories,174.6252,9.11602525209965,0.0,1,2025-10-26
CRL,Charles River Laboratories,173.8542,9.029844473676823,0.0,1,2025-10-27
CRL,Charles River Laboratories,177.5684,8.955596508842202,0.0,1,2025-10-28
CRL,Charles River Laboratories,179.993,8.949759418355299,0.0,1,2025-10-29
CRL,Charles River Laboratories,180.5063,8.978906735971869,0.0,1,2025-10-30
CRL,Charles River Laboratories,179.8297,9.013684565189074,0.0,1,2025-10-31
CRL,Charles River Laboratories,177.6787,8.981986041561687,0.0,1,2025-11-01
CRL,Charles River Laboratories,179.3634,9.050751578930239,0.0,1,2025-11-02
CRL,Charles River Laboratories,182.7322,9.090682949260943,0.0,1,2025-11-03
CRL,Charles River Laboratories,183.7985,9.07891722272416,0.0,1,2025-11-04
CRL,Charles River Laboratories,182.9774,9.153988671334917,0.0,1,2025-11-05
CRL,Charles River Laboratories,180.2154,9.14259346432702,0.0,1,2025-11-06
CRL,Charles River Laboratories,179.7273,9.098803350721898,0.0,1,2025-11-07
CRM,Salesforce,255.7193,5.7576000690460205,3.9809000492095947,5,2025-10-25
CRM,Salesforce,257.3313,5.749216650800787,3.9423031942454454,5,2025-10-26
CRM,Salesforce,257.9333,5.773052301187363,3.9149084609269593,5,2025-10-27
CRM,Salesforce,255.565,5.728690795490513,3.940338074556546,5,2025-10-28
CRM,Salesforce,255.3851,5.676575637384791,3.95273063708741,5,2025-10-29
CRM,Salesforce,255.2978,5.6489535948085505,3.9268109008888823,5,2025-10-30
CRM,Salesforce,255.1485,5.682086336343829,3.945422251024203,5,2025-10-31
CRM,Salesforce,254.8216,5.687374708920614,3.9220361576378022,5,2025-11-01
CRM,Salesforce,256.2923,5.698231380660169,3.903528853020125,5,2025-11-02
CRM,Salesforce,258.3643,5.7544138402171425,3.915528098960231,5,2025-11-03
CRM,Salesforce,260.2072,5.763500005943649,3.922602317000315,5,2025-11-04
CRM,Salesforce,260.5066,5.8101887249254975,3.887909451995265,5,2025-11-05
CRM,Salesforce,258.5491,5.796229287945428,3.857360196815313,5,2025-11-06
CRM,Salesforce,255.8578,5.784324596231091,3.8949390970937134,5,2025-11-07
CRWD,CrowdStrike,505.26,5.542200207710266,4.949400126934051,8,2025-10-25
CRWD,CrowdStrike,479.2604,5.546150247325164,4.9296464359113665,8,2025-10-26
CRWD,CrowdStrike,475.4845,5.5498636671937565,4.955694091726301,8,2025-10-27
CRWD,CrowdStrike,492.2926,5.535875875021203,4.997938499348263,8,2025-10-28
CRWD,CrowdStrike,499.6704,5.574812662849921,4.98086468531829,8,2025-10-29
CRWD,CrowdStrike,502.4796,5.563053574357214,4.990055368672358,8,2025-10-30
CRWD,CrowdStrike,502.1463,5.586612515635297,4.987625052985404,8,2025-10-31
CRWD,CrowdStrike,499.7111,5.5603044067287355,4.97937974908743,8,2025-11-01
CRWD,CrowdStrike,536.3753,5.588699607422631,4.9690473754925035,8,2025-11-02
CRWD,CrowdStrike,543.6355,5.598135523178192,4.9844678371204925,8,2025-11-03
CRWD,CrowdStrike,542.3045,5.60086683170201,4.9893385772682555,8,2025-11-04
CRWD,CrowdStrike,543.1366,5.547610432931378,5.000500864767265,8,2025-11-05
CRWD,CrowdStrike,539.5379,5.5367960637967375,4.966436147748811,8,2025-11-06
CRWD,CrowdStrike,532.8693,5.539615437532963,4.947910405874082,8,2025-11-07
CSCO,Cisco,72.1891,0.579300001263618,7.789199948310852,3,2025-10-25
CSCO,Cisco,72.9457,0.5814767840312334,7.828222284653105,3,2025-10-26
CSCO,Cisco,72.7883,0.5855968405592495,7.860793127882476,3,2025-10-27
CSCO,Cisco,71.9134,0.5888924123317162,7.787420684412864,3,2025-10-28
CSCO,Cisco,71.6904,0.5894158241294876,7.751002381808928,3,2025-10-29
CSCO,Cisco,71.9111,0.5868123623521725,7.748915406581514,3,2025-10-30
CSCO,Cisco,72.0085,0.5870896742820034,7.692171759208332,3,2025-10-31
CSCO,Cisco,72.0423,0.59249600613832,7.697022116805489,3,2025-11-01
CSCO,Cisco,74.0158,0.5930459380065455,7.760623129685188,3,2025-11-02
CSCO,Cisco,74.7123,0.5979351237435699,7.7877467455508365,3,2025-11-03
CSCO,Cisco,74.6313,0.6020126100280571,7.86041860930538,3,2025-11-04
CSCO,Cisco,74.5977,0.6023246440012175,7.903287839307921,3,2025-11-05
CSCO,Cisco,74.6706,0.5963020344836111,7.970546260574234,3,2025-11-06
CSCO,Cisco,74.2816,0.590857379453347,7.945195025559578,3,2025-11-07
CSGP,CoStar Group,78.8917,8.444600105285645,0.0,1,2025-10-25
CSGP,CoStar Group,79.0043,8.46234893600522,0.0,1,2025-10-26
CSGP,CoStar Group,78.6507,8.477285594299852,0.0,1,2025-10-27
CSGP,CoStar Group,78.6696,8.395181391192539,0.0,1,2025-10-28
CSGP,CoStar Group,78.744,8.355493060485149,0.0,1,2025-10-29
CSGP,CoStar Group,78.7728,8.303898894507713,0.0,1,2025-10-30
CSGP,CoStar Group,78.636,8.226723489388288,0.0,1,2025-10-31
CSGP,CoStar Group,78.7065,8.191215286777748,0.0,1,2025-11-01
CSGP,CoStar Group,80.8325,8.259183791974793,0.0,1,2025-11-02
CSGP,CoStar Group,81.6462,8.259694696136021,0.0,1,2025-11-03
CSGP,CoStar Group,81.3973,8.303309219855699,0.0,1,2025-11-04
CSGP,CoStar Group,81.0151,8.23474955554688,0.0,1,2025-11-05
CSGP,CoStar Group,80.9449,8.215275829698124,0.0,1,2025-11-06
CSGP,CoStar Group,81.2307,8.20231858333131,0.0,1,2025-11-07
CSX,CSX Corporation,35.3127,8.76259982585907,0.0,1,2025-10-25
CSX,CSX Corporation,34.7716,8.818195735577563,0.0,1,2025-10-26
CSX,CSX Corporation,34.923,8.826237985007085,0.0,1,2025-10-27
CSX,CSX Corporation,35.061,8.756455443765624,0.0,1,2025-10-28
CSX,CSX Corporation,35.0554,8.797146772395374,0.0,1,2025-10-29
CSX,CSX Corporation,35.0074,8.76227727234756,0.0,1,2025-10-30
CSX,CSX Corporation,35.2131,8.746258971753683,0.0,1,2025-10-31
CSX,CSX Corporation,35.1471,8.777768088022658,0.0,1,2025-11-01
CSX,CSX Corporation,35.043,8.856700763029279,0.0,1,2025-11-02
CSX,CSX Corporation,35.0253,8.901657015321907,0.0,1,2025-11-03
CSX,CSX Corporation,35.1753,8.955536919874122,0.0,1,2025-11-04
CSX,CSX Corporation,35.1666,8.99188518637089,0.0,1,2025-11-05
CSX,CSX Corporation,35.0927,9.004371025476777,0.0,1,2025-11-06
CSX,CSX Corporation,34.9387,8.984030825270338,0.0,1,2025-11-07
CTAS,Cintas,202.6235,0.07869999855756701,0.0,1,2025-10-25
CTAS,Cintas,210.9487,0.07854878116096561,0.0,1,2025-10-26
CTAS,Cintas,210.4559,0.07807730276034883,0.0,1,2025-10-27
CTAS,Cintas,206.1677,0.07769252281826153,0.0,1,2025-10-28
CTAS,Cintas,203.5406,0.07769536529016033,0.0,1,2025-10-29
CTAS,Cintas,204.6051,0.07710946222626035,0.0,1,2025-10-30
CTAS,Cintas,206.5374,0.0769917124323558,0.0,1,2025-10-31
CTAS,Cintas,207.1508,0.0767939299203546,0.0,1,2025-11-01
CTAS,Cintas,207.0276,0.07754763787967672,0.0,1,2025-11-02
CTAS,Cintas,206.2705,0.07686119279764542,0.0,1,2025-11-03
CTAS,Cintas,206.0125,0.07727408426149603,0.0,1,2025-11-04
CTAS,Cintas,206.5797,0.07706378844600871,0.0,1,2025-11-05
CTAS,Cintas,206.7066,0.07659066169879303,0.0,1,2025-11-06
CTAS,Cintas,205.0106,0.07717124908969082,0.0,1,2025-11-07
CTRA,Coterra,23.6983,0.26750000193714996,0.0,1,2025-10-25
CTRA,Coterra,23.8444,0.2690381186684692,0.0,1,2025-10-26
CTRA,Coterra,23.8206,0.26786660647987165,0.0,1,2025-10-27
CTRA,Coterra,23.7316,0.266129215760999,0.0,1,2025-10-28
CTRA,Coterra,23.6941,0.26445702996828496,0.0,1,2025-10-29
CTRA,Coterra,23.7111,0.2627934595006167,0.0,1,2025-10-30
CTRA,Coterra,23.7246,0.26415863994589356,0.0,1,2025-10-31
CTRA,Coterra,23.7248,0.2633989323987697,0.0,1,2025-11-01
CTRA,Coterra,24.2289,0.2611452613981804,0.0,1,2025-11-02
CTRA,Coterra,24.294,0.259994183988815,0.0,1,2025-11-03
CTRA,Coterra,24.1559,0.2579949629129215,0.0,1,2025-11-04
CTRA,Coterra,24.105,0.25796966297051627,0.0,1,2025-11-05
CTRA,Coterra,24.1321,0.26054551788625907,0.0,1,2025-11-06
CTRA,Coterra,24.2294,0.25898092302971326,0.0,1,2025-11-07
CTSH,Cognizant,70.5604,8.318700194358826,0.566800013184547,2,2025-10-25
CTSH,Cognizant,71.8502,8.322976057153763,0.5672129570144149,2,2025-10-26
CTSH,Cognizant,71.5081,8.359686312020273,0.5647712803169522,2,2025-10-27
CTSH,Cognizant,71.0399,8.300472473787437,0.5682312003579097,2,2025-10-28
CTSH,Cognizant,71.1492,8.262241437553062,0.5639197084130524,2,2025-10-29
CTSH,Cognizant,71.1351,8.321330578599017,0.5675899704229672,2,2025-10-30
CTSH,Cognizant,71.4984,8.39437260945897,0.5680656236687928,2,2025-10-31
CTSH,Cognizant,71.3864,8.385534606045725,0.5731368290258564,2,2025-11-01
CTSH,Cognizant,71.4,8.309171297604655,0.5746224711942526,2,2025-11-02
CTSH,Cognizant,71.5866,8.340740520346584,0.5796814336666328,2,2025-11-03
CTSH,Cognizant,71.9244,8.29254335712513,0.5791404390956122,2,2025-11-04
CTSH,Cognizant,71.7256,8.30371586067475,0.5817810607911968,2,2025-11-05
CTSH,Cognizant,71.5449,8.249523959102634,0.587515198606376,2,2025-11-06
CTSH,Cognizant,71.1363,8.178369461189963,0.5914140736679513,2,2025-11-07
CTVA,Corteva,70.651,8.544999957084656,0.0,1,2025-10-25
CTVA,Corteva,72.4972,8.584514397552129,0.0,1,2025-10-26
CTVA,Corteva,72.0249,8.660202689469322,0.0,1,2025-10-27
CTVA,Corteva,71.2358,8.655059759202048,0.0,1,2025-10-28
CTVA,Corteva,71.0338,8.682773230075107,0.0,1,2025-10-29
CTVA,Corteva,71.3604,8.660062748756149,0.0,1,2025-10-30
CTVA,Corteva,71.6939,8.63002778749098,0.0,1,2025-10-31
CTVA,Corteva,71.5586,8.705040244559829,0.0,1,2025-11-01
CTVA,Corteva,71.4264,8.779688674729655,0.0,1,2025-11-02
CTVA,Corteva,71.3958,8.82742481865287,0.0,1,2025-11-03
CTVA,Corteva,71.4947,8.853305067488513,0.0,1,2025-11-04
CTVA,Corteva,71.6092,8.903020597302682,0.0,1,2025-11-05
CTVA,Corteva,71.6696,8.828949020306364,0.0,1,2025-11-06
CTVA,Corteva,71.1544,8.875146274108797,0.0,1,2025-11-07
CVS,CVS Health,77.6368,-2.165499925613403,5.864599943161011,9,2025-10-25
CVS,CVS Health,74.2451,-2.1686264795978825,5.816427803733594,9,2025-10-26
CVS,CVS Health,74.0837,-2.176586371769833,5.797633408936827,9,2025-10-27
CVS,CVS Health,75.5664,-2.1760417118732227,5.76386087169997,9,2025-10-28
CVS,CVS Health,76.402,-2.17548156762994,5.7189852321025985,9,2025-10-29
CVS,CVS Health,76.5349,-2.187197231342079,5.667405905015793,9,2025-10-30
CVS,CVS Health,76.4668,-2.2013236869894306,5.616155539148266,9,2025-10-31
CVS,CVS Health,76.2087,-2.1997005607330897,5.609930112007055,9,2025-11-01
CVS,CVS Health,76.6725,-2.2020735445132873,5.649002778884149,9,2025-11-02
CVS,CVS Health,76.9573,-2.1985680335002096,5.612470801582274,9,2025-11-03
CVS,CVS Health,76.7473,-2.1969546179461537,5.6675984688593095,9,2025-11-04
CVS,CVS Health,76.5607,-2.193179314390488,5.660829810170413,9,2025-11-05
CVS,CVS Health,76.5606,-2.1892955913101515,5.673613994230548,9,2025-11-06
CVS,CVS Health,76.7909,-2.167872580953059,5.624074121422984,9,2025-11-07
CVX,Chevron Corporation,151.6361,9.143099784851074,0.0,1,2025-10-25
CVX,Chevron Corporation,151.1028,9.165361535540331,0.0,1,2025-10-26
CVX,Chevron Corporation,151.586,9.159471363879659,0.0,1,2025-10-27
CVX,Chevron Corporation,150.9546,9.243575057518772,0.0,1,2025-10-28
CVX,Chevron Corporation,151.3742,9.21056747296268,0.0,1,2025-10-29
CVX,Chevron Corporation,151.7596,9.294084682071345,0.0,1,2025-10-30
CVX,Chevron Corporation,151.4734,9.283390009177708,0.0,1,2025-10-31
CVX,Chevron Corporation,151.1307,9.203836112476413,0.0,1,2025-11-01
CVX,Chevron Corporation,153.9165,9.113427214384279,0.0,1,2025-11-02
CVX,Chevron Corporation,155.0736,9.133247641351401,0.0,1,2025-11-03
CVX,Chevron Corporation,155.0675,9.059666338938433,0.0,1,2025-11-04
CVX,Chevron Corporation,154.7794,9.022674011140824,0.0,1,2025-11-05
CVX,Chevron Corporation,154.7531,9.031998709809155,0.0,1,2025-11-06
CVX,Chevron Corporation,154.3139,9.071348720565911,0.0,1,2025-11-07
D,Dominion Energy,60.9474,6.091399788856506,5.0370001792907715,3,2025-10-25
D,Dominion Energy,60.6561,6.1405500275296765,5.027312287314448,3,2025-10-26
D,Dominion Energy,60.4686,6.088842077046693,5.016475310413933,3,2025-10-27
D,Dominion Energy,60.4891,6.067587972706738,5.064141494433045,3,2025-10-28
D,Dominion Energy,60.5111,6.019702071818434,5.0179038454651295,3,2025-10-29
D,Dominion Energy,60.4874,6.038386615674721,5.049412930013163,3,2025-10-30
D,Dominion Energy,60.6255,6.081860661936935,5.021011808783475,3,2025-10-31
D,Dominion Energy,60.6717,6.0803690864503155,4.994586801692199,3,2025-11-01
D,Dominion Energy,60.2507,6.126690059893182,4.988473812751239,3,2025-11-02
D,Dominion Energy,60.0292,6.087043973646567,5.005996531598121,3,2025-11-03
D,Dominion Energy,59.8377,6.080059336240803,4.997278533560303,3,2025-11-04
D,Dominion Energy,59.8692,6.1407387916071325,5.013315410830288,3,2025-11-05
D,Dominion Energy,59.929,6.19975201568886,5.052814699296544,3,2025-11-06
D,Dominion Energy,59.7301,6.154142043020059,5.091577843586531,3,2025-11-07
DAL,Delta Air Lines,62.4078,-1.88409999012947,2.260899990797042,2,2025-10-25
DAL,Delta Air Lines,62.9003,-1.8929789423268348,2.263480848136571,2,2025-10-26
DAL,Delta Air Lines,62.8721,-1.8919692378731985,2.2501377349105107,2,2025-10-27
DAL,Delta Air Lines,62.3325,-1.8813875760692502,2.2675431438722478,2,2025-10-28
DAL,Delta Air Lines,61.9895,-1.8857169170797896,2.284203169609185,2,2025-10-29
DAL,Delta Air Lines,62.0579,-1.8860761338904937,2.2796089798919974,2,2025-10-30
DAL,Delta Air Lines,62.4021,-1.873364292467093,2.279322158077726,2,2025-10-31
DAL,Delta Air Lines,62.5211,-1.8632038365054342,2.2871631060956474,2,2025-11-01
DAL,Delta Air Lines,63.4866,-1.877782769217776,2.294208019116302,2,2025-11-02
DAL,Delta Air Lines,63.8866,-1.8668354551438133,2.290722360305352,2,2025-11-03
DAL,Delta Air Lines,63.7734,-1.86505775939172,2.275096000537861,2,2025-11-04
DAL,Delta Air Lines,63.5685,-1.8748446092749576,2.2951321899297974,2,2025-11-05
DAL,Delta Air Lines,63.4515,-1.8610942370443675,2.289790928967336,2,2025-11-06
DAL,Delta Air Lines,63.1677,-1.8705704531615057,2.267590180371437,2,2025-11-07
DASH,DoorDash,292.7975,0.7653000205755229,10.47569990158081,2,2025-10-25
DASH,DoorDash,299.3854,0.7589384560364657,10.422231036802195,2,2025-10-26
DASH,DoorDash,296.3986,0.7609250659033578,10.455791443184053,2,2025-10-27
DASH,DoorDash,290.9454,0.7665539834660017,10.366584195865371,2,2025-10-28
DASH,DoorDash,290.0293,0.7593803363899653,10.44561366307553,2,2025-10-29
DASH,DoorDash,298.6178,0.7582778872481968,10.402477058417945,2,2025-10-30
DASH,DoorDash,298.0935,0.756243436718543,10.357220903509848,2,2025-10-31
DASH,DoorDash,294.6108,0.7634102271945699,10.297702552449579,2,2025-11-01
DASH,DoorDash,299.2566,0.7578180839048905,10.274883624417905,2,2025-11-02
DASH,DoorDash,306.7507,0.7589623695321172,10.27975966930249,2,2025-11-03
DASH,DoorDash,311.7533,0.7623184636906384,10.245991964959128,2,2025-11-04
DASH,DoorDash,311.8285,0.7554302323276648,10.202177310154978,2,2025-11-05
DASH,DoorDash,309.4986,0.7480311691108097,10.269530999115632,2,2025-11-06
DASH,DoorDash,303.2084,0.752539803345599,10.269330468230711,2,2025-11-07
DAY,Dayforce,68.2434,8.856599926948547,0.0,1,2025-10-25
DAY,Dayforce,68.0781,8.785938960277822,0.0,1,2025-10-26
DAY,Dayforce,68.05,8.815439409266043,0.0,1,2025-10-27
DAY,Dayforce,67.2322,8.789231742323487,0.0,1,2025-10-28
DAY,Dayforce,67.4613,8.704459796966844,0.0,1,2025-10-29
DAY,Dayforce,67.9508,8.620443052205584,0.0,1,2025-10-30
DAY,Dayforce,68.1499,8.663629549182085,0.0,1,2025-10-31
DAY,Dayforce,68.1566,8.710298343280929,0.0,1,2025-11-01
DAY,Dayforce,69.7384,8.79539770817559,0.0,1,2025-11-02
DAY,Dayforce,70.699,8.746715932934924,0.0,1,2025-11-03
DAY,Dayforce,70.7166,8.70015292254077,0.0,1,2025-11-04
DAY,Dayforce,70.1935,8.694022646681743,0.0,1,2025-11-05
DAY,Dayforce,69.8782,8.65384581985239,0.0,1,2025-11-06
DAY,Dayforce,70.0511,8.639703234744914,0.0,1,2025-11-07
DD,DuPont,80.2565,8.700900077819824,0.247699990868568,2,2025-10-25
DD,DuPont,80.0219,8.721384648190773,0.24992126937192846,2,2025-10-26
DD,DuPont,80.1631,8.742200712825689,0.24831036455554759,2,2025-10-27
DD,DuPont,80.2004,8.79876745849902,0.2497533885062362,2,2025-10-28
DD,DuPont,80.1738,8.849672019096054,0.24748504340504854,2,2025-10-29
DD,DuPont,80.1872,8.932333659976095,0.24831089308088297,2,2025-10-30
DD,DuPont,80.1678,8.895505174940155,0.2476054959962323,2,2025-10-31
DD,DuPont,80.1606,8.924396935014197,0.2452988887263681,2,2025-11-01
DD,DuPont,79.9723,8.844841914680943,0.2452385604855972,2,2025-11-02
DD,DuPont,79.8967,8.924982204498104,0.24442260706579244,2,2025-11-03
DD,DuPont,79.936,8.8537400663873,0.2440711327228646,2,2025-11-04
DD,DuPont,80.0315,8.812707682974217,0.24443916350667383,2,2025-11-05
DD,DuPont,80.0553,8.812292979635751,0.24341106249587505,2,2025-11-06
DD,DuPont,79.685,8.760503938656639,0.24504857794592458,2,2025-11-07
DDOG,Datadog,151.1851,8.700500130653381,0.0,1,2025-10-25
DDOG,Datadog,148.647,8.697545325042034,0.0,1,2025-10-26
DDOG,Datadog,149.1783,8.642404181112541,0.0,1,2025-10-27
DDOG,Datadog,150.3297,8.686531939127319,0.0,1,2025-10-28
DDOG,Datadog,150.7137,8.630295406495417,0.0,1,2025-10-29
DDOG,Datadog,151.5234,8.56588730180921,0.0,1,2025-10-30
DDOG,Datadog,150.4662,8.645819207640297,0.0,1,2025-10-31
DDOG,Datadog,149.3561,8.673336181257087,0.0,1,2025-11-01
DDOG,Datadog,152.8755,8.739998432551106,0.0,1,2025-11-02
DDOG,Datadog,154.4926,8.784109936034186,0.0,1,2025-11-03
DDOG,Datadog,155.3662,8.815414327977289,0.0,1,2025-11-04
DDOG,Datadog,155.6009,8.85717561339352,0.0,1,2025-11-05
DDOG,Datadog,154.5107,8.872565655803582,0.0,1,2025-11-06
DDOG,Datadog,153.0726,8.796158543905648,0.0,1,2025-11-07
DE,Deere & Company,480.1813,8.914200067520142,0.0,1,2025-10-25
DE,Deere & Company,482.2305,8.918635450649973,0.0,1,2025-10-26
DE,Deere & Company,479.2232,8.973118347722696,0.0,1,2025-10-27
DE,Deere & Company,478.349,9.000518418420944,0.0,1,2025-10-28
DE,Deere & Company,479.7217,9.028713023581705,0.0,1,2025-10-29
DE,Deere & Company,480.3055,9.083686416339336,0.0,1,2025-10-30
DE,Deere & Company,480.0836,9.012110482657755,0.0,1,2025-10-31
DE,Deere & Company,480.0871,8.968657686887667,0.0,1,2025-11-01
DE,Deere & Company,488.8694,8.948959516544724,0.0,1,2025-11-02
DE,Deere & Company,493.9042,8.991375679508364,0.0,1,2025-11-03
DE,Deere & Company,494.3716,9.08074834771572,0.0,1,2025-11-04
DE,Deere & Company,495.0357,9.11443633791245,0.0,1,2025-11-05
DE,Deere & Company,494.3182,9.102418132080842,0.0,1,2025-11-06
DE,Deere & Company,492.0182,9.095360444233037,0.0,1,2025-11-07
DECK,Deckers Brands,86.4508,-2.231000065803527,3.436299860477447,2,2025-10-25
DECK,Deckers Brands,88.5113,-2.252460358531031,3.42877982775448,2,2025-10-26
DECK,Deckers Brands,91.094,-2.2669142775531745,3.4499393895489265,2,2025-10-27
DECK,Deckers Brands,90.9891,-2.2747026138222464,3.4511872015740885,2,2025-10-28
DECK,Deckers Brands,87.0288,-2.2532241720662145,3.4601110541843774,2,2025-10-29
DECK,Deckers Brands,86.8547,-2.2357197028998463,3.4625539073176657,2,2025-10-30
DECK,Deckers Brands,87.0638,-2.2412848527615457,3.4614478375503785,2,2025-10-31
DECK,Deckers Brands,88.1889,-2.2604574869445306,3.4277743817158433,2,2025-11-01
DECK,Deckers Brands,84.6182,-2.270402741419812,3.4531752022621154,2,2025-11-02
DECK,Deckers Brands,81.4743,-2.2511625186573574,3.4319004900388546,2,2025-11-03
DECK,Deckers Brands,83.3525,-2.248216694119863,3.418915865774659,2,2025-11-04
DECK,Deckers Brands,87.2338,-2.2702334057782334,3.4232110241396168,2,2025-11-05
DECK,Deckers Brands,91.0384,-2.2594836167003476,3.41444534397798,2,2025-11-06
DECK,Deckers Brands,87.1212,-2.2708196251420643,3.4361765036258127,2,2025-11-07
DELL,Dell Technologies,159.8424,8.698300123214722,0.30939999967813403,3,2025-10-25
DELL,Dell Technologies,160.3218,8.649895014964532,0.30892027330666494,3,2025-10-26
DELL,Dell Technologies,159.0144,8.629429091957427,0.31023675130893286,3,2025-10-27
DELL,Dell Technologies,157.6623,8.662725567860276,0.31139770115891,3,2025-10-28
DELL,Dell Technologies,158.0766,8.651285640135173,0.31233970300785363,3,2025-10-29
DELL,Dell Technologies,159.1381,8.595146735619773,0.3139764673637596,3,2025-10-30
DELL,Dell Technologies,159.521,8.587796641279507,0.3132904659573454,3,2025-10-31
DELL,Dell Technologies,159.0179,8.564968255590816,0.3143330443343651,3,2025-11-01
DELL,Dell Technologies,160.456,8.612059588433448,0.3167861768089725,3,2025-11-02
DELL,Dell Technologies,161.938,8.542996877627854,0.31957887832648996,3,2025-11-03
DELL,Dell Technologies,164.5391,8.483133212569978,0.32074788218615086,3,2025-11-04
DELL,Dell Technologies,164.6113,8.559112637568594,0.31942843451841724,3,2025-11-05
DELL,Dell Technologies,163.4904,8.532345300170052,0.31902257516139226,3,2025-11-06
DELL,Dell Technologies,160.64,8.540661230366052,0.31712207065358494,3,2025-11-07
DG,Dollar General,104.5063,-7.885500192642212,0.0,1,2025-10-25
DG,Dollar General,106.8337,-7.864925856303651,0.0,1,2025-10-26
DG,Dollar General,106.3245,-7.850782761984469,0.0,1,2025-10-27
DG,Dollar General,105.055,-7.894720205605449,0.0,1,2025-10-28
DG,Dollar General,103.9712,-7.961020091549134,0.0,1,2025-10-29
DG,Dollar General,104.21,-7.997716619665198,0.0,1,2025-10-30
DG,Dollar General,104.9361,-8.007245790875004,0.0,1,2025-10-31
DG,Dollar General,105.2227,-7.971989865862449,0.0,1,2025-11-01
DG,Dollar General,108.9991,-7.898863010973049,0.0,1,2025-11-02
DG,Dollar General,112.514,-7.899648778945949,0.0,1,2025-11-03
DG,Dollar General,112.4336,-7.95795479499351,0.0,1,2025-11-04
DG,Dollar General,109.6871,-7.950800249693071,0.0,1,2025-11-05
DG,Dollar General,107.2272,-7.925598973010746,0.0,1,2025-11-06
DG,Dollar General,106.8527,-7.9602301107923825,0.0,1,2025-11-07
DGX,Quest Diagnostics,185.6942,-2.172800004482269,7.821499705314636,4,2025-10-25
DGX,Quest Diagnostics,188.4146,-2.1601222574459964,7.800704350349902,4,2025-10-26
DGX,Quest Diagnostics,187.9606,-2.1578401097749826,7.862281732580348,4,2025-10-27
DGX,Quest Diagnostics,187.5519,-2.168082483793508,7.923457782562832,4,2025-10-28
DGX,Quest Diagnostics,186.1815,-2.162180757686408,7.890435938147157,4,2025-10-29
DGX,Quest Diagnostics,185.5432,-2.160749045409835,7.907747419073111,4,2025-10-30
DGX,Quest Diagnostics,186.2113,-2.16805596246207,7.955822333221707,4,2025-10-31
DGX,Quest Diagnostics,186.3086,-2.146662373833841,7.9887205542088715,4,2025-11-01
DGX,Quest Diagnostics,190.9361,-2.152464655685718,8.032440464449756,4,2025-11-02
DGX,Quest Diagnostics,192.7454,-2.1640554944362416,8.02317933769549,4,2025-11-03
DGX,Quest Diagnostics,192.4171,-2.1718877671965173,8.001086214483022,4,2025-11-04
DGX,Quest Diagnostics,192.7912,-2.1506196819019787,8.048584820620452,4,2025-11-05
DGX,Quest Diagnostics,193.4544,-2.157530256254918,7.993526638739711,4,2025-11-06
DGX,Quest Diagnostics,192.3045,-2.1787720422313916,7.937330112555068,4,2025-11-07
DHI,D. R. Horton,165.6128,2.775099873542785,4.193699955940246,7,2025-10-25
DHI,D. R. Horton,168.4776,2.7577711652339794,4.225452801544491,7,2025-10-26
DHI,D. R. Horton,167.8722,2.733408593173217,4.236689408175743,7,2025-10-27
DHI,D. R. Horton,166.3408,2.7081310174272977,4.2267988857878445,7,2025-10-28
DHI,D. R. Horton,165.9822,2.730796528213246,4.256959487327768,7,2025-10-29
DHI,D. R. Horton,166.4744,2.741466010404225,4.289714252645491,7,2025-10-30
DHI,D. R. Horton,166.6124,2.7154742619579757,4.30398502260572,7,2025-10-31
DHI,D. R. Horton,166.812,2.727093399049498,4.301014721541056,7,2025-11-01
DHI,D. R. Horton,167.3031,2.7186313039710286,4.301426606228087,7,2025-11-02
DHI,D. R. Horton,167.2878,2.7423111454395395,4.28694923255061,7,2025-11-03
DHI,D. R. Horton,167.5123,2.765621083159427,4.328201808239916,7,2025-11-04
DHI,D. R. Horton,167.8319,2.7493813983807915,4.359399668945949,7,2025-11-05
DHI,D. R. Horton,167.6902,2.7292194662818963,4.344218786769644,7,2025-11-06
DHI,D. R. Horton,166.4886,2.733252153593949,4.369929763423098,7,2025-11-07
DHR,Danaher Corporation,227.0018,-4.058600068092346,0.0,1,2025-10-25
DHR,Danaher Corporation,228.9572,-4.093591916984661,0.0,1,2025-10-26
DHR,Danaher Corporation,227.9923,-4.08820167425897,0.0,1,2025-10-27
DHR,Danaher Corporation,226.8747,-4.0776982881181265,0.0,1,2025-10-28
DHR,Danaher Corporation,226.8464,-4.063379553164146,0.0,1,2025-10-29
DHR,Danaher Corporation,227.0985,-4.098006923966436,0.0,1,2025-10-30
DHR,Danaher Corporation,227.4167,-4.069412919975972,0.0,1,2025-10-31
DHR,Danaher Corporation,227.1751,-4.083935886170488,0.0,1,2025-11-01
DHR,Danaher Corporation,221.4517,-4.080182126743698,0.0,1,2025-11-02
DHR,Danaher Corporation,218.1528,-4.072964413590265,0.0,1,2025-11-03
DHR,Danaher Corporation,219.2303,-4.087167737616731,0.0,1,2025-11-04
DHR,Danaher Corporation,223.1712,-4.1074241497387805,0.0,1,2025-11-05
DHR,Danaher Corporation,223.7403,-4.097308423112643,0.0,1,2025-11-06
DHR,Danaher Corporation,221.7762,-4.119061956967969,0.0,1,2025-11-07
DIS,Walt Disney Company (The),109.7856,4.435499906539917,3.612200021743774,2,2025-10-25
DIS,Walt Disney Company (The),108.6183,4.417261172844414,3.61983845531838,2,2025-10-26
DIS,Walt Disney Company (The),108.6168,4.383006667060321,3.598029778295231,2,2025-10-27
DIS,Walt Disney Company (The),109.3875,4.375745483551927,3.601437219642071,2,2025-10-28
DIS,Walt Disney Company (The),109.9345,4.381717186755465,3.6196433849246574,2,2025-10-29
DIS,Walt Disney Company (The),109.673,4.376909301430471,3.6286034180318056,2,2025-10-30
DIS,Walt Disney Company (The),109.2361,4.406235307418956,3.608418373104696,2,2025-10-31
DIS,Walt Disney Company (The),109.2325,4.398318488955992,3.582057667646324,2,2025-11-01
DIS,Walt Disney Company (The),113.729,4.409941011911581,3.582312714250042,2,2025-11-02
DIS,Walt Disney Company (The),115.0023,4.40377444841373,3.5687857816278417,2,2025-11-03
DIS,Walt Disney Company (The),115.7358,4.429261394580978,3.5757682677252816,2,2025-11-04
DIS,Walt Disney Company (The),116.1279,4.39822082194572,3.5637541759671993,2,2025-11-05
DIS,Walt Disney Company (The),115.3576,4.394143389283579,3.5646267411870913,2,2025-11-06
DIS,Walt Disney Company (The),114.9062,4.384938208269789,3.5913510571869836,2,2025-11-07
DLR,Digital Realty,180.9889,-2.534300088882446,8.64359974861145,3,2025-10-25
DLR,Digital Realty,180.8494,-2.5472117748312892,8.685757647710536,3,2025-10-26
DLR,Digital Realty,179.8407,-2.5545003665828214,8.621313705901441,3,2025-10-27
DLR,Digital Realty,179.2775,-2.5661840430901135,8.628630974159307,3,2025-10-28
DLR,Digital Realty,179.7931,-2.579306347597123,8.619953928098832,3,2025-10-29
DLR,Digital Realty,180.485,-2.57337152641413,8.600403078253589,3,2025-10-30
DLR,Digital Realty,180.4021,-2.578328257646102,8.633901176674982,3,2025-10-31
DLR,Digital Realty,179.92,-2.569736054023435,8.706797186824494,3,2025-11-01
DLR,Digital Realty,180.6268,-2.556689358542608,8.686063946237592,3,2025-11-02
DLR,Digital Realty,181.2688,-2.5594886282503446,8.719315863090584,3,2025-11-03
DLR,Digital Realty,182.1167,-2.5760104580695624,8.774550977675684,3,2025-11-04
DLR,Digital Realty,182.3612,-2.5930895292050136,8.73480677784245,3,2025-11-05
DLR,Digital Realty,181.665,-2.593156404923299,8.688319089901084,3,2025-11-06
DLR,Digital Realty,180.0991,-2.567227809619854,8.642254118047548,3,2025-11-07
DLTR,Dollar Tree,98.4482,7.992600202560425,0.0,1,2025-10-25
DLTR,Dollar Tree,99.1989,7.957090442349644,0.0,1,2025-10-26
DLTR,Dollar Tree,100.5156,7.986556508984593,0.0,1,2025-10-27
DLTR,Dollar Tree,101.3977,7.961474370063112,0.0,1,2025-10-28
DLTR,Dollar Tree,100.7693,7.985270570190812,0.0,1,2025-10-29
DLTR,Dollar Tree,99.9051,7.935529871668837,0.0,1,2025-10-30
DLTR,Dollar Tree,99.0409,7.96719913031004,0.0,1,2025-10-31
DLTR,Dollar Tree,99.1036,8.00030189982456,0.0,1,2025-11-01
DLTR,Dollar Tree,104.2929,7.935635899987006,0.0,1,2025-11-02
DLTR,Dollar Tree,108.5063,7.901753959782304,0.0,1,2025-11-03
DLTR,Dollar Tree,107.0395,7.865656315707557,0.0,1,2025-11-04
DLTR,Dollar Tree,102.7265,7.90954861959558,0.0,1,2025-11-05
DLTR,Dollar Tree,100.7027,7.965968396747682,0.0,1,2025-11-06
DLTR,Dollar Tree,102.2148,7.982894049602038,0.0,1,2025-11-07
DOC,Healthpeak Properties,19.1905,-8.827499747276306,0.529600009322166,2,2025-10-25
DOC,Healthpeak Properties,19.235,-8.845248000378986,0.5284552573302554,2,2025-10-26
DOC,Healthpeak Properties,19.3117,-8.87512332174373,0.52485405213312,2,2025-10-27
DOC,Healthpeak Properties,19.3176,-8.860029265958591,0.5280072538477099,2,2025-10-28
DOC,Healthpeak Properties,19.298,-8.897397152620663,0.5249840428943762,2,2025-10-29
DOC,Healthpeak Properties,19.2809,-8.843805856469418,0.5227778045210322,2,2025-10-30
DOC,Healthpeak Properties,19.2962,-8.919220436068192,0.5228131899401929,2,2025-10-31
DOC,Healthpeak Properties,19.2939,-8.938391255644488,0.5254779409760342,2,2025-11-01
DOC,Healthpeak Properties,19.0365,-8.945825422612549,0.52426705739178,2,2025-11-02
DOC,Healthpeak Properties,18.9254,-8.965795401781604,0.5265048015032174,2,2025-11-03
DOC,Healthpeak Properties,19.0472,-8.894297771653635,0.528887156247792,2,2025-11-04
DOC,Healthpeak Properties,19.1401,-8.850326389689592,0.5251121765192742,2,2025-11-05
DOC,Healthpeak Properties,19.1058,-8.77682281903732,0.5282873053367235,2,2025-11-06
DOC,Healthpeak Properties,18.9687,-8.718530517779483,0.529777640650251,2,2025-11-07
DOV,Dover Corporation,181.8866,-4.649600088596344,6.36929988861084,2,2025-10-25
DOV,Dover Corporation,186.1549,-4.677252610923822,6.404431130040036,2,2025-10-26
DOV,Dover Corporation,185.7559,-4.676088858507423,6.426273680170204,2,2025-10-27
DOV,Dover Corporation,184.3613,-4.6771866320614,6.470193404026286,2,2025-10-28
DOV,Dover Corporation,183.998,-4.691640484618373,6.442664895490824,2,2025-10-29
DOV,Dover Corporation,184.3633,-4.676772380507791,6.460903766379236,2,2025-10-30
DOV,Dover Corporation,184.5983,-4.634850459010195,6.438592108993419,2,2025-10-31
DOV,Dover Corporation,184.4098,-4.624746331726401,6.417438727674044,2,2025-11-01
DOV,Dover Corporation,183.9046,-4.627010891651116,6.477587686576544,2,2025-11-02
DOV,Dover Corporation,183.8351,-4.650966902579727,6.478023429355454,2,2025-11-03
DOV,Dover Corporation,184.1048,-4.649798890947106,6.449136825048262,2,2025-11-04
DOV,Dover Corporation,184.373,-4.678225157352989,6.420691879700655,2,2025-11-05
DOV,Dover Corporation,184.2662,-4.670259884128865,6.390217691175498,2,2025-11-06
DOV,Dover Corporation,183.2763,-4.635695590416854,6.366057940774624,2,2025-11-07
DOW,Dow Inc.,23.8984,1.885599941015243,7.117199897766113,4,2025-10-25
DOW,Dow Inc.,24.3264,1.8929955049188487,7.127545919362852,4,2025-10-26
DOW,Dow Inc.,24.4698,1.883228502483075,7.151193722157016,4,2025-10-27
DOW,Dow Inc.,23.0842,1.8913548792216235,7.199724609193854,4,2025-10-28
DOW,Dow Inc.,23.6191,1.8835380714681258,7.165920596635893,4,2025-10-29
DOW,Dow Inc.,24.3968,1.896246422525341,7.233210580752349,4,2025-10-30
DOW,Dow Inc.,25.1976,1.8989007468406562,7.243542333763489,4,2025-10-31
DOW,Dow Inc.,25.0755,1.8869917801358609,7.179667893242747,4,2025-11-01
DOW,Dow Inc.,19.5581,1.8878272077546119,7.204938480699753,4,2025-11-02
DOW,Dow Inc.,19.0319,1.9003656062541454,7.1956941101085015,4,2025-11-03
DOW,Dow Inc.,17.9558,1.9048525666736176,7.123839679745326,4,2025-11-04
DOW,Dow Inc.,18.6762,1.9160511444352504,7.081764662184789,4,2025-11-05
DOW,Dow Inc.,21.1693,1.922455357943301,7.028778258333165,4,2025-11-06
DOW,Dow Inc.,23.1714,1.9141524962891152,7.0674078211217495,4,2025-11-07
DPZ,Domino's,422.7754,8.960400223731995,0.0,1,2025-10-25
DPZ,Domino's,425.2376,9.012801785606985,0.0,1,2025-10-26
DPZ,Domino's,423.0897,8.993244187157226,0.0,1,2025-10-27
DPZ,Domino's,422.1802,9.077188806567614,0.0,1,2025-10-28
DPZ,Domino's,422.4123,9.003381497957944,0.0,1,2025-10-29
DPZ,Domino's,422.911,9.088714656760503,0.0,1,2025-10-30
DPZ,Domino's,423.0803,9.12792532046826,0.0,1,2025-10-31
DPZ,Domino's,422.9206,9.091181088008302,0.0,1,2025-11-01
DPZ,Domino's,426.4249,9.13842889331801,0.0,1,2025-11-02
DPZ,Domino's,428.5731,9.06745480982466,0.0,1,2025-11-03
DPZ,Domino's,428.6549,9.091153826048734,0.0,1,2025-11-04
DPZ,Domino's,428.5236,9.108926984517307,0.0,1,2025-11-05
DPZ,Domino's,428.7039,9.15755913390388,0.0,1,2025-11-06
DPZ,Domino's,429.2243,9.173674308078335,0.0,1,2025-11-07
DRI,Darden Restaurants,187.5913,4.063299894332886,0.0,1,2025-10-25
DRI,Darden Restaurants,188.0787,4.095227130892773,0.0,1,2025-10-26
DRI,Darden Restaurants,187.4214,4.132437998493858,0.0,1,2025-10-27
DRI,Darden Restaurants,187.4733,4.169030796247378,0.0,1,2025-10-28
DRI,Darden Restaurants,187.6339,4.173233896857636,0.0,1,2025-10-29
DRI,Darden Restaurants,187.9801,4.1852144169917045,0.0,1,2025-10-30
DRI,Darden Restaurants,187.6613,4.16425671819642,0.0,1,2025-10-31
DRI,Darden Restaurants,187.8379,4.129990434984651,0.0,1,2025-11-01
DRI,Darden Restaurants,196.0519,4.09563841541511,0.0,1,2025-11-02
DRI,Darden Restaurants,200.3108,4.075809675608661,0.0,1,2025-11-03
DRI,Darden Restaurants,200.2642,4.069323274993642,0.0,1,2025-11-04
DRI,Darden Restaurants,199.9812,4.03371367026203,0.0,1,2025-11-05
DRI,Darden Restaurants,198.8091,4.052475968361788,0.0,1,2025-11-06
DRI,Darden Restaurants,198.6248,4.0571116812483785,0.0,1,2025-11-07
DTE,DTE Energy,139.4614,8.793399930000305,0.0,1,2025-10-25
DTE,DTE Energy,138.1992,8.784902112326117,0.0,1,2025-10-26
DTE,DTE Energy,138.4288,8.73635597413397,0.0,1,2025-10-27
DTE,DTE Energy,138.5803,8.775637139149488,0.0,1,2025-10-28
DTE,DTE Energy,138.7508,8.85244240863601,0.0,1,2025-10-29
DTE,DTE Energy,138.7578,8.808253948551084,0.0,1,2025-10-30
DTE,DTE Energy,138.6911,8.883604116988767,0.0,1,2025-10-31
DTE,DTE Energy,138.7033,8.852864325665314,0.0,1,2025-11-01
DTE,DTE Energy,138.863,8.795782169125577,0.0,1,2025-11-02
DTE,DTE Energy,138.8077,8.802679974107999,0.0,1,2025-11-03
DTE,DTE Energy,138.1287,8.838178565032466,0.0,1,2025-11-04
DTE,DTE Energy,138.0381,8.756464305373518,0.0,1,2025-11-05
DTE,DTE Energy,139.0509,8.684012457090887,0.0,1,2025-11-06
DTE,DTE Energy,139.5757,8.697471907446966,0.0,1,2025-11-07
DUK,Duke Energy,125.4486,9.107699990272522,0.0,1,2025-10-25
DUK,Duke Energy,124.3475,9.179707963691875,0.0,1,2025-10-26
DUK,Duke Energy,124.4401,9.244542367988167,0.0,1,2025-10-27
DUK,Duke Energy,124.7706,9.198950149604155,0.0,1,2025-10-28
DUK,Duke Energy,125.1607,9.164156074317377,0.0,1,2025-10-29
DUK,Duke Energy,125.228,9.228552708515632,0.0,1,2025-10-30
DUK,Duke Energy,124.8714,9.241265328511366,0.0,1,2025-10-31
DUK,Duke Energy,124.7353,9.20180346801785,0.0,1,2025-11-01
DUK,Duke Energy,125.3148,9.172806115587491,0.0,1,2025-11-02
DUK,Duke Energy,125.6094,9.194031639184118,0.0,1,2025-11-03
DUK,Duke Energy,125.9224,9.235083244630703,0.0,1,2025-11-04
DUK,Duke Energy,125.8114,9.265301741488415,0.0,1,2025-11-05
DUK,Duke Energy,125.5096,9.314024312420607,0.0,1,2025-11-06
DUK,Duke Energy,124.6191,9.279151381279247,0.0,1,2025-11-07
DVA,DaVita,133.9274,8.641600012779236,0.0,1,2025-10-25
DVA,DaVita,136.4347,8.702313447222211,0.0,1,2025-10-26
DVA,DaVita,135.8036,8.775163247201512,0.0,1,2025-10-27
DVA,DaVita,134.4344,8.745392424050314,0.0,1,2025-10-28
DVA,DaVita,133.9915,8.672906436573593,0.0,1,2025-10-29
DVA,DaVita,134.3806,8.622115135434292,0.0,1,2025-10-30
DVA,DaVita,134.2694,8.680685018918416,0.0,1,2025-10-31
DVA,DaVita,134.4176,8.631288289605873,0.0,1,2025-11-01
DVA,DaVita,134.1427,8.651498589516493,0.0,1,2025-11-02
DVA,DaVita,134.0305,8.594721405322021,0.0,1,2025-11-03
DVA,DaVita,134.2221,8.651348264118015,0.0,1,2025-11-04
DVA,DaVita,134.2687,8.726959535497741,0.0,1,2025-11-05
DVA,DaVita,134.3336,8.776886581458404,0.0,1,2025-11-06
DVA,DaVita,133.3232,8.766591954811394,0.0,1,2025-11-07
DVN,Devon Energy,33.6743,7.101799845695496,0.0,1,2025-10-25
DVN,Devon Energy,34.3011,7.136683919240165,0.0,1,2025-10-26
DVN,Devon Energy,34.3856,7.126615327966309,0.0,1,2025-10-27
DVN,Devon Energy,33.8157,7.1427054237400665,0.0,1,2025-10-28
DVN,Devon Energy,33.7962,7.13289955032603,0.0,1,2025-10-29
DVN,Devon Energy,33.9085,7.083155649466124,0.0,1,2025-10-30
DVN,Devon Energy,33.974,7.082734264978526,0.0,1,2025-10-31
DVN,Devon Energy,33.8257,7.045050459337427,0.0,1,2025-11-01
DVN,Devon Energy,32.729,7.0441293400356955,0.0,1,2025-11-02
DVN,Devon Energy,32.1973,7.06486139857414,0.0,1,2025-11-03
DVN,Devon Energy,32.2288,7.130281467444379,0.0,1,2025-11-04
DVN,Devon Energy,32.4638,7.0603894636364855,0.0,1,2025-11-05
DVN,Devon Energy,32.8394,7.024876089052466,0.0,1,2025-11-06
DVN,Devon Energy,33.1472,7.0069279163115965,0.0,1,2025-11-07
DXCM,Dexcom,69.5748,8.545500040054321,0.578299984335899,2,2025-10-25
DXCM,Dexcom,68.7341,8.52903634949729,0.5792699340423071,2,2025-10-26
DXCM,Dexcom,68.26,8.52579614571153,0.5769331724908203,2,2025-10-27
DXCM,Dexcom,68.6401,8.604169884317944,0.5760159910969567,2,2025-10-28
DXCM,Dexcom,69.4266,8.570451219451657,0.572731252238261,2,2025-10-29
DXCM,Dexcom,70.4371,8.510650032847387,0.5744827333589003,2,2025-10-30
DXCM,Dexcom,70.5046,8.540949147451723,0.5690518309918587,2,2025-10-31
DXCM,Dexcom,69.3379,8.587973039890745,0.5638901503845358,2,2025-11-01
DXCM,Dexcom,67.8876,8.543633532371933,0.5672862156205855,2,2025-11-02
DXCM,Dexcom,67.204,8.492272505856354,0.5721732508504064,2,2025-11-03
DXCM,Dexcom,67.1493,8.430759709098963,0.5734233252637015,2,2025-11-04
DXCM,Dexcom,68.2466,8.469236237133675,0.5735425534334535,2,2025-11-05
DXCM,Dexcom,70.1227,8.391116293667771,0.5723335788705874,2,2025-11-06
DXCM,Dexcom,71.3286,8.414455842897578,0.5687531919927812,2,2025-11-07
EA,Electronic Arts,188.3811,8.966900110244751,0.0,1,2025-10-25
EA,Electronic Arts,182.929,8.891821534705091,0.0,1,2025-10-26
EA,Electronic Arts,183.4104,8.929343389239245,0.0,1,2025-10-27
EA,Electronic Arts,185.7818,8.916354693403758,0.0,1,2025-10-28
EA,Electronic Arts,186.4916,8.845285711994624,0.0,1,2025-10-29
EA,Electronic Arts,186.2352,8.867378546445305,0.0,1,2025-10-30
EA,Electronic Arts,185.5643,8.828673244455128,0.0,1,2025-10-31
EA,Electronic Arts,185.6029,8.823007461581474,0.0,1,2025-11-01
EA,Electronic Arts,188.966,8.790642622437364,0.0,1,2025-11-02
EA,Electronic Arts,190.6425,8.783941206681842,0.0,1,2025-11-03
EA,Electronic Arts,190.9708,8.81718739663188,0.0,1,2025-11-04
EA,Electronic Arts,191.348,8.783316493865271,0.0,1,2025-11-05
EA,Electronic Arts,191.0348,8.699123347714968,0.0,1,2025-11-06
EA,Electronic Arts,189.6285,8.758512539763078,0.0,1,2025-11-07
EBAY,eBay Inc.,102.1318,8.990100026130676,0.0,1,2025-10-25
EBAY,eBay Inc.,100.5906,8.911218856717003,0.0,1,2025-10-26
EBAY,eBay Inc.,100.0295,8.869800796980696,0.0,1,2025-10-27
EBAY,eBay Inc.,102.5893,8.901617653730415,0.0,1,2025-10-28
EBAY,eBay Inc.,102.5948,8.821658909369985,0.0,1,2025-10-29
EBAY,eBay Inc.,103.3373,8.752131230103425,0.0,1,2025-10-30
EBAY,eBay Inc.,104.2515,8.753326320088917,0.0,1,2025-10-31
EBAY,eBay Inc.,104.3016,8.67546474143588,0.0,1,2025-11-01
EBAY,eBay Inc.,104.8125,8.706558229516038,0.0,1,2025-11-02
EBAY,eBay Inc.,104.8484,8.701637225540797,0.0,1,2025-11-03
EBAY,eBay Inc.,105.3355,8.75133481148362,0.0,1,2025-11-04
EBAY,eBay Inc.,105.4167,8.78900554778233,0.0,1,2025-11-05
EBAY,eBay Inc.,105.2891,8.70370504598384,0.0,1,2025-11-06
EBAY,eBay Inc.,104.393,8.71326594398699,0.0,1,2025-11-07
ECL,Ecolab,281.9215,4.068399965763092,5.498600006103516,2,2025-10-25
ECL,Ecolab,282.4637,4.078274820442188,5.541639419298937,2,2025-10-26
ECL,Ecolab,280.497,4.108749780319309,5.593516475431883,2,2025-10-27
ECL,Ecolab,279.3178,4.134744615456587,5.614119264458857,2,2025-10-28
ECL,Ecolab,280.3269,4.133187246661271,5.629482668102376,2,2025-10-29
ECL,Ecolab,280.134,4.160016395825965,5.605703933436647,2,2025-10-30
ECL,Ecolab,280.1427,4.182175101577712,5.5924728110337005,2,2025-10-31
ECL,Ecolab,280.5335,4.1491005588163095,5.540091785029661,2,2025-11-01
ECL,Ecolab,278.8735,4.135834593902671,5.5162166636364205,2,2025-11-02
ECL,Ecolab,278.9468,4.161389098081425,5.472994484136514,2,2025-11-03
ECL,Ecolab,279.8641,4.152570988798625,5.4549201041466455,2,2025-11-04
ECL,Ecolab,279.1291,4.183457904457288,5.491891863438726,2,2025-11-05
ECL,Ecolab,279.1301,4.210408428525651,5.466301223077635,2,2025-11-06
ECL,Ecolab,277.7642,4.214636163383879,5.507650700868268,2,2025-11-07
ED,Consolidated Edison,101.8279,8.968499898910522,0.0,1,2025-10-25
ED,Consolidated Edison,102.4788,8.984125174095071,0.0,1,2025-10-26
ED,Consolidated Edison,102.2017,8.939996991704064,0.0,1,2025-10-27
ED,Consolidated Edison,101.894,8.970014068989974,0.0,1,2025-10-28
ED,Consolidated Edison,101.938,8.92768958816636,0.0,1,2025-10-29
ED,Consolidated Edison,102.0523,8.93308234293309,0.0,1,2025-10-30
ED,Consolidated Edison,102.0897,9.020158456324705,0.0,1,2025-10-31
ED,Consolidated Edison,102.0244,9.083211685161139,0.0,1,2025-11-01
ED,Consolidated Edison,101.1932,9.08731978135532,0.0,1,2025-11-02
ED,Consolidated Edison,100.9904,9.100825835867626,0.0,1,2025-11-03
ED,Consolidated Edison,100.7895,9.134831446458936,0.0,1,2025-11-04
ED,Consolidated Edison,100.8527,9.1743592893793,0.0,1,2025-11-05
ED,Consolidated Edison,101.3683,9.234512846872109,0.0,1,2025-11-06
ED,Consolidated Edison,101.4826,9.180996998971047,0.0,1,2025-11-07
EFX,Equifax,247.0168,-8.406500220298767,0.0,1,2025-10-25
EFX,Equifax,250.5327,-8.390843139833489,0.0,1,2025-10-26
EFX,Equifax,248.3045,-8.319530275917844,0.0,1,2025-10-27
EFX,Equifax,246.4782,-8.276747420221833,0.0,1,2025-10-28
EFX,Equifax,246.3798,-8.309141282776462,0.0,1,2025-10-29
EFX,Equifax,246.8291,-8.235674935269921,0.0,1,2025-10-30
EFX,Equifax,246.5452,-8.294168838224868,0.0,1,2025-10-31
EFX,Equifax,246.0439,-8.37541040084243,0.0,1,2025-11-01
EFX,Equifax,240.778,-8.319683875588682,0.0,1,2025-11-02
EFX,Equifax,239.8104,-8.240300576849581,0.0,1,2025-11-03
EFX,Equifax,241.1095,-8.322439191488424,0.0,1,2025-11-04
EFX,Equifax,241.082,-8.346460078959009,0.0,1,2025-11-05
EFX,Equifax,240.4369,-8.31143985317756,0.0,1,2025-11-06
EFX,Equifax,240.4427,-8.306280686932707,0.0,1,2025-11-07
EG,Everest Group,357.9581,3.825600147247314,5.072699785232544,6,2025-10-25
EG,Everest Group,360.1989,3.82896506914429,5.046962496027618,6,2025-10-26
EG,Everest Group,358.4648,3.7909640557390225,5.093926813443289,6,2025-10-27
EG,Everest Group,357.6718,3.766303553318268,5.135504892900175,6,2025-10-28
EG,Everest Group,357.7831,3.764470377038046,5.1751881612545905,6,2025-10-29
EG,Everest Group,358.054,3.797588554446566,5.190440465915353,6,2025-10-30
EG,Everest Group,357.9634,3.7942964536851114,5.19184754725208,6,2025-10-31
EG,Everest Group,358.0344,3.76361308480874,5.155653972947307,6,2025-11-01
EG,Everest Group,356.6643,3.73063642424433,5.194734997110359,6,2025-11-02
EG,Everest Group,356.699,3.7657247719612994,5.239753122738022,6,2025-11-03
EG,Everest Group,355.9416,3.7435520016281774,5.204336986665562,6,2025-11-04
EG,Everest Group,356.7432,3.763670013424129,5.247688260011767,6,2025-11-05
EG,Everest Group,355.6086,3.796132246068852,5.246112141821456,6,2025-11-06
EG,Everest Group,357.3229,3.810059384010399,5.298242412938966,6,2025-11-07
EIX,Edison International,58.4886,7.2693997621536255,1.519999951124191,3,2025-10-25
EIX,Edison International,58.6027,7.224363706429353,1.5048650844644262,3,2025-10-26
EIX,Edison International,57.7858,7.261559859813388,1.4987688997961837,3,2025-10-27
EIX,Edison International,57.253,7.196081242149789,1.493287322268294,3,2025-10-28
EIX,Edison International,57.3268,7.235043749476539,1.487602174866315,3,2025-10-29
EIX,Edison International,57.5683,7.295871931083096,1.4921721446282534,3,2025-10-30
EIX,Edison International,57.941,7.239452491468336,1.5043903163327468,3,2025-10-31
EIX,Edison International,58.0168,7.167093834476068,1.5152816732442043,3,2025-11-01
EIX,Edison International,55.2353,7.136087464208366,1.5211860961297847,3,2025-11-02
EIX,Edison International,53.567,7.134696632554433,1.5236147793673085,3,2025-11-03
EIX,Edison International,53.84,7.099810441472306,1.5257033893650576,3,2025-11-04
EIX,Edison International,55.3371,7.143656148620035,1.526617376246731,3,2025-11-05
EIX,Edison International,56.3883,7.140971338401771,1.537795462005422,3,2025-11-06
EIX,Edison International,55.7216,7.197335296805034,1.5413437956029317,3,2025-11-07
EL,Estée Lauder Companies (The),98.1319,-2.73279994726181,5.655699968338013,3,2025-10-25
EL,Estée Lauder Companies (The),92.1824,-2.725247029557437,5.702521783532715,3,2025-10-26
EL,Estée Lauder Companies (The),90.5249,-2.7442199371544875,5.724842694157103,3,2025-10-27
EL,Estée Lauder Companies (The),93.01,-2.7265042014563923,5.756955040052929,3,2025-10-28
EL,Estée Lauder Companies (The),97.1346,-2.706904339912758,5.792616387134044,3,2025-10-29
EL,Estée Lauder Companies (The),97.8772,-2.686530299878894,5.742190367600354,3,2025-10-30
EL,Estée Lauder Companies (The),96.4278,-2.6763332048117325,5.794497034527301,3,2025-10-31
EL,Estée Lauder Companies (The),93.8785,-2.6636413766654523,5.796542003620127,3,2025-11-01
EL,Estée Lauder Companies (The),98.22,-2.6584586511218413,5.825809448943105,3,2025-11-02
EL,Estée Lauder Companies (The),104.7369,-2.682573413248732,5.798334372086697,3,2025-11-03
EL,Estée Lauder Companies (The),105.4756,-2.6943682495297065,5.809157359214575,3,2025-11-04
EL,Estée Lauder Companies (The),100.9954,-2.67244680710281,5.772692641412627,3,2025-11-05
EL,Estée Lauder Companies (The),96.9142,-2.6573257159327497,5.759491467770244,3,2025-11-06
EL,Estée Lauder Companies (The),97.3965,-2.658940863156909,5.774331847056934,3,2025-11-07
ELV,Elevance Health,311.1477,9.015300273895264,0.0,1,2025-10-25
ELV,Elevance Health,306.6712,8.93338303716695,0.0,1,2025-10-26
ELV,Elevance Health,313.9386,8.856529226800587,0.0,1,2025-10-27
ELV,Elevance Health,320.7688,8.828709939297433,0.0,1,2025-10-28
ELV,Elevance Health,317.7722,8.776255287390772,0.0,1,2025-10-29
ELV,Elevance Health,306.3199,8.766426427953974,0.0,1,2025-10-30
ELV,Elevance Health,313.0197,8.69405642417774,0.0,1,2025-10-31
ELV,Elevance Health,319.5319,8.68646069226041,0.0,1,2025-11-01
ELV,Elevance Health,308.3415,8.728970724495944,0.0,1,2025-11-02
ELV,Elevance Health,298.9386,8.695436224423247,0.0,1,2025-11-03
ELV,Elevance Health,301.5551,8.77510546263092,0.0,1,2025-11-04
ELV,Elevance Health,306.4817,8.796552652535299,0.0,1,2025-11-05
ELV,Elevance Health,309.2924,8.73463108106324,0.0,1,2025-11-06
ELV,Elevance Health,304.6253,8.77530299241725,0.0,1,2025-11-07
EME,Emcor,791.7584,1.558399945497512,0.0,1,2025-10-25
EME,Emcor,784.5007,1.5488965542433875,0.0,1,2025-10-26
EME,Emcor,761.2338,1.559433618202532,0.0,1,2025-10-27
EME,Emcor,739.7586,1.5527136387696578,0.0,1,2025-10-28
EME,Emcor,741.6633,1.563925716237733,0.0,1,2025-10-29
EME,Emcor,767.1381,1.5705952704976416,0.0,1,2025-10-30
EME,Emcor,777.2782,1.573988006582561,0.0,1,2025-10-31
EME,Emcor,771.3488,1.5739869499515415,0.0,1,2025-11-01
EME,Emcor,786.854,1.5590522129613895,0.0,1,2025-11-02
EME,Emcor,795.9131,1.5739541119330058,0.0,1,2025-11-03
EME,Emcor,802.1287,1.5771379856416414,0.0,1,2025-11-04
EME,Emcor,795.8577,1.566997797523693,0.0,1,2025-11-05
EME,Emcor,787.6711,1.5683575578840614,0.0,1,2025-11-06
EME,Emcor,781.7373,1.5599344811710947,0.0,1,2025-11-07
EMN,Eastman Chemical Company,65.5759,6.257799863815308,0.0,1,2025-10-25
EMN,Eastman Chemical Company,68.525,6.31411041480875,0.0,1,2025-10-26
EMN,Eastman Chemical Company,68.5384,6.31837889550001,0.0,1,2025-10-27
EMN,Eastman Chemical Company,66.5464,6.380215736119544,0.0,1,2025-10-28
EMN,Eastman Chemical Company,65.8192,6.3719438665222645,0.0,1,2025-10-29
EMN,Eastman Chemical Company,66.1791,6.427869686801285,0.0,1,2025-10-30
EMN,Eastman Chemical Company,66.0713,6.46198472082354,0.0,1,2025-10-31
EMN,Eastman Chemical Company,65.8471,6.5236225114902675,0.0,1,2025-11-01
EMN,Eastman Chemical Company,62.3826,6.527891401336047,0.0,1,2025-11-02
EMN,Eastman Chemical Company,61.164,6.477995963234464,0.0,1,2025-11-03
EMN,Eastman Chemical Company,61.3357,6.538099428999379,0.0,1,2025-11-04
EMN,Eastman Chemical Company,62.2206,6.5455796664532295,0.0,1,2025-11-05
EMN,Eastman Chemical Company,63.3114,6.598295702243503,0.0,1,2025-11-06
EMN,Eastman Chemical Company,62.8906,6.5537819899021414,0.0,1,2025-11-07
EMR,Emerson Electric,131.0842,-0.472699999809265,12.276300191879272,2,2025-10-25
EMR,Emerson Electric,131.6147,-0.4708281124273016,12.235980431736289,2,2025-10-26
EMR,Emerson Electric,133.0355,-0.47325253554791674,12.23549225652508,2,2025-10-27
EMR,Emerson Electric,131.9358,-0.4765982068864355,12.21442846319067,2,2025-10-28
EMR,Emerson Electric,132.1146,-0.4746992818335827,12.30092397746794,2,2025-10-29
EMR,Emerson Electric,131.905,-0.476587040879686,12.183712611153611,2,2025-10-30
EMR,Emerson Electric,132.1424,-0.4764501353280587,12.287883037249589,2,2025-10-31
EMR,Emerson Electric,131.5092,-0.47545184445325256,12.330963369739145,2,2025-11-01
EMR,Emerson Electric,135.1429,-0.477635839291161,12.295375586746843,2,2025-11-02
EMR,Emerson Electric,137.0334,-0.481841925020415,12.394753850398246,2,2025-11-03
EMR,Emerson Electric,137.4858,-0.4792929283111176,12.285808503250149,2,2025-11-04
EMR,Emerson Electric,137.0644,-0.4793732034882094,12.175516268467192,2,2025-11-05
EMR,Emerson Electric,136.1074,-0.48057113338325463,12.174198633549262,2,2025-11-06
EMR,Emerson Electric,135.0369,-0.4812103915148363,12.226156733541528,2,2025-11-07
EOG,EOG Resources,112.7693,8.716800212860107,0.171900000423192,2,2025-10-25
EOG,EOG Resources,115.9031,8.792441499945513,0.1705793675158898,2,2025-10-26
EOG,EOG Resources,115.3693,8.746907141668185,0.17070124727771738,2,2025-10-27
EOG,EOG Resources,114.1519,8.75490236183537,0.17222144082922353,2,2025-10-28
EOG,EOG Resources,114.1064,8.679943684482456,0.17073493196635425,2,2025-10-29
EOG,EOG Resources,114.1757,8.640552163886309,0.1705353024275074,2,2025-10-30
EOG,EOG Resources,114.4227,8.648915498407977,0.16998305069731637,2,2025-10-31
EOG,EOG Resources,114.1611,8.733705460430805,0.16889994018653498,2,2025-11-01
EOG,EOG Resources,114.5063,8.80075745927826,0.16761791356106318,2,2025-11-02
EOG,EOG Resources,114.7348,8.823863462589493,0.16785300613766072,2,2025-11-03
EOG,EOG Resources,114.5945,8.784965171427547,0.16724299901464243,2,2025-11-04
EOG,EOG Resources,114.7531,8.732557446117957,0.16584815400009204,2,2025-11-05
EOG,EOG Resources,114.5863,8.731214735536453,0.16487789499021477,2,2025-11-06
EOG,EOG Resources,113.9903,8.709249943492788,0.1642210339063438,2,2025-11-07
EPAM,EPAM Systems,144.6737,5.418300032615662,5.405200123786926,3,2025-10-25
EPAM,EPAM Systems,128.8976,5.414672892361838,5.369073386487126,3,2025-10-26
EPAM,EPAM Systems,125.725,5.368709576144622,5.34068864153046,3,2025-10-27
EPAM,EPAM Systems,139.1686,5.41758221665041,5.294466155208854,3,2025-10-28
EPAM,EPAM Systems,156.4314,5.386541500497876,5.284019467968858,3,2025-10-29
EPAM,EPAM Systems,154.8343,5.414920227526638,5.313931372497641,3,2025-10-30
EPAM,EPAM Systems,134.2469,5.452369400299152,5.316304249454893,3,2025-10-31
EPAM,EPAM Systems,128.3286,5.473707677806882,5.325388515362669,3,2025-11-01
EPAM,EPAM Systems,132.4773,5.494546846276201,5.333043659027573,3,2025-11-02
EPAM,EPAM Systems,148.0336,5.509413058191384,5.2997973421529645,3,2025-11-03
EPAM,EPAM Systems,152.1558,5.477741311108277,5.302680503899855,3,2025-11-04
EPAM,EPAM Systems,141.6573,5.523657048042482,5.321418029198796,3,2025-11-05
EPAM,EPAM Systems,125.9487,5.501266688164106,5.2791804406164555,3,2025-11-06
EPAM,EPAM Systems,126.7423,5.480195976535967,5.306413516282503,3,2025-11-07
EQIX,Equinix,857.5024,9.175400137901306,0.0,1,2025-10-25
EQIX,Equinix,861.6858,9.227002685567545,0.0,1,2025-10-26
EQIX,Equinix,857.8804,9.309300410814647,0.0,1,2025-10-27
EQIX,Equinix,851.078,9.342954466776206,0.0,1,2025-10-28
EQIX,Equinix,851.0982,9.369067963801735,0.0,1,2025-10-29
EQIX,Equinix,853.1391,9.411222896579327,0.0,1,2025-10-30
EQIX,Equinix,854.2745,9.36390139442875,0.0,1,2025-10-31
EQIX,Equinix,852.7567,9.270796184793596,0.0,1,2025-11-01
EQIX,Equinix,849.0979,9.302142599682444,0.0,1,2025-11-02
EQIX,Equinix,850.1619,9.225572409742423,0.0,1,2025-11-03
EQIX,Equinix,853.5799,9.159645929895204,0.0,1,2025-11-04
EQIX,Equinix,855.5794,9.156710016750024,0.0,1,2025-11-05
EQIX,Equinix,855.7924,9.102292585565792,0.0,1,2025-11-06
EQIX,Equinix,849.2872,9.11727964207881,0.0,1,2025-11-07
EQR,Equity Residential,66.0556,8.632500171661377,0.32669998705387104,3,2025-10-25
EQR,Equity Residential,66.9239,8.685300529603243,0.32726683656779937,3,2025-10-26
EQR,Equity Residential,66.735,8.696288413464146,0.3285397298225287,3,2025-10-27
EQR,Equity Residential,66.1847,8.75863926519556,0.32920246060813596,3,2025-10-28
EQR,Equity Residential,66.0004,8.706927822514363,0.3320689701879094,3,2025-10-29
EQR,Equity Residential,66.1863,8.734446990502668,0.32930684585414527,3,2025-10-30
EQR,Equity Residential,66.3918,8.712060760898575,0.327453219853462,3,2025-10-31
EQR,Equity Residential,66.3999,8.758462359418074,0.3266998669863111,3,2025-11-01
EQR,Equity Residential,65.2322,8.680418288345356,0.3246101164204817,3,2025-11-02
EQR,Equity Residential,64.6484,8.699773372225428,0.3251479120551993,3,2025-11-03
EQR,Equity Residential,65.0564,8.70899262142877,0.3250237413280703,3,2025-11-04
EQR,Equity Residential,65.2533,8.789264787883758,0.3272498882717565,3,2025-11-05
EQR,Equity Residential,65.0968,8.854502665690132,0.324224961440897,3,2025-11-06
EQR,Equity Residential,64.6443,8.898430568855751,0.322933780830535,3,2025-11-07
EQT,EQT Corporation,54.4213,-6.393499970436096,3.9484000205993652,2,2025-10-25
EQT,EQT Corporation,54.836,-6.388012951143708,3.9141089961331006,2,2025-10-26
EQT,EQT Corporation,54.6684,-6.410786145439447,3.923951852232318,2,2025-10-27
EQT,EQT Corporation,54.6243,-6.469753715641384,3.9528832587221707,2,2025-10-28
EQT,EQT Corporation,54.6865,-6.462325860900402,3.9378802604166596,2,2025-10-29
EQT,EQT Corporation,54.6774,-6.5035154219353695,3.9351828585738478,2,2025-10-30
EQT,EQT Corporation,54.7345,-6.474648709784644,3.956446767432218,2,2025-10-31
EQT,EQT Corporation,54.6862,-6.452861828269206,3.9720807904646893,2,2025-11-01
EQT,EQT Corporation,58.0842,-6.5006963034911545,4.001163802010434,2,2025-11-02
EQT,EQT Corporation,58.9826,-6.4592116809907045,4.006250533834786,2,2025-11-03
EQT,EQT Corporation,59.2542,-6.522727306860248,3.996287705682223,2,2025-11-04
EQT,EQT Corporation,58.7009,-6.550831929987539,3.995939066658886,2,2025-11-05
EQT,EQT Corporation,58.3443,-6.615744707022632,3.9784844505616515,2,2025-11-06
EQT,EQT Corporation,58.1988,-6.669790796896994,3.989341269616695,2,2025-11-07
ERIE,Erie Indemnity,347.121,9.24809992313385,0.0,1,2025-10-25
ERIE,Erie Indemnity,362.5024,9.250570159388712,0.0,1,2025-10-26
ERIE,Erie Indemnity,358.7606,9.324539050945162,0.0,1,2025-10-27
ERIE,Erie Indemnity,350.1835,9.37253649504074,0.0,1,2025-10-28
ERIE,Erie Indemnity,347.1446,9.361470808444,0.0,1,2025-10-29
ERIE,Erie Indemnity,347.9795,9.341187666833157,0.0,1,2025-10-30
ERIE,Erie Indemnity,350.1309,9.287515728758153,0.0,1,2025-10-31
ERIE,Erie Indemnity,351.4648,9.237715623014637,0.0,1,2025-11-01
ERIE,Erie Indemnity,343.7072,9.210833546160249,0.0,1,2025-11-02
ERIE,Erie Indemnity,338.029,9.241013779421744,0.0,1,2025-11-03
ERIE,Erie Indemnity,338.6685,9.226038716600772,0.0,1,2025-11-04
ERIE,Erie Indemnity,343.8025,9.133874747707207,0.0,1,2025-11-05
ERIE,Erie Indemnity,347.5677,9.126327935009881,0.0,1,2025-11-06
ERIE,Erie Indemnity,344.1931,9.170339226977568,0.0,1,2025-11-07
ES,Eversource Energy,70.5809,0.969400033354759,8.711299896240234,2,2025-10-25
ES,Eversource Energy,68.1371,0.966860254040808,8.720767209214038,2,2025-10-26
ES,Eversource Energy,68.6595,0.9684039114813208,8.726937611579032,2,2025-10-27
ES,Eversource Energy,69.7578,0.9731901246110247,8.754276976745349,2,2025-10-28
ES,Eversource Energy,69.9174,0.9765611614358057,8.808624920866874,2,2025-10-29
ES,Eversource Energy,69.5761,0.9691556257505726,8.760615312202198,2,2025-10-30
ES,Eversource Energy,69.4378,0.9680639106230035,8.790505242795668,2,2025-10-31
ES,Eversource Energy,69.5326,0.9615110370238306,8.81063372922501,2,2025-11-01
ES,Eversource Energy,69.1886,0.9693561845199391,8.727995678871988,2,2025-11-02
ES,Eversource Energy,69.1141,0.966208280051269,8.778719344754084,2,2025-11-03
ES,Eversource Energy,69.1471,0.9659231895093796,8.724338946805961,2,2025-11-04
ES,Eversource Energy,69.3025,0.9579462642242627,8.696137108811323,2,2025-11-05
ES,Eversource Energy,69.2969,0.9636047491887538,8.68737090941169,2,2025-11-06
ES,Eversource Energy,68.9165,0.9713872875062677,8.608839133600494,2,2025-11-07
ESS,Essex Property Trust,273.577,9.126799702644348,0.0,1,2025-10-25
ESS,Essex Property Trust,277.7684,9.158219704184052,0.0,1,2025-10-26
ESS,Essex Property Trust,276.79,9.184604380474308,0.0,1,2025-10-27
ESS,Essex Property Trust,274.5724,9.165387114368492,0.0,1,2025-10-28
ESS,Essex Property Trust,274.2461,9.101829570224021,0.0,1,2025-10-29
ESS,Essex Property Trust,274.772,9.082191631690867,0.0,1,2025-10-30
ESS,Essex Property Trust,274.6295,9.171532124773615,0.0,1,2025-10-31
ESS,Essex Property Trust,274.7758,9.097806599661382,0.0,1,2025-11-01
ESS,Essex Property Trust,273.3166,9.153335581878771,0.0,1,2025-11-02
ESS,Essex Property Trust,273.2521,9.214181830577385,0.0,1,2025-11-03
ESS,Essex Property Trust,274.5362,9.254421310476213,0.0,1,2025-11-04
ESS,Essex Property Trust,274.8092,9.200858867196253,0.0,1,2025-11-05
ESS,Essex Property Trust,274.5494,9.287865700964186,0.0,1,2025-11-06
ESS,Essex Property Trust,272.43,9.19937977691609,0.0,1,2025-11-07
ETN,Eaton Corporation,382.5569,6.427199840545654,0.0,1,2025-10-25
ETN,Eaton Corporation,382.8428,6.433915732959977,0.0,1,2025-10-26
ETN,Eaton Corporation,381.5022,6.391909412307273,0.0,1,2025-10-27
ETN,Eaton Corporation,382.1957,6.37448620184709,0.0,1,2025-10-28
ETN,Eaton Corporation,383.4669,6.346233040462813,0.0,1,2025-10-29
ETN,Eaton Corporation,383.6182,6.3762182076781295,0.0,1,2025-10-30
ETN,Eaton Corporation,383.4647,6.334462802771657,0.0,1,2025-10-31
ETN,Eaton Corporation,382.321,6.364287090484388,0.0,1,2025-11-01
ETN,Eaton Corporation,382.8222,6.406181751449425,0.0,1,2025-11-02
ETN,Eaton Corporation,384.219,6.392456386794421,0.0,1,2025-11-03
ETN,Eaton Corporation,387.2122,6.3680136118671085,0.0,1,2025-11-04
ETN,Eaton Corporation,387.8948,6.39722127821481,0.0,1,2025-11-05
ETN,Eaton Corporation,386.891,6.33730738123645,0.0,1,2025-11-06
ETN,Eaton Corporation,382.0257,6.36060212426983,0.0,1,2025-11-07
ETR,Entergy,102.9085,7.97819972038269,0.0,1,2025-10-25
ETR,Entergy,102.8591,8.045073077582964,0.0,1,2025-10-26
ETR,Entergy,103.3004,8.111741779316262,0.0,1,2025-10-27
ETR,Entergy,104.3028,8.10415092377469,0.0,1,2025-10-28
ETR,Entergy,104.8377,8.037909052721616,0.0,1,2025-10-29
ETR,Entergy,104.2814,7.999773076676982,0.0,1,2025-10-30
ETR,Entergy,103.3287,8.028161713628332,0.0,1,2025-10-31
ETR,Entergy,103.1687,7.959489131747971,0.0,1,2025-11-01
ETR,Entergy,105.5658,7.9418502730941265,0.0,1,2025-11-02
ETR,Entergy,106.9158,7.922751294473273,0.0,1,2025-11-03
ETR,Entergy,107.5232,7.912200591949586,0.0,1,2025-11-04
ETR,Entergy,106.9765,7.946225792794961,0.0,1,2025-11-05
ETR,Entergy,105.6477,7.8763056261088975,0.0,1,2025-11-06
ETR,Entergy,103.5377,7.941085596228058,0.0,1,2025-11-07
EVRG,Evergy,78.2117,8.86489987373352,0.0,1,2025-10-25
EVRG,Evergy,78.1328,8.8602565093354,0.0,1,2025-10-26
EVRG,Evergy,77.9222,8.855389425426129,0.0,1,2025-10-27
EVRG,Evergy,77.798,8.8165385862677,0.0,1,2025-10-28
EVRG,Evergy,77.7977,8.873954694369159,0.0,1,2025-10-29
EVRG,Evergy,77.9792,8.809529699943116,0.0,1,2025-10-30
EVRG,Evergy,77.9667,8.723179194964422,0.0,1,2025-10-31
EVRG,Evergy,77.9595,8.704461408710149,0.0,1,2025-11-01
EVRG,Evergy,78.4495,8.619545823556262,0.0,1,2025-11-02
EVRG,Evergy,78.7726,8.570468484300022,0.0,1,2025-11-03
EVRG,Evergy,78.6217,8.492436184121704,0.0,1,2025-11-04
EVRG,Evergy,78.4878,8.545240946563096,0.0,1,2025-11-05
EVRG,Evergy,78.4471,8.473428979570484,0.0,1,2025-11-06
EVRG,Evergy,77.8931,8.531340591277589,0.0,1,2025-11-07
EW,Edwards Lifesciences,75.1018,-2.495100051164627,0.0,1,2025-10-25
EW,Edwards Lifesciences,74.1173,-2.50000936138916,0.0,1,2025-10-26
EW,Edwards Lifesciences,73.8364,-2.5177131180487624,0.0,1,2025-10-27
EW,Edwards Lifesciences,74.101,-2.508278159494699,0.0,1,2025-10-28
EW,Edwards Lifesciences,74.3574,-2.4889565578262,0.0,1,2025-10-29
EW,Edwards Lifesciences,74.3195,-2.479279865474655,0.0,1,2025-10-30
EW,Edwards Lifesciences,74.2438,-2.482550341846343,0.0,1,2025-10-31
EW,Edwards Lifesciences,74.2676,-2.4806415482494883,0.0,1,2025-11-01
EW,Edwards Lifesciences,74.6403,-2.4687778612790785,0.0,1,2025-11-02
EW,Edwards Lifesciences,75.0775,-2.4449933159238415,0.0,1,2025-11-03
EW,Edwards Lifesciences,75.197,-2.454194426691039,0.0,1,2025-11-04
EW,Edwards Lifesciences,75.0504,-2.4541465817344177,0.0,1,2025-11-05
EW,Edwards Lifesciences,75.0123,-2.4590437006892354,0.0,1,2025-11-06
EW,Edwards Lifesciences,75.1407,-2.469301190825423,0.0,1,2025-11-07
EXC,Exelon,46.1412,-2.118200063705444,8.664600253105164,2,2025-10-25
EXC,Exelon,44.6787,-2.1167193878194284,8.680539721444719,2,2025-10-26
EXC,Exelon,44.6675,-2.1018586133274315,8.669985479701754,2,2025-10-27
EXC,Exelon,45.4653,-2.12204695863258,8.715460663135659,2,2025-10-28
EXC,Exelon,45.7095,-2.1245296856724516,8.689326813669476,2,2025-10-29
EXC,Exelon,45.5182,-2.129344980153224,8.624577487424615,2,2025-10-30
EXC,Exelon,45.3906,-2.14154514209271,8.617070266543754,2,2025-10-31
EXC,Exelon,45.4601,-2.1349471902930586,8.61808124570308,2,2025-11-01
EXC,Exelon,45.1614,-2.136703210294022,8.661137171291942,2,2025-11-02
EXC,Exelon,44.9978,-2.1551817969554747,8.676275533441427,2,2025-11-03
EXC,Exelon,45.0255,-2.1622058484826097,8.656367669982517,2,2025-11-04
EXC,Exelon,45.1601,-2.168588216640323,8.579386305008342,2,2025-11-05
EXC,Exelon,45.1974,-2.1572407148337636,8.65344403489035,2,2025-11-06
EXC,Exelon,45.1552,-2.1388374799962366,8.593331514109833,2,2025-11-07
EXE,Expand Energy,101.8082,-7.559000253677368,0.967599973082542,2,2025-10-25
EXE,Expand Energy,100.1638,-7.573429202268173,0.9703091466739004,2,2025-10-26
EXE,Expand Energy,100.0404,-7.511978697740664,0.9613629577483066,2,2025-10-27
EXE,Expand Energy,100.4698,-7.45166407721184,0.9635748340019569,2,2025-10-28
EXE,Expand Energy,100.5487,-7.418847834879745,0.965969264760531,2,2025-10-29
EXE,Expand Energy,100.5553,-7.375214957078046,0.9738715765143119,2,2025-10-30
EXE,Expand Energy,100.4529,-7.439169731422612,0.9732547100437547,2,2025-10-31
EXE,Expand Energy,100.5009,-7.413407251116659,0.9716664133772928,2,2025-11-01
EXE,Expand Energy,105.8369,-7.472402405091321,0.9790471204696666,2,2025-11-02
EXE,Expand Energy,108.3867,-7.4010337895789196,0.9731519175945713,2,2025-11-03
EXE,Expand Energy,108.6308,-7.406477919567805,0.9817507266218417,2,2025-11-04
EXE,Expand Energy,108.4702,-7.438766795161939,0.9769988414932772,2,2025-11-05
EXE,Expand Energy,107.1798,-7.388896788011275,0.9807335247002636,2,2025-11-06
EXE,Expand Energy,105.8557,-7.318011294546013,0.9792871527233281,2,2025-11-07
EXPD,Expeditors International,119.8253,8.84909987449646,0.0,1,2025-10-25
EXPD,Expeditors International,120.2386,8.823525425132289,0.0,1,2025-10-26
EXPD,Expeditors International,119.9722,8.795987365150749,0.0,1,2025-10-27
EXPD,Expeditors International,119.8706,8.851983732720653,0.0,1,2025-10-28
EXPD,Expeditors International,119.8308,8.843782558649595,0.0,1,2025-10-29
EXPD,Expeditors International,119.8306,8.761800903969728,0.0,1,2025-10-30
EXPD,Expeditors International,119.9116,8.7492379231929,0.0,1,2025-10-31
EXPD,Expeditors International,119.8671,8.806283662164299,0.0,1,2025-11-01
EXPD,Expeditors International,119.391,8.800263426630531,0.0,1,2025-11-02
EXPD,Expeditors International,119.371,8.817527845523339,0.0,1,2025-11-03
EXPD,Expeditors International,119.2655,8.729826237273251,0.0,1,2025-11-04
EXPD,Expeditors International,119.7454,8.796792468495012,0.0,1,2025-11-05
EXPD,Expeditors International,119.6603,8.734022824961627,0.0,1,2025-11-06
EXPD,Expeditors International,118.8823,8.741907210869972,0.0,1,2025-11-07
EXPE,Expedia Group,228.5651,8.148900270462036,0.770400017499923,4,2025-10-25
EXPE,Expedia Group,229.0705,8.21332841563152,0.7654070856262261,4,2025-10-26
EXPE,Expedia Group,228.3546,8.1416143564353,0.7656821989413046,4,2025-10-27
EXPE,Expedia Group,226.6577,8.136891100718689,0.7582560000632563,4,2025-10-28
EXPE,Expedia Group,225.7027,8.071577336638605,0.7537000128632286,4,2025-10-29
EXPE,Expedia Group,226.3329,8.144053785317976,0.7541338139581997,4,2025-10-30
EXPE,Expedia Group,227.0598,8.185971231599629,0.7594577346576835,4,2025-10-31
EXPE,Expedia Group,227.3316,8.194492392008286,0.7519444447770814,4,2025-11-01
EXPE,Expedia Group,233.237,8.224288622940133,0.7448867023172686,4,2025-11-02
EXPE,Expedia Group,234.7757,8.19270300848149,0.751194310944938,4,2025-11-03
EXPE,Expedia Group,235.5038,8.18187734793564,0.7529497617168588,4,2025-11-04
EXPE,Expedia Group,234.686,8.233642631784816,0.7506715026250149,4,2025-11-05
EXPE,Expedia Group,232.5273,8.257143746443807,0.7500485517374781,4,2025-11-06
EXPE,Expedia Group,230.2849,8.261863274927661,0.7494772388131541,4,2025-11-07
EXR,Extra Space Storage,153.115,1.980299949645996,0.0,1,2025-10-25
EXR,Extra Space Storage,154.1295,1.9665928588993637,0.0,1,2025-10-26
EXR,Extra Space Storage,153.874,1.965306814140047,0.0,1,2025-10-27
EXR,Extra Space Storage,153.316,1.9624935234638456,0.0,1,2025-10-28
EXR,Extra Space Storage,153.2429,1.9711057040228748,0.0,1,2025-10-29
EXR,Extra Space Storage,153.0995,1.9529190618084107,0.0,1,2025-10-30
EXR,Extra Space Storage,153.0715,1.9452908489915253,0.0,1,2025-10-31
EXR,Extra Space Storage,153.1446,1.932959042482665,0.0,1,2025-11-01
EXR,Extra Space Storage,152.7615,1.9476127743439418,0.0,1,2025-11-02
EXR,Extra Space Storage,152.7191,1.9535171986889177,0.0,1,2025-11-03
EXR,Extra Space Storage,152.9754,1.939946251139202,0.0,1,2025-11-04
EXR,Extra Space Storage,153.2324,1.9468266713662383,0.0,1,2025-11-05
EXR,Extra Space Storage,152.9551,1.9444702988031768,0.0,1,2025-11-06
EXR,Extra Space Storage,152.2331,1.9296052235166274,0.0,1,2025-11-07
F,Ford Motor Company,11.5694,2.707799971103668,4.765200018882751,7,2025-10-25
F,Ford Motor Company,11.0988,2.723436490942214,4.7683177517906,7,2025-10-26
F,Ford Motor Company,11.1374,2.7248304486627846,4.747865987632472,7,2025-10-27
F,Ford Motor Company,11.3264,2.716519644761634,4.726649633649398,7,2025-10-28
F,Ford Motor Company,11.4013,2.710284142595789,4.740786921404359,7,2025-10-29
F,Ford Motor Company,11.3987,2.705320689555867,4.733212951425169,7,2025-10-30
F,Ford Motor Company,11.2994,2.7234863042299255,4.74064780959513,7,2025-10-31
F,Ford Motor Company,11.2494,2.7184688880706673,4.756295791911333,7,2025-11-01
F,Ford Motor Company,11.7544,2.745557396288307,4.763463670040518,7,2025-11-02
F,Ford Motor Company,11.8867,2.7235683676970814,4.783427450888857,7,2025-11-03
F,Ford Motor Company,11.8552,2.743008380759402,4.741028845985292,7,2025-11-04
F,Ford Motor Company,11.7933,2.769826803166703,4.705458444768512,7,2025-11-05
F,Ford Motor Company,11.7612,2.7423674151020494,4.687314449344634,7,2025-11-06
F,Ford Motor Company,11.7908,2.7567740140291943,4.6428990761185,7,2025-11-07
FANG,Diamondback Energy,150.8358,6.618199944496155,3.406499922275543,2,2025-10-25
FANG,Diamondback Energy,154.5681,6.679217216018888,3.425051503001066,2,2025-10-26
FANG,Diamondback Energy,154.1302,6.615371115545505,3.4259927448455074,2,2025-10-27
FANG,Diamondback Energy,151.7068,6.6532738473687845,3.4116120997723187,2,2025-10-28
FANG,Diamondback Energy,150.1051,6.637666430036973,3.4090167650058625,2,2025-10-29
FANG,Diamondback Energy,149.9866,6.655704831353182,3.428691013302178,2,2025-10-30
FANG,Diamondback Energy,150.9914,6.597725708387116,3.430358819727252,2,2025-10-31
FANG,Diamondback Energy,151.8653,6.556188630823335,3.423663732069202,2,2025-11-01
FANG,Diamondback Energy,148.2833,6.523698466552222,3.422611456061611,2,2025-11-02
FANG,Diamondback Energy,145.4568,6.527375348309406,3.39185736529816,2,2025-11-03
FANG,Diamondback Energy,145.7802,6.532688544638079,3.361699527003842,2,2025-11-04
FANG,Diamondback Energy,147.7734,6.550513588302188,3.356543858383742,2,2025-11-05
FANG,Diamondback Energy,149.8916,6.5645074803634715,3.344266718629377,2,2025-11-06
FANG,Diamondback Energy,148.7791,6.565007060390956,3.314447513022417,2,2025-11-07
FAST,Fastenal,43.7085,9.01639997959137,0.0,1,2025-10-25
FAST,Fastenal,44.4846,9.064147637582524,0.0,1,2025-10-26
FAST,Fastenal,44.4479,9.024433150866823,0.0,1,2025-10-27
FAST,Fastenal,43.9736,9.086386594713721,0.0,1,2025-10-28
FAST,Fastenal,44.0525,9.10853173021361,0.0,1,2025-10-29
FAST,Fastenal,44.4166,9.067289520273013,0.0,1,2025-10-30
FAST,Fastenal,44.7544,9.123260883492307,0.0,1,2025-10-31
FAST,Fastenal,44.3431,9.050670474813657,0.0,1,2025-11-01
FAST,Fastenal,45.1751,8.998181782216692,0.0,1,2025-11-02
FAST,Fastenal,45.8145,9.00012035351503,0.0,1,2025-11-03
FAST,Fastenal,46.4617,9.053863935159416,0.0,1,2025-11-04
FAST,Fastenal,46.6513,9.058521672484618,0.0,1,2025-11-05
FAST,Fastenal,46.2126,9.14370915581686,0.0,1,2025-11-06
FAST,Fastenal,45.4863,9.079523034565346,0.0,1,2025-11-07
FCX,Freeport-McMoRan,43.9521,-2.130499929189682,6.125699877738953,10,2025-10-25
FCX,Freeport-McMoRan,44.9241,-2.1450751689271077,6.077549070830014,10,2025-10-26
FCX,Freeport-McMoRan,44.4767,-2.124758530735847,6.079729221294192,10,2025-10-27
FCX,Freeport-McMoRan,43.9136,-2.126691276951655,6.115234622334578,10,2025-10-28
FCX,Freeport-McMoRan,43.9718,-2.139198900428572,6.154414646314418,10,2025-10-29
FCX,Freeport-McMoRan,44.1763,-2.1514912964266273,6.179462495587576,10,2025-10-30
FCX,Freeport-McMoRan,44.2793,-2.139423980548476,6.1810466115474485,10,2025-10-31
FCX,Freeport-McMoRan,44.2184,-2.1456321482786516,6.2354462042359495,10,2025-11-01
FCX,Freeport-McMoRan,43.5047,-2.1587239868921935,6.241969204640143,10,2025-11-02
FCX,Freeport-McMoRan,43.2207,-2.1671630802960737,6.1802394940935175,10,2025-11-03
FCX,Freeport-McMoRan,43.29,-2.178990268529579,6.132954995359587,10,2025-11-04
FCX,Freeport-McMoRan,43.5796,-2.1944642399278202,6.181609274493771,10,2025-11-05
FCX,Freeport-McMoRan,43.6716,-2.1939056194675435,6.174210929893082,10,2025-11-06
FCX,Freeport-McMoRan,43.3476,-2.2126427198728855,6.1219704414719,10,2025-11-07
FDS,FactSet,333.0047,-9.292899966239927,0.0,1,2025-10-25
FDS,FactSet,355.3428,-9.375779769731182,0.0,1,2025-10-26
FDS,FactSet,353.5615,-9.291370214187582,0.0,1,2025-10-27
FDS,FactSet,336.2683,-9.252113163981521,0.0,1,2025-10-28
FDS,FactSet,335.217,-9.197655791453903,0.0,1,2025-10-29
FDS,FactSet,337.243,-9.275128230955595,0.0,1,2025-10-30
FDS,FactSet,339.1228,-9.3181372069116,0.0,1,2025-10-31
FDS,FactSet,337.6628,-9.4013625503024,0.0,1,2025-11-01
FDS,FactSet,334.0848,-9.4626263259088,0.0,1,2025-11-02
FDS,FactSet,334.4026,-9.504904158159263,0.0,1,2025-11-03
FDS,FactSet,333.07,-9.475167739411196,0.0,1,2025-11-04
FDS,FactSet,330.488,-9.564589121794118,0.0,1,2025-11-05
FDS,FactSet,331.5038,-9.55352626035237,0.0,1,2025-11-06
FDS,FactSet,333.2857,-9.467340345625328,0.0,1,2025-11-07
FDX,FedEx,250.338,8.784099817276001,0.37229999899864197,2,2025-10-25
FDX,FedEx,252.8133,8.810113491704055,0.37416823182311393,2,2025-10-26
FDX,FedEx,251.9046,8.865337564639125,0.37076189555715844,2,2025-10-27
FDX,FedEx,249.1498,8.783322204968037,0.3671542296116603,2,2025-10-28
FDX,FedEx,248.8063,8.793942776466151,0.36750652903520253,2,2025-10-29
FDX,FedEx,249.4904,8.872417664077592,0.36995751102563595,2,2025-10-30
FDX,FedEx,250.0945,8.84689659173259,0.3688134392640703,2,2025-10-31
FDX,FedEx,250.1214,8.894094582695164,0.3710883137771588,2,2025-11-01
FDX,FedEx,246.3095,8.88958954422381,0.3720565009905761,2,2025-11-02
FDX,FedEx,245.2321,8.883386332652393,0.3713060508058667,2,2025-11-03
FDX,FedEx,246.7973,8.83242738519801,0.37275619543394173,2,2025-11-04
FDX,FedEx,246.3597,8.841021631668097,0.3724579034073613,2,2025-11-05
FDX,FedEx,245.5141,8.866477461927335,0.37492658215727337,2,2025-11-06
FDX,FedEx,243.6826,8.885346679753532,0.37195035534411086,2,2025-11-07
FE,FirstEnergy,44.5019,-7.451900243759155,2.2594000399112697,2,2025-10-25
FE,FirstEnergy,43.5888,-7.503352553126787,2.24834298624447,2,2025-10-26
FE,FirstEnergy,43.7737,-7.447612207084869,2.2681967755691343,2,2025-10-27
FE,FirstEnergy,44.0844,-7.459564703938197,2.2544515743214824,2,2025-10-28
FE,FirstEnergy,44.1248,-7.393042507137416,2.2331101650442906,2,2025-10-29
FE,FirstEnergy,44.0591,-7.348474851756628,2.2486386182141405,2,2025-10-30
FE,FirstEnergy,44.0441,-7.413760384637129,2.255493990995436,2,2025-10-31
FE,FirstEnergy,44.0521,-7.443792454076088,2.2349695156971046,2,2025-11-01
FE,FirstEnergy,44.0055,-7.49801838502902,2.220420864368816,2,2025-11-02
FE,FirstEnergy,43.9842,-7.526772933991597,2.230396465747815,2,2025-11-03
FE,FirstEnergy,44.1218,-7.511898364807832,2.2276928196688432,2,2025-11-04
FE,FirstEnergy,44.1534,-7.5066027216799425,2.2381136863625577,2,2025-11-05
FE,FirstEnergy,44.1297,-7.486158917442336,2.2579840366951167,2,2025-11-06
FE,FirstEnergy,43.9044,-7.441852491025775,2.239647864958064,2,2025-11-07
FFIV,"F5, Inc.",333.8663,7.879400253295898,0.0,1,2025-10-25
FFIV,"F5, Inc.",355.1126,7.882478299126098,0.0,1,2025-10-26
FFIV,"F5, Inc.",354.8275,7.865059209992195,0.0,1,2025-10-27
FFIV,"F5, Inc.",340.7853,7.820147614951005,0.0,1,2025-10-28
FFIV,"F5, Inc.",334.5863,7.760667080547118,0.0,1,2025-10-29
FFIV,"F5, Inc.",337.2843,7.749899090407275,0.0,1,2025-10-30
FFIV,"F5, Inc.",347.1646,7.7896622388252,0.0,1,2025-10-31
FFIV,"F5, Inc.",347.1027,7.794603349443695,0.0,1,2025-11-01
FFIV,"F5, Inc.",353.8996,7.742143220331449,0.0,1,2025-11-02
FFIV,"F5, Inc.",357.2685,7.69798851539686,0.0,1,2025-11-03
FFIV,"F5, Inc.",357.5027,7.637507463299948,0.0,1,2025-11-04
FFIV,"F5, Inc.",353.9057,7.651281549993365,0.0,1,2025-11-05
FFIV,"F5, Inc.",351.5919,7.685390198685671,0.0,1,2025-11-06
FFIV,"F5, Inc.",351.6544,7.692035059097509,0.0,1,2025-11-07
FI,Fiserv,122.8811,2.5398999452590942,3.615800142288208,6,2025-10-25
FI,Fiserv,120.1153,2.5210617339749244,3.621347059730335,6,2025-10-26
FI,Fiserv,120.4943,2.5182621532808245,3.620984072301484,6,2025-10-27
FI,Fiserv,121.6538,2.509100764528751,3.643033040729536,6,2025-10-28
FI,Fiserv,122.1873,2.5023963074659545,3.6150809638741452,6,2025-10-29
FI,Fiserv,121.9818,2.508296563360922,3.5819075859317144,6,2025-10-30
FI,Fiserv,122.3314,2.5162914286004407,3.5708583975518042,6,2025-10-31
FI,Fiserv,122.0171,2.5116244056460606,3.5645581383525737,6,2025-11-01
FI,Fiserv,119.2726,2.526765318417316,3.563532610948713,6,2025-11-02
FI,Fiserv,118.1892,2.545191624422756,3.5544572626360806,6,2025-11-03
FI,Fiserv,119.2067,2.5294144861950176,3.552297459241782,6,2025-11-04
FI,Fiserv,119.7756,2.521698409372307,3.568117469499784,6,2025-11-05
FI,Fiserv,120.3345,2.5228917752499664,3.5898137543931212,6,2025-11-06
FI,Fiserv,117.5654,2.5031208180621216,3.6241104161801787,6,2025-11-07
FICO,Fair Isaac,1949.5185,8.125699758529663,0.0,1,2025-10-25
FICO,Fair Isaac,2014.1368,8.158354726602695,0.0,1,2025-10-26
FICO,Fair Isaac,1958.2767,8.134407782134721,0.0,1,2025-10-27
FICO,Fair Isaac,1885.0723,8.1891956815641,0.0,1,2025-10-28
FICO,Fair Isaac,1876.1233,8.185160612562017,0.0,1,2025-10-29
FICO,Fair Isaac,1910.9877,8.255273519870192,0.0,1,2025-10-30
FICO,Fair Isaac,1934.934,8.176598237584392,0.0,1,2025-10-31
FICO,Fair Isaac,1931.2846,8.09701053662197,0.0,1,2025-11-01
FICO,Fair Isaac,1981.503,8.146399318400409,0.0,1,2025-11-02
FICO,Fair Isaac,2022.9547,8.18311019311122,0.0,1,2025-11-03
FICO,Fair Isaac,2031.9749,8.123902558143694,0.0,1,2025-11-04
FICO,Fair Isaac,2011.2034,8.125688125675278,0.0,1,2025-11-05
FICO,Fair Isaac,1979.6231,8.073644682693745,0.0,1,2025-11-06
FICO,Fair Isaac,1947.3811,8.067361972224138,0.0,1,2025-11-07
FIS,Fidelity National Information Services,71.5864,4.416500031948089,0.0,1,2025-10-25
FIS,Fidelity National Information Services,72.9431,4.380178588304902,0.0,1,2025-10-26
FIS,Fidelity National Information Services,72.3509,4.404546331886882,0.0,1,2025-10-27
FIS,Fidelity National Information Services,71.8516,4.412012128050416,0.0,1,2025-10-28
FIS,Fidelity National Information Services,71.8202,4.436959166422052,0.0,1,2025-10-29
FIS,Fidelity National Information Services,71.8809,4.477333283541429,0.0,1,2025-10-30
FIS,Fidelity National Information Services,72.096,4.517735875131011,0.0,1,2025-10-31
FIS,Fidelity National Information Services,72.0951,4.496072284976197,0.0,1,2025-11-01
FIS,Fidelity National Information Services,70.1196,4.47545793644205,0.0,1,2025-11-02
FIS,Fidelity National Information Services,69.2223,4.487933284825013,0.0,1,2025-11-03
FIS,Fidelity National Information Services,69.4856,4.458589595826325,0.0,1,2025-11-04
FIS,Fidelity National Information Services,69.4883,4.5024766927080595,0.0,1,2025-11-05
FIS,Fidelity National Information Services,69.2328,4.495747383518123,0.0,1,2025-11-06
FIS,Fidelity National Information Services,68.6155,4.465962073771809,0.0,1,2025-11-07
FITB,Fifth Third Bancorp,44.0978,8.836100101470947,0.0,1,2025-10-25
FITB,Fifth Third Bancorp,44.0749,8.782357129168828,0.0,1,2025-10-26
FITB,Fifth Third Bancorp,43.5206,8.857349090699438,0.0,1,2025-10-27
FITB,Fifth Third Bancorp,43.3548,8.826079026069621,0.0,1,2025-10-28
FITB,Fifth Third Bancorp,43.5421,8.861282458292916,0.0,1,2025-10-29
FITB,Fifth Third Bancorp,43.7576,8.859649835857343,0.0,1,2025-10-30
FITB,Fifth Third Bancorp,43.7572,8.819798446582789,0.0,1,2025-10-31
FITB,Fifth Third Bancorp,43.6032,8.799702023548637,0.0,1,2025-11-01
FITB,Fifth Third Bancorp,43.6502,8.832052128384202,0.0,1,2025-11-02
FITB,Fifth Third Bancorp,43.7737,8.767882903847397,0.0,1,2025-11-03
FITB,Fifth Third Bancorp,43.9606,8.810967180123354,0.0,1,2025-11-04
FITB,Fifth Third Bancorp,44.0421,8.818710706363888,0.0,1,2025-11-05
FITB,Fifth Third Bancorp,44.1602,8.878438038982365,0.0,1,2025-11-06
FITB,Fifth Third Bancorp,43.8543,8.844955898347422,0.0,1,2025-11-07
FOX,Fox Corporation (Class B),56.6717,9.025499820709229,0.0,1,2025-10-25
FOX,Fox Corporation (Class B),58.8411,9.050463600764026,0.0,1,2025-10-26
FOX,Fox Corporation (Class B),58.7028,9.036086231186077,0.0,1,2025-10-27
FOX,Fox Corporation (Class B),57.4962,9.072664243231355,0.0,1,2025-10-28
FOX,Fox Corporation (Class B),56.1263,9.076474131498442,0.0,1,2025-10-29
FOX,Fox Corporation (Class B),56.0134,9.057305417016707,0.0,1,2025-10-30
FOX,Fox Corporation (Class B),57.6048,9.115051825888868,0.0,1,2025-10-31
FOX,Fox Corporation (Class B),58.3343,9.186149560130852,0.0,1,2025-11-01
FOX,Fox Corporation (Class B),59.1567,9.174501299686701,0.0,1,2025-11-02
FOX,Fox Corporation (Class B),59.0388,9.250222122393927,0.0,1,2025-11-03
FOX,Fox Corporation (Class B),58.4206,9.204568631201441,0.0,1,2025-11-04
FOX,Fox Corporation (Class B),58.0694,9.219290829934511,0.0,1,2025-11-05
FOX,Fox Corporation (Class B),58.2571,9.146581583264712,0.0,1,2025-11-06
FOX,Fox Corporation (Class B),57.8665,9.104328854739698,0.0,1,2025-11-07
FOXA,Fox Corporation (Class A),64.295,9.025499820709229,0.0,1,2025-10-25
FOXA,Fox Corporation (Class A),66.234,8.937161124356374,0.0,1,2025-10-26
FOXA,Fox Corporation (Class A),65.7866,9.024421244207682,0.0,1,2025-10-27
FOXA,Fox Corporation (Class A),64.801,9.03663039216589,0.0,1,2025-10-28
FOXA,Fox Corporation (Class A),63.7744,9.004016733025356,0.0,1,2025-10-29
FOXA,Fox Corporation (Class A),63.7574,9.051085367074753,0.0,1,2025-10-30
FOXA,Fox Corporation (Class A),64.9929,8.977325893169766,0.0,1,2025-10-31
FOXA,Fox Corporation (Class A),65.6553,9.000350039822655,0.0,1,2025-11-01
FOXA,Fox Corporation (Class A),66.3431,8.921871742226894,0.0,1,2025-11-02
FOXA,Fox Corporation (Class A),66.2436,9.005410787792377,0.0,1,2025-11-03
FOXA,Fox Corporation (Class A),65.9581,8.969927723116577,0.0,1,2025-11-04
FOXA,Fox Corporation (Class A),66.0087,8.925018233333738,0.0,1,2025-11-05
FOXA,Fox Corporation (Class A),66.1276,9.001332443424761,0.0,1,2025-11-06
FOXA,Fox Corporation (Class A),65.481,9.08207884721859,0.0,1,2025-11-07
FRT,Federal Realty Investment Trust,102.8108,8.852400183677673,0.0,1,2025-10-25
FRT,Federal Realty Investment Trust,102.9647,8.823511972401858,0.0,1,2025-10-26
FRT,Federal Realty Investment Trust,102.7912,8.752249519509727,0.0,1,2025-10-27
FRT,Federal Realty Investment Trust,102.7737,8.692643870429084,0.0,1,2025-10-28
FRT,Federal Realty Investment Trust,102.8307,8.69704438943218,0.0,1,2025-10-29
FRT,Federal Realty Investment Trust,102.8307,8.612457990318696,0.0,1,2025-10-30
FRT,Federal Realty Investment Trust,102.8378,8.610754559558991,0.0,1,2025-10-31
FRT,Federal Realty Investment Trust,102.8296,8.680460200460322,0.0,1,2025-11-01
FRT,Federal Realty Investment Trust,102.1646,8.766784514924817,0.0,1,2025-11-02
FRT,Federal Realty Investment Trust,102.0325,8.72593900649771,0.0,1,2025-11-03
FRT,Federal Realty Investment Trust,101.9247,8.725136876996096,0.0,1,2025-11-04
FRT,Federal Realty Investment Trust,102.0055,8.689022618398624,0.0,1,2025-11-05
FRT,Federal Realty Investment Trust,102.052,8.75801548510497,0.0,1,2025-11-06
FRT,Federal Realty Investment Trust,101.6906,8.844005027947361,0.0,1,2025-11-07
FSLR,First Solar,254.0166,8.586400151252747,0.0,1,2025-10-25
FSLR,First Solar,254.518,8.523289274461298,0.0,1,2025-10-26
FSLR,First Solar,253.3043,8.57370250482753,0.0,1,2025-10-27
FSLR,First Solar,252.3954,8.638871285081407,0.0,1,2025-10-28
FSLR,First Solar,252.4613,8.6918432448505,0.0,1,2025-10-29
FSLR,First Solar,253.1344,8.648686927610672,0.0,1,2025-10-30
FSLR,First Solar,253.7871,8.704048964316726,0.0,1,2025-10-31
FSLR,First Solar,253.7379,8.70881436435311,0.0,1,2025-11-01
FSLR,First Solar,250.9815,8.750523281803794,0.0,1,2025-11-02
FSLR,First Solar,249.8022,8.835892645361767,0.0,1,2025-11-03
FSLR,First Solar,252.3332,8.902374882027154,0.0,1,2025-11-04
FSLR,First Solar,257.2794,8.821439539958655,0.0,1,2025-11-05
FSLR,First Solar,257.4275,8.833905490147671,0.0,1,2025-11-06
FSLR,First Solar,256.0122,8.791471327302064,0.0,1,2025-11-07
FTNT,Fortinet,90.8154,5.545499920845032,3.739100098609924,4,2025-10-25
FTNT,Fortinet,94.3849,5.538366508923765,3.7742650969563507,4,2025-10-26
FTNT,Fortinet,94.0572,5.5151766661262975,3.7781692933301394,4,2025-10-27
FTNT,Fortinet,91.4049,5.461528313797465,3.8072149592745688,4,2025-10-28
FTNT,Fortinet,90.6973,5.488589692619404,3.779860284331311,4,2025-10-29
FTNT,Fortinet,91.0253,5.498446765042965,3.808030592317807,4,2025-10-30
FTNT,Fortinet,91.3296,5.543684052887513,3.8255226269515505,4,2025-10-31
FTNT,Fortinet,91.4522,5.593261662389225,3.8158423389116214,4,2025-11-01
FTNT,Fortinet,94.3643,5.6019295881630375,3.8309569805187387,4,2025-11-02
FTNT,Fortinet,96.3459,5.555597545316489,3.8230539737909393,4,2025-11-03
FTNT,Fortinet,96.1016,5.587877410156166,3.8249152470977767,4,2025-11-04
FTNT,Fortinet,96.1506,5.593524157127192,3.8457005496090098,4,2025-11-05
FTNT,Fortinet,95.4777,5.606197374726177,3.8814955779568066,4,2025-11-06
FTNT,Fortinet,94.1449,5.555082344005654,3.8781789544872227,4,2025-11-07
FTV,Fortive,51.2606,8.422300219535828,0.0,1,2025-10-25
FTV,Fortive,52.2605,8.413645774140507,0.0,1,2025-10-26
FTV,Fortive,52.0969,8.49400272856181,0.0,1,2025-10-27
FTV,Fortive,51.4349,8.540562612991843,0.0,1,2025-10-28
FTV,Fortive,51.2513,8.575230802253342,0.0,1,2025-10-29
FTV,Fortive,51.3891,8.555160041138043,0.0,1,2025-10-30
FTV,Fortive,51.8237,8.599224005306482,0.0,1,2025-10-31
FTV,Fortive,51.7269,8.610543911199953,0.0,1,2025-11-01
FTV,Fortive,50.9528,8.622191333593438,0.0,1,2025-11-02
FTV,Fortive,50.6632,8.577427716480669,0.0,1,2025-11-03
FTV,Fortive,50.6708,8.547892144038041,0.0,1,2025-11-04
FTV,Fortive,51.0353,8.611698165343071,0.0,1,2025-11-05
FTV,Fortive,50.9893,8.570122832319411,0.0,1,2025-11-06
FTV,Fortive,50.7871,8.638119014609627,0.0,1,2025-11-07
GD,General Dynamics,336.0799,-3.517900109291076,7.8821998834609985,6,2025-10-25
GD,General Dynamics,325.7779,-3.4889835759088688,7.860477892628777,6,2025-10-26
GD,General Dynamics,325.4089,-3.4980366206348386,7.797920359252296,6,2025-10-27
GD,General Dynamics,330.4069,-3.5122569839366755,7.852312529887331,6,2025-10-28
GD,General Dynamics,332.014,-3.4803962164428675,7.877495969678343,6,2025-10-29
GD,General Dynamics,331.0757,-3.502000999614556,7.8445460288708855,6,2025-10-30
GD,General Dynamics,329.5252,-3.5249648238757794,7.846726467768977,6,2025-10-31
GD,General Dynamics,329.2936,-3.55952966257189,7.840436202751467,6,2025-11-01
GD,General Dynamics,327.6231,-3.5365867517105274,7.889113378097153,6,2025-11-02
GD,General Dynamics,327.4135,-3.567299139541108,7.9545545766029155,6,2025-11-03
GD,General Dynamics,328.5378,-3.5352733175861384,7.878783005062673,6,2025-11-04
GD,General Dynamics,328.5543,-3.541464770679599,7.956752546749292,6,2025-11-05
GD,General Dynamics,328.1212,-3.5689922056354053,8.024004474274532,6,2025-11-06
GD,General Dynamics,326.5497,-3.5448239449913066,8.015531943696597,6,2025-11-07
GDDY,GoDaddy,136.4937,5.419600009918213,0.0,1,2025-10-25
GDDY,GoDaddy,141.6551,5.422640631227108,0.0,1,2025-10-26
GDDY,GoDaddy,142.343,5.410562606182179,0.0,1,2025-10-27
GDDY,GoDaddy,138.7717,5.371897090302537,0.0,1,2025-10-28
GDDY,GoDaddy,135.4394,5.343524980504535,0.0,1,2025-10-29
GDDY,GoDaddy,135.7804,5.3248443668584,0.0,1,2025-10-30
GDDY,GoDaddy,137.9532,5.27540340981414,0.0,1,2025-10-31
GDDY,GoDaddy,139.4402,5.267241143805268,0.0,1,2025-11-01
GDDY,GoDaddy,137.9717,5.287467257801548,0.0,1,2025-11-02
GDDY,GoDaddy,134.9238,5.287660351328553,0.0,1,2025-11-03
GDDY,GoDaddy,134.0035,5.280934571451834,0.0,1,2025-11-04
GDDY,GoDaddy,136.3191,5.309412182987969,0.0,1,2025-11-05
GDDY,GoDaddy,138.5115,5.3409586556066815,0.0,1,2025-11-06
GDDY,GoDaddy,137.4267,5.327128671189441,0.0,1,2025-11-07
GE,GE Aerospace,338.3621,-5.808299779891968,0.0,1,2025-10-25
GE,GE Aerospace,352.2237,-5.847707849273195,0.0,1,2025-10-26
GE,GE Aerospace,347.7874,-5.84659102232064,0.0,1,2025-10-27
GE,GE Aerospace,339.7443,-5.886867415937166,0.0,1,2025-10-28
GE,GE Aerospace,329.8821,-5.84480366475693,0.0,1,2025-10-29
GE,GE Aerospace,328.2067,-5.895193388903629,0.0,1,2025-10-30
GE,GE Aerospace,341.5894,-5.923092861403406,0.0,1,2025-10-31
GE,GE Aerospace,347.1696,-5.941979320673717,0.0,1,2025-11-01
GE,GE Aerospace,350.5703,-5.99427263538599,0.0,1,2025-11-02
GE,GE Aerospace,351.9024,-5.976200258645944,0.0,1,2025-11-03
GE,GE Aerospace,351.5847,-6.02870675047582,0.0,1,2025-11-04
GE,GE Aerospace,351.3842,-6.01573332987304,0.0,1,2025-11-05
GE,GE Aerospace,349.0779,-6.043623691686342,0.0,1,2025-11-06
GE,GE Aerospace,344.814,-6.102963809432587,0.0,1,2025-11-07
GEHC,GE HealthCare,80.3349,8.363400101661682,0.0,1,2025-10-25
GEHC,GE HealthCare,80.627,8.295920513917741,0.0,1,2025-10-26
GEHC,GE HealthCare,80.1405,8.269786975492282,0.0,1,2025-10-27
GEHC,GE HealthCare,79.8637,8.294346526805363,0.0,1,2025-10-28
GEHC,GE HealthCare,79.8798,8.264235892420555,0.0,1,2025-10-29
GEHC,GE HealthCare,79.9929,8.28759229334066,0.0,1,2025-10-30
GEHC,GE HealthCare,80.0291,8.343812361313784,0.0,1,2025-10-31
GEHC,GE HealthCare,79.9768,8.300749068011678,0.0,1,2025-11-01
GEHC,GE HealthCare,78.9406,8.273061592822744,0.0,1,2025-11-02
GEHC,GE HealthCare,78.5515,8.26761493377559,0.0,1,2025-11-03
GEHC,GE HealthCare,78.7234,8.326486609262743,0.0,1,2025-11-04
GEHC,GE HealthCare,78.7937,8.364585500983383,0.0,1,2025-11-05
GEHC,GE HealthCare,78.7344,8.332575034079754,0.0,1,2025-11-06
GEHC,GE HealthCare,78.2665,8.289349064959048,0.0,1,2025-11-07
GEN,Gen Digital,29.1923,6.946700215339661,0.0,1,2025-10-25
GEN,Gen Digital,29.7626,6.987643159921988,0.0,1,2025-10-26
GEN,Gen Digital,29.6532,6.934643025279021,0.0,1,2025-10-27
GEN,Gen Digital,29.2703,6.9703448138594055,0.0,1,2025-10-28
GEN,Gen Digital,29.1932,6.9158510355196885,0.0,1,2025-10-29
GEN,Gen Digital,29.336,6.970641171454095,0.0,1,2025-10-30
GEN,Gen Digital,29.48,6.950343668611862,0.0,1,2025-10-31
GEN,Gen Digital,29.4796,6.927017114298104,0.0,1,2025-11-01
GEN,Gen Digital,29.0815,6.988220663647809,0.0,1,2025-11-02
GEN,Gen Digital,28.8407,7.014035070143834,0.0,1,2025-11-03
GEN,Gen Digital,29.0578,6.986226672976615,0.0,1,2025-11-04
GEN,Gen Digital,29.4785,6.978450379871296,0.0,1,2025-11-05
GEN,Gen Digital,29.5519,6.998451539183777,0.0,1,2025-11-06
GEN,Gen Digital,29.0748,6.9659827641893415,0.0,1,2025-11-07
GEV,GE Vernova,714.2573,8.61840009689331,0.0,1,2025-10-25
GEV,GE Vernova,744.6086,8.63980868405073,0.0,1,2025-10-26
GEV,GE Vernova,733.8872,8.700525196355441,0.0,1,2025-10-27
GEV,GE Vernova,712.2087,8.621231011617315,0.0,1,2025-10-28
GEV,GE Vernova,679.4795,8.639862018356986,0.0,1,2025-10-29
GEV,GE Vernova,675.6147,8.674058808212097,0.0,1,2025-10-30
GEV,GE Vernova,718.4664,8.663102408270786,0.0,1,2025-10-31
GEV,GE Vernova,749.2052,8.582372864481561,0.0,1,2025-11-01
GEV,GE Vernova,788.4093,8.565743436997211,0.0,1,2025-11-02
GEV,GE Vernova,796.3565,8.58755564691709,0.0,1,2025-11-03
GEV,GE Vernova,783.593,8.503075025050158,0.0,1,2025-11-04
GEV,GE Vernova,758.4686,8.435201609551779,0.0,1,2025-11-05
GEV,GE Vernova,732.5288,8.430669728851024,0.0,1,2025-11-06
GEV,GE Vernova,731.6304,8.436273247950961,0.0,1,2025-11-07
GILD,Gilead Sciences,119.8097,3.409000039100647,2.311400026082992,3,2025-10-25
GILD,Gilead Sciences,119.2057,3.4212603266978885,2.3032919585760494,3,2025-10-26
GILD,Gilead Sciences,119.188,3.3899088106210526,2.2879046381604797,3,2025-10-27
GILD,Gilead Sciences,118.6701,3.4039139840866413,2.2833395139785218,3,2025-10-28
GILD,Gilead Sciences,118.2548,3.3988586787272816,2.2864799289776507,3,2025-10-29
GILD,Gilead Sciences,118.3094,3.3817542875691666,2.2999706241675533,3,2025-10-30
GILD,Gilead Sciences,118.9572,3.3908967345756778,2.306043385439759,3,2025-10-31
GILD,Gilead Sciences,119.0171,3.401978298387987,2.3062233861668755,3,2025-11-01
GILD,Gilead Sciences,124.178,3.3750215106963264,2.3139243240682403,3,2025-11-02
GILD,Gilead Sciences,126.484,3.3514943104450596,2.311168641213035,3,2025-11-03
GILD,Gilead Sciences,126.1298,3.3422510014944624,2.308615994731672,3,2025-11-04
GILD,Gilead Sciences,125.3307,3.3559123580253902,2.326981048974663,3,2025-11-05
GILD,Gilead Sciences,124.5073,3.3544631345638574,2.346824242928256,3,2025-11-06
GILD,Gilead Sciences,124.1362,3.3387778986968035,2.369087958377694,3,2025-11-07
GIS,General Mills,52.3963,8.021299839019775,1.158400028944015,2,2025-10-25
GIS,General Mills,54.4816,8.07403161437322,1.164610289222544,2,2025-10-26
GIS,General Mills,53.8525,8.059224404360585,1.1743033030661458,2,2025-10-27
GIS,General Mills,52.9439,8.002716489904692,1.1629017509471513,2,2025-10-28
GIS,General Mills,53.3419,8.014961276834228,1.1631605314799354,2,2025-10-29
GIS,General Mills,53.3911,8.024588659777297,1.1696217554280863,2,2025-10-30
GIS,General Mills,53.2363,8.082552777284922,1.161250665038125,2,2025-10-31
GIS,General Mills,53.1746,8.046152639207472,1.163359715744897,2,2025-11-01
GIS,General Mills,50.5809,7.974658974550234,1.1714111884290586,2,2025-11-02
GIS,General Mills,50.381,8.054290361671974,1.180636465700041,2,2025-11-03
GIS,General Mills,50.2408,8.072437391724897,1.1729616933809115,2,2025-11-04
GIS,General Mills,49.7878,8.091243507556324,1.1693386613696566,2,2025-11-05
GIS,General Mills,49.625,8.10234816635916,1.1798192696840193,2,2025-11-06
GIS,General Mills,49.8495,8.10448851234861,1.1880139028349217,2,2025-11-07
GL,Globe Life,132.2713,5.258899927139282,0.0,1,2025-10-25
GL,Globe Life,132.5986,5.225781906821721,0.0,1,2025-10-26
GL,Globe Life,132.5977,5.211521567417837,0.0,1,2025-10-27
GL,Globe Life,132.1877,5.190169299861823,0.0,1,2025-10-28
GL,Globe Life,131.9305,5.187055533188473,0.0,1,2025-10-29
GL,Globe Life,132.0264,5.225905559325717,0.0,1,2025-10-30
GL,Globe Life,131.971,5.178487746830628,0.0,1,2025-10-31
GL,Globe Life,132.4229,5.17368531952587,0.0,1,2025-11-01
GL,Globe Life,136.7557,5.203279812909801,0.0,1,2025-11-02
GL,Globe Life,139.4274,5.241467107066258,0.0,1,2025-11-03
GL,Globe Life,139.2,5.2893797516582115,0.0,1,2025-11-04
GL,Globe Life,138.167,5.248876161504528,0.0,1,2025-11-05
GL,Globe Life,136.9397,5.261574019046404,0.0,1,2025-11-06
GL,Globe Life,137.3687,5.273329463838552,0.0,1,2025-11-07
GLW,Corning Inc.,85.9665,-1.389299929141998,5.8750998973846436,9,2025-10-25
GLW,Corning Inc.,82.6803,-1.3898910042377308,5.928726572929229,9,2025-10-26
GLW,Corning Inc.,78.7016,-1.3820809016233218,5.936772716623316,9,2025-10-27
GLW,Corning Inc.,77.4832,-1.3866483695243572,5.900212928636085,9,2025-10-28
GLW,Corning Inc.,80.8718,-1.3756274196972091,5.9546147600322845,9,2025-10-29
GLW,Corning Inc.,83.5776,-1.3760992239179202,5.9871406019200695,9,2025-10-30
GLW,Corning Inc.,83.7061,-1.3754385326990337,5.965591466641621,9,2025-10-31
GLW,Corning Inc.,83.9803,-1.3779469161478026,6.023310187755793,9,2025-11-01
GLW,Corning Inc.,84.7395,-1.3801738801362162,5.987330481249826,9,2025-11-02
GLW,Corning Inc.,85.1365,-1.3891293739245592,6.006912961574482,9,2025-11-03
GLW,Corning Inc.,85.4373,-1.3973937829233853,5.972860568167167,9,2025-11-04
GLW,Corning Inc.,85.4508,-1.4036709808859507,5.91561263536797,9,2025-11-05
GLW,Corning Inc.,85.4577,-1.3998370624383492,5.858205633963977,9,2025-11-06
GLW,Corning Inc.,84.4986,-1.401053279858408,5.843951358477622,9,2025-11-07
GM,General Motors,62.2964,0.165199991315603,0.035800000187009004,7,2025-10-25
GM,General Motors,58.82,0.16360901987812318,0.035988199653516205,7,2025-10-26
GM,General Motors,58.7478,0.16328523639298742,0.036202832690365755,7,2025-10-27
GM,General Motors,60.6671,0.1625110974214361,0.03632725329271747,7,2025-10-28
GM,General Motors,60.9562,0.16340832423850807,0.03640163315550176,7,2025-10-29
GM,General Motors,60.897,0.16357342046919723,0.03618289446506237,7,2025-10-30
GM,General Motors,61.0928,0.16320089418779413,0.036386499243875284,7,2025-10-31
GM,General Motors,61.1655,0.16245486900624717,0.03659351248975583,7,2025-11-01
GM,General Motors,62.2192,0.16144208393551315,0.036275274767450426,7,2025-11-02
GM,General Motors,62.7803,0.16103013863581647,0.03635801626731638,7,2025-11-03
GM,General Motors,62.9339,0.1620340135808331,0.03628115595117958,7,2025-11-04
GM,General Motors,62.6962,0.16129267775018108,0.03614759734057215,7,2025-11-05
GM,General Motors,62.5516,0.16020426462944853,0.03623942035638327,7,2025-11-06
GM,General Motors,62.1871,0.15994737334554,0.03614737228817358,7,2025-11-07
GNRC,Generac,202.2711,8.658599853515625,0.0,1,2025-10-25
GNRC,Generac,205.2202,8.726862303326863,0.0,1,2025-10-26
GNRC,Generac,204.8516,8.722889957677744,0.0,1,2025-10-27
GNRC,Generac,204.6945,8.759594582958819,0.0,1,2025-10-28
GNRC,Generac,204.7011,8.821577436869235,0.0,1,2025-10-29
GNRC,Generac,205.295,8.878999924781164,0.0,1,2025-10-30
GNRC,Generac,205.65,8.917187648692138,0.0,1,2025-10-31
GNRC,Generac,205.6648,9.001097346954671,0.0,1,2025-11-01
GNRC,Generac,208.3401,9.065346531464524,0.0,1,2025-11-02
GNRC,Generac,209.6101,9.082591048204671,0.0,1,2025-11-03
GNRC,Generac,210.1659,9.096385609558787,0.0,1,2025-11-04
GNRC,Generac,210.1965,9.141196346094054,0.0,1,2025-11-05
GNRC,Generac,208.7686,9.140785023155852,0.0,1,2025-11-06
GNRC,Generac,206.8684,9.212855283902828,0.0,1,2025-11-07
GOOG,Alphabet Inc. (Class C),245.8472,1.2151999771595,7.166299819946289,11,2025-10-25
GOOG,Alphabet Inc. (Class C),232.5762,1.2051124440206826,7.101332232352891,11,2025-10-26
GOOG,Alphabet Inc. (Class C),232.0315,1.2132719139384376,7.140828800584821,11,2025-10-27
GOOG,Alphabet Inc. (Class C),241.5361,1.2195639518899617,7.118100100040322,11,2025-10-28
GOOG,Alphabet Inc. (Class C),243.1384,1.2155857946699806,7.179602636852234,11,2025-10-29
GOOG,Alphabet Inc. (Class C),244.6881,1.2252719442914546,7.111905262002315,11,2025-10-30
GOOG,Alphabet Inc. (Class C),244.7194,1.2227767251933426,7.106736518370522,11,2025-10-31
GOOG,Alphabet Inc. (Class C),244.3,1.2122082337378413,7.10965831697793,11,2025-11-01
GOOG,Alphabet Inc. (Class C),245.7745,1.2137126835104706,7.115418861393855,11,2025-11-02
GOOG,Alphabet Inc. (Class C),247.1296,1.22005411074385,7.0894823664337725,11,2025-11-03
GOOG,Alphabet Inc. (Class C),249.6779,1.2192778129879394,7.029011782371825,11,2025-11-04
GOOG,Alphabet Inc. (Class C),250.9811,1.2269347956445955,7.037130294809906,11,2025-11-05
GOOG,Alphabet Inc. (Class C),249.9921,1.2194217206595608,6.970537093643316,11,2025-11-06
GOOG,Alphabet Inc. (Class C),246.1213,1.220303274971015,6.9884527936754814,11,2025-11-07
GOOGL,Alphabet Inc. (Class A),244.8529,1.2151999771595,7.166299819946289,11,2025-10-25
GOOGL,Alphabet Inc. (Class A),231.7182,1.2205889830161125,7.125831897214847,11,2025-10-26
GOOGL,Alphabet Inc. (Class A),230.4512,1.2216363799254149,7.152126311550051,11,2025-10-27
GOOGL,Alphabet Inc. (Class A),238.723,1.2286919711776252,7.108009776914995,11,2025-10-28
GOOGL,Alphabet Inc. (Class A),241.5548,1.2264339270097404,7.168180077552008,11,2025-10-29
GOOGL,Alphabet Inc. (Class A),243.4491,1.2355535386701457,7.206020477655531,11,2025-10-30
GOOGL,Alphabet Inc. (Class A),242.1955,1.2310111527335226,7.178793609548648,11,2025-10-31
GOOGL,Alphabet Inc. (Class A),241.5558,1.2422267751727025,7.117609066148764,11,2025-11-01
GOOGL,Alphabet Inc. (Class A),244.4631,1.2502122488262586,7.058918414683627,11,2025-11-02
GOOGL,Alphabet Inc. (Class A),246.9787,1.2562538016922877,7.043814156641453,11,2025-11-03
GOOGL,Alphabet Inc. (Class A),249.6361,1.2632779147694846,6.976597039908991,11,2025-11-04
GOOGL,Alphabet Inc. (Class A),249.7438,1.2737899175932013,6.968601995128934,11,2025-11-05
GOOGL,Alphabet Inc. (Class A),248.0188,1.2677881590982536,6.972666811251865,11,2025-11-06
GOOGL,Alphabet Inc. (Class A),244.3027,1.2598052126473993,6.936540493096473,11,2025-11-07
GPC,Genuine Parts Company,131.6286,0.070299999788403,0.0,1,2025-10-25
GPC,Genuine Parts Company,133.4236,0.07002096342405532,0.0,1,2025-10-26
GPC,Genuine Parts Company,133.8181,0.06960873717363172,0.0,1,2025-10-27
GPC,Genuine Parts Company,132.5512,0.06925914111063004,0.0,1,2025-10-28
GPC,Genuine Parts Company,132.7055,0.069025719406947,0.0,1,2025-10-29
GPC,Genuine Parts Company,133.0534,0.06940700942123462,0.0,1,2025-10-30
GPC,Genuine Parts Company,133.1771,0.06980329943199756,0.0,1,2025-10-31
GPC,Genuine Parts Company,132.3929,0.06993641312401379,0.0,1,2025-11-01
GPC,Genuine Parts Company,131.2474,0.07026342989620128,0.0,1,2025-11-02
GPC,Genuine Parts Company,131.1589,0.07054495533388026,0.0,1,2025-11-03
GPC,Genuine Parts Company,131.5318,0.07122786887878946,0.0,1,2025-11-04
GPC,Genuine Parts Company,131.7777,0.07085850739194838,0.0,1,2025-11-05
GPC,Genuine Parts Company,131.7272,0.07136472493212621,0.0,1,2025-11-06
GPC,Genuine Parts Company,131.724,0.07098992388010449,0.0,1,2025-11-07
GPN,Global Payments,82.031,-2.592000067234039,0.0,1,2025-10-25
GPN,Global Payments,78.9212,-2.576963478937847,0.0,1,2025-10-26
GPN,Global Payments,78.6563,-2.5979221270564277,0.0,1,2025-10-27
GPN,Global Payments,81.0377,-2.614895902978382,0.0,1,2025-10-28
GPN,Global Payments,83.5073,-2.62363639173576,0.0,1,2025-10-29
GPN,Global Payments,83.4059,-2.60144364618938,0.0,1,2025-10-30
GPN,Global Payments,80.9384,-2.6234031984605064,0.0,1,2025-10-31
GPN,Global Payments,79.4701,-2.6469827113433584,0.0,1,2025-11-01
GPN,Global Payments,82.7459,-2.6478327664000982,0.0,1,2025-11-02
GPN,Global Payments,86.9329,-2.6404201462632035,0.0,1,2025-11-03
GPN,Global Payments,86.9835,-2.649803496063413,0.0,1,2025-11-04
GPN,Global Payments,83.3174,-2.6596956131851814,0.0,1,2025-11-05
GPN,Global Payments,81.2283,-2.6752693133860066,0.0,1,2025-11-06
GPN,Global Payments,81.4529,-2.6518544100756363,0.0,1,2025-11-07
GRMN,Garmin,259.6014,8.392699956893921,0.6648000329732889,2,2025-10-25
GRMN,Garmin,258.5538,8.374093189483274,0.6678985452202401,2,2025-10-26
GRMN,Garmin,255.31,8.371864159400626,0.6640808150767221,2,2025-10-27
GRMN,Garmin,255.6823,8.311494392478497,0.6604948571275666,2,2025-10-28
GRMN,Garmin,258.1715,8.363085615423632,0.6545816642709426,2,2025-10-29
GRMN,Garmin,258.7507,8.40920595981493,0.6541147652115005,2,2025-10-30
GRMN,Garmin,258.4963,8.480581017871941,0.6549352205846498,2,2025-10-31
GRMN,Garmin,257.7484,8.494049622022448,0.6567599778183344,2,2025-11-01
GRMN,Garmin,270.1159,8.443486740125964,0.6575746629791502,2,2025-11-02
GRMN,Garmin,275.3424,8.398973882170461,0.6557009529543464,2,2025-11-03
GRMN,Garmin,275.8927,8.373245932127478,0.651785245075807,2,2025-11-04
GRMN,Garmin,276.4414,8.313370731867668,0.6552577004962516,2,2025-11-05
GRMN,Garmin,274.3833,8.382469326560086,0.6603392477722563,2,2025-11-06
GRMN,Garmin,272.1613,8.322313952309887,0.659143738553596,2,2025-11-07
GS,Goldman Sachs,895.6177,8.319299817085266,0.156900007277727,2,2025-10-25
GS,Goldman Sachs,903.3696,8.341757009780016,0.15554765659260075,2,2025-10-26
GS,Goldman Sachs,871.6486,8.266475877845897,0.15689881764635294,2,2025-10-27
GS,Goldman Sachs,847.9735,8.325183168587126,0.15801483669300717,2,2025-10-28
GS,Goldman Sachs,842.2576,8.395034565758879,0.1577598541098353,2,2025-10-29
GS,Goldman Sachs,861.4418,8.402530009540122,0.1576176047933337,2,2025-10-30
GS,Goldman Sachs,878.4344,8.453476928560926,0.15624011853072942,2,2025-10-31
GS,Goldman Sachs,875.6409,8.457765732272826,0.15705262503261305,2,2025-11-01
GS,Goldman Sachs,909.9754,8.482091814656785,0.1569867116470541,2,2025-11-02
GS,Goldman Sachs,928.8106,8.503170530253778,0.15615555294679112,2,2025-11-03
GS,Goldman Sachs,927.6932,8.587793682177296,0.15507742211173212,2,2025-11-04
GS,Goldman Sachs,914.9805,8.620463010410333,0.15423693004841924,2,2025-11-05
GS,Goldman Sachs,904.9034,8.563832204840834,0.15276453630878964,2,2025-11-06
GS,Goldman Sachs,899.4423,8.487462118758966,0.15334458509119217,2,2025-11-07
GWW,W. W. Grainger,1029.1161,8.812699913978577,0.0,1,2025-10-25
GWW,W. W. Grainger,1053.6112,8.816442761648037,0.0,1,2025-10-26
GWW,W. W. Grainger,1050.1199,8.770063200142694,0.0,1,2025-10-27
GWW,W. W. Grainger,1042.234,8.81635915657673,0.0,1,2025-10-28
GWW,W. W. Grainger,1040.482,8.850197756202377,0.0,1,2025-10-29
GWW,W. W. Grainger,1042.2724,8.82352082836057,0.0,1,2025-10-30
GWW,W. W. Grainger,1040.5876,8.900413245601857,0.0,1,2025-10-31
GWW,W. W. Grainger,1041.6753,8.917339738920706,0.0,1,2025-11-01
GWW,W. W. Grainger,1031.4465,8.993519333840888,0.0,1,2025-11-02
GWW,W. W. Grainger,1031.2797,9.056357707368628,0.0,1,2025-11-03
GWW,W. W. Grainger,1037.6895,8.967909003248074,0.0,1,2025-11-04
GWW,W. W. Grainger,1038.3986,9.049742086320963,0.0,1,2025-11-05
GWW,W. W. Grainger,1037.2987,8.960686574743596,0.0,1,2025-11-06
GWW,W. W. Grainger,1029.6794,8.972792617648812,0.0,1,2025-11-07
HAL,Halliburton,24.161,8.173099756240845,0.0,1,2025-10-25
HAL,Halliburton,23.9717,8.22904009368925,0.0,1,2025-10-26
HAL,Halliburton,24.3732,8.248940872114256,0.0,1,2025-10-27
HAL,Halliburton,24.9217,8.301272404525355,0.0,1,2025-10-28
HAL,Halliburton,25.0654,8.257140812826515,0.0,1,2025-10-29
HAL,Halliburton,24.7642,8.236477944734979,0.0,1,2025-10-30
HAL,Halliburton,24.5745,8.169773346842032,0.0,1,2025-10-31
HAL,Halliburton,24.149,8.245764099230412,0.0,1,2025-11-01
HAL,Halliburton,24.9253,8.309993783993036,0.0,1,2025-11-02
HAL,Halliburton,26.1332,8.385513760243404,0.0,1,2025-11-03
HAL,Halliburton,26.3874,8.313965368218536,0.0,1,2025-11-04
HAL,Halliburton,25.6653,8.243140421624252,0.0,1,2025-11-05
HAL,Halliburton,24.4049,8.31955594471704,0.0,1,2025-11-06
HAL,Halliburton,24.7609,8.337626506363346,0.0,1,2025-11-07
HAS,Hasbro,79.6118,-6.592100262641907,4.395900070667267,4,2025-10-25
HAS,Hasbro,82.4601,-6.6021223905890185,4.4347321567915,4,2025-10-26
HAS,Hasbro,82.4305,-6.65604260737337,4.432981257655562,4,2025-10-27
HAS,Hasbro,81.6081,-6.640857901056845,4.436070667017902,4,2025-10-28
HAS,Hasbro,81.123,-6.643446379364409,4.40920623260802,4,2025-10-29
HAS,Hasbro,81.3891,-6.665006206057546,4.367524099209753,4,2025-10-30
HAS,Hasbro,81.9136,-6.666786678128509,4.3985111260063965,4,2025-10-31
HAS,Hasbro,82.1921,-6.727511069911282,4.3858920960192185,4,2025-11-01
HAS,Hasbro,81.944,-6.782442280963384,4.413905956247947,4,2025-11-02
HAS,Hasbro,81.6192,-6.72767520102826,4.45372185110822,4,2025-11-03
HAS,Hasbro,81.6056,-6.7538138561708765,4.424997279646236,4,2025-11-04
HAS,Hasbro,81.9474,-6.763394397977045,4.3965930178489225,4,2025-11-05
HAS,Hasbro,82.2102,-6.789737716215788,4.408656742191699,4,2025-11-06
HAS,Hasbro,81.5273,-6.7471359980622,4.407727924629904,4,2025-11-07
HBAN,Huntington Bancshares,16.0621,4.502499997615814,4.876199960708618,4,2025-10-25
HBAN,Huntington Bancshares,16.0145,4.53116690864418,4.8318724073220904,4,2025-10-26
HBAN,Huntington Bancshares,16.0025,4.490971809521545,4.812329217667332,4,2025-10-27
HBAN,Huntington Bancshares,15.9238,4.475012375929888,4.826643905322884,4,2025-10-28
HBAN,Huntington Bancshares,15.8975,4.4775223722175825,4.7979000836644365,4,2025-10-29
HBAN,Huntington Bancshares,15.9178,4.507542719502986,4.827956454773282,4,2025-10-30
HBAN,Huntington Bancshares,15.955,4.5116748352114895,4.859673244019251,4,2025-10-31
HBAN,Huntington Bancshares,15.9499,4.506986676832437,4.8648803483753005,4,2025-11-01
HBAN,Huntington Bancshares,16.5503,4.524657944359237,4.892441884307352,4,2025-11-02
HBAN,Huntington Bancshares,16.7389,4.490225532455931,4.918746666685624,4,2025-11-03
HBAN,Huntington Bancshares,17.0196,4.5304947983077835,4.889712139275639,4,2025-11-04
HBAN,Huntington Bancshares,17.0601,4.486272740079656,4.8453916497152685,4,2025-11-05
HBAN,Huntington Bancshares,16.9814,4.504322312543653,4.82033800873635,4,2025-11-06
HBAN,Huntington Bancshares,17.0473,4.496142600686261,4.782114186558057,4,2025-11-07
HCA,HCA Healthcare,432.3742,-9.320899844169615,0.0,1,2025-10-25
HCA,HCA Healthcare,421.9605,-9.23207138698929,0.0,1,2025-10-26
HCA,HCA Healthcare,419.4522,-9.251743204224601,0.0,1,2025-10-27
HCA,HCA Healthcare,423.2611,-9.275033236690101,0.0,1,2025-10-28
HCA,HCA Healthcare,426.1944,-9.302124895759778,0.0,1,2025-10-29
HCA,HCA Healthcare,424.929,-9.2359694462642,0.0,1,2025-10-30
HCA,HCA Healthcare,423.9719,-9.228911339721877,0.0,1,2025-10-31
HCA,HCA Healthcare,424.216,-9.163523374511122,0.0,1,2025-11-01
HCA,HCA Healthcare,421.7156,-9.194472393695772,0.0,1,2025-11-02
HCA,HCA Healthcare,421.8254,-9.132362273995106,0.0,1,2025-11-03
HCA,HCA Healthcare,423.6501,-9.070691112877531,0.0,1,2025-11-04
HCA,HCA Healthcare,424.0178,-9.150033644325273,0.0,1,2025-11-05
HCA,HCA Healthcare,423.6175,-9.112609986466493,0.0,1,2025-11-06
HCA,HCA Healthcare,418.2763,-9.046184757326563,0.0,1,2025-11-07
HD,Home Depot (The),399.0024,6.2327998876571655,2.190299928188324,2,2025-10-25
HD,Home Depot (The),404.1847,6.2590157939290325,2.2093939826863975,2,2025-10-26
HD,Home Depot (The),402.1443,6.26345585946822,2.1981487497047554,2,2025-10-27
HD,Home Depot (The),399.8501,6.254707000486104,2.209502286033151,2,2025-10-28
HD,Home Depot (The),400.0627,6.255050574014106,2.2071875519564332,2,2025-10-29
HD,Home Depot (The),400.4007,6.212098436548739,2.2157293392121216,2,2025-10-30
HD,Home Depot (The),400.4802,6.1728743639804975,2.1984772021113748,2,2025-10-31
HD,Home Depot (The),400.2639,6.149895948621483,2.1945096347174395,2,2025-11-01
HD,Home Depot (The),399.3055,6.200527417258474,2.1863780035537483,2,2025-11-02
HD,Home Depot (The),399.1926,6.184005251878357,2.193053449568951,2,2025-11-03
HD,Home Depot (The),400.2936,6.14609892322167,2.1824062771339285,2,2025-11-04
HD,Home Depot (The),401.6497,6.201949569525185,2.172699685528079,2,2025-11-05
HD,Home Depot (The),401.3606,6.255736766253371,2.1600600953868643,2,2025-11-06
HD,Home Depot (The),398.8787,6.242863823524159,2.167002040339622,2,2025-11-07
HIG,Hartford (The),130.3249,-8.559799790382385,0.0,1,2025-10-25
HIG,Hartford (The),132.2818,-8.566379836377498,0.0,1,2025-10-26
HIG,Hartford (The),131.2304,-8.603538124965793,0.0,1,2025-10-27
HIG,Hartford (The),129.7494,-8.68242550422072,0.0,1,2025-10-28
HIG,Hartford (The),129.7598,-8.737212280173079,0.0,1,2025-10-29
HIG,Hartford (The),130.2394,-8.689528377114545,0.0,1,2025-10-30
HIG,Hartford (The),130.4195,-8.688413938139492,0.0,1,2025-10-31
HIG,Hartford (The),130.1812,-8.673877535372755,0.0,1,2025-11-01
HIG,Hartford (The),131.2614,-8.745029901038944,0.0,1,2025-11-02
HIG,Hartford (The),131.7293,-8.73964167125794,0.0,1,2025-11-03
HIG,Hartford (The),131.9566,-8.801183288046628,0.0,1,2025-11-04
HIG,Hartford (The),131.608,-8.881332304175373,0.0,1,2025-11-05
HIG,Hartford (The),131.4833,-8.872833094198679,0.0,1,2025-11-06
HIG,Hartford (The),130.6336,-8.955666071741799,0.0,1,2025-11-07
HII,Huntington Ingalls Industries,298.3418,-8.977100253105164,0.0,1,2025-10-25
HII,Huntington Ingalls Industries,294.7355,-8.898170903762548,0.0,1,2025-10-26
HII,Huntington Ingalls Industries,292.6121,-8.854960386430914,0.0,1,2025-10-27
HII,Huntington Ingalls Industries,292.9907,-8.772400271884996,0.0,1,2025-10-28
HII,Huntington Ingalls Industries,294.0415,-8.72477719356336,0.0,1,2025-10-29
HII,Huntington Ingalls Industries,294.2538,-8.718659582154917,0.0,1,2025-10-30
HII,Huntington Ingalls Industries,293.7931,-8.773176239692404,0.0,1,2025-10-31
HII,Huntington Ingalls Industries,293.7888,-8.771730475733252,0.0,1,2025-11-01
HII,Huntington Ingalls Industries,282.7814,-8.856545954240486,0.0,1,2025-11-02
HII,Huntington Ingalls Industries,275.7479,-8.809566633161554,0.0,1,2025-11-03
HII,Huntington Ingalls Industries,276.4666,-8.79094637831324,0.0,1,2025-11-04
HII,Huntington Ingalls Industries,281.4335,-8.710855141625332,0.0,1,2025-11-05
HII,Huntington Ingalls Industries,283.1846,-8.745019257539541,0.0,1,2025-11-06
HII,Huntington Ingalls Industries,282.2939,-8.830659424721942,0.0,1,2025-11-07
HLT,Hilton Worldwide,280.5758,-8.673800230026245,0.0,1,2025-10-25
HLT,Hilton Worldwide,283.8468,-8.609896699797273,0.0,1,2025-10-26
HLT,Hilton Worldwide,281.3961,-8.59565415485965,0.0,1,2025-10-27
HLT,Hilton Worldwide,280.0903,-8.65735213348381,0.0,1,2025-10-28
HLT,Hilton Worldwide,280.4543,-8.590057235350395,0.0,1,2025-10-29
HLT,Hilton Worldwide,280.1325,-8.593518422721269,0.0,1,2025-10-30
HLT,Hilton Worldwide,280.8189,-8.586159928896224,0.0,1,2025-10-31
HLT,Hilton Worldwide,280.2681,-8.637703327526225,0.0,1,2025-11-01
HLT,Hilton Worldwide,281.3791,-8.618189973284352,0.0,1,2025-11-02
HLT,Hilton Worldwide,280.9854,-8.56847605211322,0.0,1,2025-11-03
HLT,Hilton Worldwide,282.5755,-8.566669145958295,0.0,1,2025-11-04
HLT,Hilton Worldwide,283.7021,-8.545980345369435,0.0,1,2025-11-05
HLT,Hilton Worldwide,283.7613,-8.545956777683813,0.0,1,2025-11-06
HLT,Hilton Worldwide,282.0459,-8.552266244497273,0.0,1,2025-11-07
HOLX,Hologic,74.9406,7.096099853515625,2.314900010824203,3,2025-10-25
HOLX,Hologic,75.2678,7.141217171648516,2.308520362630476,3,2025-10-26
HOLX,Hologic,75.1055,7.0956106318075705,2.2920962730624406,3,2025-10-27
HOLX,Hologic,74.8511,7.088742514847617,2.277934863976316,3,2025-10-28
HOLX,Hologic,74.888,7.078821408483306,2.2743702879284204,3,2025-10-29
HOLX,Hologic,74.9118,7.0597726807695205,2.264657233059047,3,2025-10-30
HOLX,Hologic,74.9835,7.025777831108402,2.279537984057792,3,2025-10-31
HOLX,Hologic,74.9257,7.059093282295521,2.295402151519502,3,2025-11-01
HOLX,Hologic,73.5955,7.026244651754362,2.289474482595367,3,2025-11-02
HOLX,Hologic,72.8144,7.023743801401808,2.2749218756652327,3,2025-11-03
HOLX,Hologic,73.0376,7.074199197649139,2.2964813866107177,3,2025-11-04
HOLX,Hologic,73.1177,7.012845133050859,2.2921404494853377,3,2025-11-05
HOLX,Hologic,73.139,6.994212149007001,2.2916153091331664,3,2025-11-06
HOLX,Hologic,72.6565,6.974866200609469,2.297183397143438,3,2025-11-07
HON,Honeywell,213.0566,1.431500017642974,8.693699836730957,4,2025-10-25
HON,Honeywell,214.6382,1.4196272124037004,8.61218892979446,4,2025-10-26
HON,Honeywell,215.5188,1.4280589874131133,8.532369752248627,4,2025-10-27
HON,Honeywell,215.1727,1.438473534453921,8.497702888154674,4,2025-10-28
HON,Honeywell,215.4939,1.4378956987751348,8.569441791821665,4,2025-10-29
HON,Honeywell,215.5155,1.4423960332692234,8.516271575009355,4,2025-10-30
HON,Honeywell,215.1692,1.4341718155638,8.442066273201487,4,2025-10-31
HON,Honeywell,214.6794,1.4221988952560172,8.510676074036656,4,2025-11-01
HON,Honeywell,216.8782,1.411620365628231,8.595017032873532,4,2025-11-02
HON,Honeywell,218.1358,1.3998157205664064,8.557599408037067,4,2025-11-03
HON,Honeywell,218.9368,1.4003565280022814,8.625756043392053,4,2025-11-04
HON,Honeywell,218.6353,1.3956258238631989,8.704839595181143,4,2025-11-05
HON,Honeywell,218.0067,1.3910626129059271,8.7862862321591,4,2025-11-06
HON,Honeywell,217.2372,1.3847895758608753,8.75379514947136,4,2025-11-07
HOOD,Robinhood Markets,161.1456,7.453399896621704,2.511300146579742,5,2025-10-25
HOOD,Robinhood Markets,166.3811,7.432951923363899,2.488748094448945,5,2025-10-26
HOOD,Robinhood Markets,166.1182,7.419859362490447,2.495213210314609,5,2025-10-27
HOOD,Robinhood Markets,169.4158,7.435798748983094,2.4787086304700465,5,2025-10-28
HOOD,Robinhood Markets,169.708,7.367191090138645,2.5011281334163824,5,2025-10-29
HOOD,Robinhood Markets,169.695,7.36831659321196,2.519309082113131,5,2025-10-30
HOOD,Robinhood Markets,169.4607,7.334392066676874,2.5369961689755405,5,2025-10-31
HOOD,Robinhood Markets,170.6266,7.337155020434022,2.545983980394026,5,2025-11-01
HOOD,Robinhood Markets,182.9873,7.299884962805118,2.5377934863502594,5,2025-11-02
HOOD,Robinhood Markets,182.9666,7.267504010930946,2.551485036506157,5,2025-11-03
HOOD,Robinhood Markets,184.595,7.218446512501594,2.5347311281260816,5,2025-11-04
HOOD,Robinhood Markets,184.1859,7.25723368020809,2.546376574324769,5,2025-11-05
HOOD,Robinhood Markets,182.7425,7.246830756871108,2.532615879041149,5,2025-11-06
HOOD,Robinhood Markets,180.2966,7.302524362831142,2.5439713779965776,5,2025-11-07
HPE,Hewlett Packard Enterprise,23.7524,4.418700039386749,0.0,1,2025-10-25
HPE,Hewlett Packard Enterprise,23.7541,4.451681826386022,0.0,1,2025-10-26
HPE,Hewlett Packard Enterprise,23.6014,4.461105077682517,0.0,1,2025-10-27
HPE,Hewlett Packard Enterprise,23.4668,4.50139074185449,0.0,1,2025-10-28
HPE,Hewlett Packard Enterprise,23.483,4.536093667848541,0.0,1,2025-10-29
HPE,Hewlett Packard Enterprise,23.5809,4.496632174367052,0.0,1,2025-10-30
HPE,Hewlett Packard Enterprise,23.5821,4.521484369982501,0.0,1,2025-10-31
HPE,Hewlett Packard Enterprise,23.562,4.48528706834738,0.0,1,2025-11-01
HPE,Hewlett Packard Enterprise,23.96,4.502710375026718,0.0,1,2025-11-02
HPE,Hewlett Packard Enterprise,24.2036,4.543785707265071,0.0,1,2025-11-03
HPE,Hewlett Packard Enterprise,24.1823,4.521022250341179,0.0,1,2025-11-04
HPE,Hewlett Packard Enterprise,23.9889,4.552661626629248,0.0,1,2025-11-05
HPE,Hewlett Packard Enterprise,23.9104,4.572175710262883,0.0,1,2025-11-06
HPE,Hewlett Packard Enterprise,23.7857,4.606640468043015,0.0,1,2025-11-07
HPQ,HP Inc.,29.5083,9.0829998254776,0.0,1,2025-10-25
HPQ,HP Inc.,30.5444,9.099155705689126,0.0,1,2025-10-26
HPQ,HP Inc.,30.1448,9.051091520067745,0.0,1,2025-10-27
HPQ,HP Inc.,29.5744,8.98380352203078,0.0,1,2025-10-28
HPQ,HP Inc.,29.4278,9.025886039726634,0.0,1,2025-10-29
HPQ,HP Inc.,29.6399,8.95985993471811,0.0,1,2025-10-30
HPQ,HP Inc.,29.6946,8.984951698391841,0.0,1,2025-10-31
HPQ,HP Inc.,29.5981,9.072762966828435,0.0,1,2025-11-01
HPQ,HP Inc.,28.6564,8.99149974249334,0.0,1,2025-11-02
HPQ,HP Inc.,27.976,9.000627963182987,0.0,1,2025-11-03
HPQ,HP Inc.,28.0371,9.028840342888419,0.0,1,2025-11-04
HPQ,HP Inc.,28.5593,8.949825381675202,0.0,1,2025-11-05
HPQ,HP Inc.,28.8408,8.981483430657615,0.0,1,2025-11-06
HPQ,HP Inc.,28.4748,8.929962987139117,0.0,1,2025-11-07
HRL,Hormel Foods,26.6085,8.941599726676941,0.0,1,2025-10-25
HRL,Hormel Foods,27.4632,8.881180599302018,0.0,1,2025-10-26
HRL,Hormel Foods,27.012,8.964284108853645,0.0,1,2025-10-27
HRL,Hormel Foods,26.6156,9.023795318089316,0.0,1,2025-10-28
HRL,Hormel Foods,26.6877,9.069006882986137,0.0,1,2025-10-29
HRL,Hormel Foods,26.556,9.075437316776004,0.0,1,2025-10-30
HRL,Hormel Foods,26.6728,9.138069229103937,0.0,1,2025-10-31
HRL,Hormel Foods,26.7067,9.056247827944308,0.0,1,2025-11-01
HRL,Hormel Foods,26.7145,9.141197010568618,0.0,1,2025-11-02
HRL,Hormel Foods,26.7071,9.12465059849856,0.0,1,2025-11-03
HRL,Hormel Foods,26.6702,9.076869768406876,0.0,1,2025-11-04
HRL,Hormel Foods,26.5393,9.027224356237742,0.0,1,2025-11-05
HRL,Hormel Foods,26.5115,9.09047292823809,0.0,1,2025-11-06
HRL,Hormel Foods,26.6398,9.15293534970378,0.0,1,2025-11-07
HSIC,Henry Schein,67.1722,9.060999751091005,0.0,1,2025-10-25
HSIC,Henry Schein,68.0308,9.128808942531329,0.0,1,2025-10-26
HSIC,Henry Schein,67.5127,9.199657050960912,0.0,1,2025-10-27
HSIC,Henry Schein,67.3473,9.24189037583836,0.0,1,2025-10-28
HSIC,Henry Schein,67.5238,9.189652244768403,0.0,1,2025-10-29
HSIC,Henry Schein,67.5398,9.176816283347438,0.0,1,2025-10-30
HSIC,Henry Schein,67.503,9.252227370719863,0.0,1,2025-10-31
HSIC,Henry Schein,67.4423,9.284287533373378,0.0,1,2025-11-01
HSIC,Henry Schein,67.5472,9.367309788877856,0.0,1,2025-11-02
HSIC,Henry Schein,67.6271,9.36148002811336,0.0,1,2025-11-03
HSIC,Henry Schein,67.4571,9.298242402948809,0.0,1,2025-11-04
HSIC,Henry Schein,67.4727,9.362378271325364,0.0,1,2025-11-05
HSIC,Henry Schein,67.5226,9.443590756165117,0.0,1,2025-11-06
HSIC,Henry Schein,67.6143,9.506519256664019,0.0,1,2025-11-07
HST,Host Hotels & Resorts,16.5622,9.005200266838074,0.0,1,2025-10-25
HST,Host Hotels & Resorts,16.7169,8.935346860462378,0.0,1,2025-10-26
HST,Host Hotels & Resorts,16.7505,9.018223225068242,0.0,1,2025-10-27
HST,Host Hotels & Resorts,16.6119,9.087132123790578,0.0,1,2025-10-28
HST,Host Hotels & Resorts,16.5757,9.008142977651502,0.0,1,2025-10-29
HST,Host Hotels & Resorts,16.6923,9.016982320407223,0.0,1,2025-10-30
HST,Host Hotels & Resorts,16.7506,9.07079953576838,0.0,1,2025-10-31
HST,Host Hotels & Resorts,16.6277,9.054925779773235,0.0,1,2025-11-01
HST,Host Hotels & Resorts,16.6131,9.14487892919873,0.0,1,2025-11-02
HST,Host Hotels & Resorts,16.6184,9.157100618879927,0.0,1,2025-11-03
HST,Host Hotels & Resorts,16.7316,9.094126571446537,0.0,1,2025-11-04
HST,Host Hotels & Resorts,16.7352,9.165907356659599,0.0,1,2025-11-05
HST,Host Hotels & Resorts,16.662,9.203494541239857,0.0,1,2025-11-06
HST,Host Hotels & Resorts,16.6511,9.1854797846704,0.0,1,2025-11-07
HSY,Hershey Company (The),181.2223,7.307800054550171,0.0,1,2025-10-25
HSY,Hershey Company (The),183.0953,7.247375121622934,0.0,1,2025-10-26
HSY,Hershey Company (The),183.1654,7.198465151405084,0.0,1,2025-10-27
HSY,Hershey Company (The),181.4642,7.22598816397029,0.0,1,2025-10-28
HSY,Hershey Company (The),180.974,7.281267074987556,0.0,1,2025-10-29
HSY,Hershey Company (The),181.4237,7.325928920788719,0.0,1,2025-10-30
HSY,Hershey Company (The),181.7369,7.284558135695807,0.0,1,2025-10-31
HSY,Hershey Company (The),181.6112,7.311295749041995,0.0,1,2025-11-01
HSY,Hershey Company (The),181.2517,7.3151059686325794,0.0,1,2025-11-02
HSY,Hershey Company (The),181.2279,7.281214623025984,0.0,1,2025-11-03
HSY,Hershey Company (The),181.3424,7.2292193955209365,0.0,1,2025-11-04
HSY,Hershey Company (The),181.2449,7.168201938681977,0.0,1,2025-11-05
HSY,Hershey Company (The),180.9738,7.158503994436125,0.0,1,2025-11-06
HSY,Hershey Company (The),181.4771,7.176252463689916,0.0,1,2025-11-07
HUBB,Hubbell Incorporated,440.9077,5.220400094985962,0.0,1,2025-10-25
HUBB,Hubbell Incorporated,443.5325,5.262261246099909,0.0,1,2025-10-26
HUBB,Hubbell Incorporated,443.0025,5.222921750713572,0.0,1,2025-10-27
HUBB,Hubbell Incorporated,440.3807,5.188013652879813,0.0,1,2025-10-28
HUBB,Hubbell Incorporated,439.8598,5.238659162615429,0.0,1,2025-10-29
HUBB,Hubbell Incorporated,440.2739,5.208243984397707,0.0,1,2025-10-30
HUBB,Hubbell Incorporated,441.2661,5.2342426918007945,0.0,1,2025-10-31
HUBB,Hubbell Incorporated,441.3909,5.210385860745018,0.0,1,2025-11-01
HUBB,Hubbell Incorporated,441.6321,5.248531919396569,0.0,1,2025-11-02
HUBB,Hubbell Incorporated,441.5984,5.248015997859235,0.0,1,2025-11-03
HUBB,Hubbell Incorporated,442.8687,5.199653655175825,0.0,1,2025-11-04
HUBB,Hubbell Incorporated,445.0032,5.194694661672615,0.0,1,2025-11-05
HUBB,Hubbell Incorporated,445.3201,5.1989266257035744,0.0,1,2025-11-06
HUBB,Hubbell Incorporated,441.4246,5.177014742771311,0.0,1,2025-11-07
HUM,Humana,276.546,0.685800015926361,8.784300088882446,2,2025-10-25
HUM,Humana,264.2651,0.687774055955136,8.840568658439864,2,2025-10-26
HUM,Humana,262.2298,0.685578039451635,8.863455058699284,2,2025-10-27
HUM,Humana,265.3989,0.6884963959461805,8.827805163196583,2,2025-10-28
HUM,Humana,269.8775,0.6868155867238112,8.843814538083212,2,2025-10-29
HUM,Humana,270.8446,0.6889219871582885,8.785815728103195,2,2025-10-30
HUM,Humana,267.2864,0.6856661686070671,8.798893917344378,2,2025-10-31
HUM,Humana,264.5233,0.6799652047057565,8.73536611862814,2,2025-11-01
HUM,Humana,273.78,0.6783614319362407,8.651625786481185,2,2025-11-02
HUM,Humana,284.36,0.678456382650597,8.710940703067843,2,2025-11-03
HUM,Humana,284.7517,0.6811857364812861,8.767492515282523,2,2025-11-04
HUM,Humana,276.7513,0.6758326537460126,8.745933372331368,2,2025-11-05
HUM,Humana,274.0682,0.6754513236923517,8.788037228227102,2,2025-11-06
HUM,Humana,275.0819,0.67047434994402,8.793337721375462,2,2025-11-07
HWM,Howmet Aerospace,234.9928,6.725199818611145,2.578499913215637,2,2025-10-25
HWM,Howmet Aerospace,242.8338,6.780721866994247,2.5663788088787953,2,2025-10-26
HWM,Howmet Aerospace,243.2987,6.74339036537435,2.583559284095633,2,2025-10-27
HWM,Howmet Aerospace,243.6397,6.744366108705507,2.5750789441490105,2,2025-10-28
HWM,Howmet Aerospace,242.1,6.801138107891533,2.5983067648812272,2,2025-10-29
HWM,Howmet Aerospace,241.0771,6.8679030807307475,2.604910724165728,2,2025-10-30
HWM,Howmet Aerospace,241.2489,6.884484512060651,2.5851676863702413,2,2025-10-31
HWM,Howmet Aerospace,242.7526,6.945868922563958,2.60392869346188,2,2025-11-01
HWM,Howmet Aerospace,257.2757,6.883101643062033,2.6196812173074013,2,2025-11-02
HWM,Howmet Aerospace,258.5124,6.949485082584136,2.630273532850649,2,2025-11-03
HWM,Howmet Aerospace,260.0659,7.000765109324356,2.6073398918020296,2,2025-11-04
HWM,Howmet Aerospace,260.1886,7.0111608237772876,2.594471277940408,2,2025-11-05
HWM,Howmet Aerospace,259.1804,6.947695690401575,2.613655081031313,2,2025-11-06
HWM,Howmet Aerospace,255.6802,6.940639125382581,2.63961647535375,2,2025-11-07
IBKR,Interactive Brokers,76.515,8.54960024356842,0.821800008416175,2,2025-10-25
IBKR,Interactive Brokers,78.3761,8.596890050350224,0.8249423748142339,2,2025-10-26
IBKR,Interactive Brokers,78.0666,8.559587125852245,0.8235751343371879,2,2025-10-27
IBKR,Interactive Brokers,77.2798,8.506250780315831,0.8159207890283123,2,2025-10-28
IBKR,Interactive Brokers,76.9285,8.509612255488374,0.815592542650683,2,2025-10-29
IBKR,Interactive Brokers,76.8553,8.428532937778503,0.8219613579999004,2,2025-10-30
IBKR,Interactive Brokers,77.2509,8.364029513588717,0.8174678888759933,2,2025-10-31
IBKR,Interactive Brokers,77.5313,8.435653335173695,0.8232814365760285,2,2025-11-01
IBKR,Interactive Brokers,79.3775,8.443792064764507,0.8241513071437926,2,2025-11-02
IBKR,Interactive Brokers,80.9733,8.448066516349504,0.8231079085207814,2,2025-11-03
IBKR,Interactive Brokers,81.2174,8.455831377545405,0.8289302773046101,2,2025-11-04
IBKR,Interactive Brokers,80.4284,8.458531676785356,0.8231849778811238,2,2025-11-05
IBKR,Interactive Brokers,79.1325,8.40472396521657,0.8250626632610003,2,2025-11-06
IBKR,Interactive Brokers,77.1457,8.460931029044575,0.819501081050891,2,2025-11-07
IBM,IBM,303.7327,1.5568999946117401,0.0,1,2025-10-25
IBM,IBM,293.14,1.5682155335034593,0.0,1,2025-10-26
IBM,IBM,286.9163,1.574105350840062,0.0,1,2025-10-27
IBM,IBM,288.6281,1.5785798499850079,0.0,1,2025-10-28
IBM,IBM,295.689,1.5688661373903803,0.0,1,2025-10-29
IBM,IBM,296.9924,1.5789935272359483,0.0,1,2025-10-30
IBM,IBM,295.7313,1.5673431701348248,0.0,1,2025-10-31
IBM,IBM,295.3131,1.5679845336684752,0.0,1,2025-11-01
IBM,IBM,302.0979,1.5537862740280952,0.0,1,2025-11-02
IBM,IBM,303.4642,1.5407977798384627,0.0,1,2025-11-03
IBM,IBM,303.8732,1.5503394660673815,0.0,1,2025-11-04
IBM,IBM,303.1357,1.5577568581377321,0.0,1,2025-11-05
IBM,IBM,301.4376,1.5685365779068903,0.0,1,2025-11-06
IBM,IBM,299.9681,1.5615328885603592,0.0,1,2025-11-07
ICE,Intercontinental Exchange,167.5103,7.297800183296204,1.9848999381065369,3,2025-10-25
ICE,Intercontinental Exchange,170.7229,7.234735324773533,1.9980669922747736,3,2025-10-26
ICE,Intercontinental Exchange,169.1343,7.300699368763003,2.007658499283433,3,2025-10-27
ICE,Intercontinental Exchange,166.9415,7.252823357964874,1.988171589601978,3,2025-10-28
ICE,Intercontinental Exchange,167.0547,7.3084421357540705,1.9861729938551018,3,2025-10-29
ICE,Intercontinental Exchange,167.6356,7.26780725697269,1.982844089561983,3,2025-10-30
ICE,Intercontinental Exchange,168.2993,7.33768435599327,1.993171953644592,3,2025-10-31
ICE,Intercontinental Exchange,168.2945,7.301751980333047,1.9802529076766027,3,2025-11-01
ICE,Intercontinental Exchange,168.3974,7.2818677051408995,1.9770819731046922,3,2025-11-02
ICE,Intercontinental Exchange,168.4807,7.269441484868319,1.9872124589258715,3,2025-11-03
ICE,Intercontinental Exchange,169.5459,7.223356392890757,1.9990207412639278,3,2025-11-04
ICE,Intercontinental Exchange,169.873,7.264693769908552,1.9853512100585695,3,2025-11-05
ICE,Intercontinental Exchange,169.8788,7.286610613772559,1.9899910252443096,3,2025-11-06
ICE,Intercontinental Exchange,167.5586,7.260372750909049,2.00339771543863,3,2025-11-07
IDXX,Idexx Laboratories,602.3301,-9.200699925422668,0.0,1,2025-10-25
IDXX,Idexx Laboratories,580.5109,-9.143222915744946,0.0,1,2025-10-26
IDXX,Idexx Laboratories,589.7336,-9.087139017228761,0.0,1,2025-10-27
IDXX,Idexx Laboratories,609.5333,-9.073746919863462,0.0,1,2025-10-28
IDXX,Idexx Laboratories,611.7772,-9.02634642145172,0.0,1,2025-10-29
IDXX,Idexx Laboratories,606.6171,-9.111103867252702,0.0,1,2025-10-30
IDXX,Idexx Laboratories,603.2144,-9.131650531388543,0.0,1,2025-10-31
IDXX,Idexx Laboratories,604.9419,-9.162912278791488,0.0,1,2025-11-01
IDXX,Idexx Laboratories,614.9906,-9.15536260652834,0.0,1,2025-11-02
IDXX,Idexx Laboratories,617.5063,-9.078943992226764,0.0,1,2025-11-03
IDXX,Idexx Laboratories,617.0531,-9.162348661383232,0.0,1,2025-11-04
IDXX,Idexx Laboratories,614.8249,-9.181643828094634,0.0,1,2025-11-05
IDXX,Idexx Laboratories,614.3584,-9.166167560372042,0.0,1,2025-11-06
IDXX,Idexx Laboratories,615.9182,-9.107892278760163,0.0,1,2025-11-07
IEX,IDEX Corporation,167.0663,-8.224300146102905,0.0,1,2025-10-25
IEX,IDEX Corporation,167.6148,-8.20848090660868,0.0,1,2025-10-26
IEX,IDEX Corporation,168.1679,-8.193998658673259,0.0,1,2025-10-27
IEX,IDEX Corporation,167.1355,-8.238954075553341,0.0,1,2025-10-28
IEX,IDEX Corporation,166.4183,-8.229470411802486,0.0,1,2025-10-29
IEX,IDEX Corporation,166.4597,-8.201026124308223,0.0,1,2025-10-30
IEX,IDEX Corporation,166.8277,-8.216381060303343,0.0,1,2025-10-31
IEX,IDEX Corporation,167.1051,-8.208250679879436,0.0,1,2025-11-01
IEX,IDEX Corporation,168.2743,-8.166997341126995,0.0,1,2025-11-02
IEX,IDEX Corporation,169.7364,-8.145641746193354,0.0,1,2025-11-03
IEX,IDEX Corporation,170.0521,-8.09325439319604,0.0,1,2025-11-04
IEX,IDEX Corporation,169.0091,-8.076741480195397,0.0,1,2025-11-05
IEX,IDEX Corporation,168.0709,-8.059557975428971,0.0,1,2025-11-06
IEX,IDEX Corporation,167.2322,-8.063701230248203,0.0,1,2025-11-07
IFF,International Flavors & Fragrances,69.6525,8.709499835968018,0.0,1,2025-10-25
IFF,International Flavors & Fragrances,72.4087,8.736560466779697,0.0,1,2025-10-26
IFF,International Flavors & Fragrances,71.766,8.780701082925837,0.0,1,2025-10-27
IFF,International Flavors & Fragrances,69.8337,8.701420017509621,0.0,1,2025-10-28
IFF,International Flavors & Fragrances,69.7754,8.693902142865442,0.0,1,2025-10-29
IFF,International Flavors & Fragrances,70.0487,8.662197696019067,0.0,1,2025-10-30
IFF,International Flavors & Fragrances,70.2015,8.620305482074654,0.0,1,2025-10-31
IFF,International Flavors & Fragrances,70.0585,8.577864714418679,0.0,1,2025-11-01
IFF,International Flavors & Fragrances,66.3534,8.662451958185741,0.0,1,2025-11-02
IFF,International Flavors & Fragrances,65.4975,8.731472176630184,0.0,1,2025-11-03
IFF,International Flavors & Fragrances,66.2353,8.657910371183362,0.0,1,2025-11-04
IFF,International Flavors & Fragrances,66.4144,8.738632410972881,0.0,1,2025-11-05
IFF,International Flavors & Fragrances,65.6474,8.762940079771942,0.0,1,2025-11-06
IFF,International Flavors & Fragrances,64.5277,8.774589306710359,0.0,1,2025-11-07
INCY,Incyte,88.8337,0.291900001466274,0.0,1,2025-10-25
INCY,Incyte,87.0442,0.2935789212769788,0.0,1,2025-10-26
INCY,Incyte,86.897,0.2961996904383885,0.0,1,2025-10-27
INCY,Incyte,88.0006,0.29631410708026346,0.0,1,2025-10-28
INCY,Incyte,88.3856,0.294790325585973,0.0,1,2025-10-29
INCY,Incyte,88.1877,0.2918440053882068,0.0,1,2025-10-30
INCY,Incyte,88.3543,0.29384550710133256,0.0,1,2025-10-31
INCY,Incyte,88.5215,0.290932481942645,0.0,1,2025-11-01
INCY,Incyte,88.3945,0.29161322742529927,0.0,1,2025-11-02
INCY,Incyte,88.221,0.29239116547482713,0.0,1,2025-11-03
INCY,Incyte,88.192,0.29165640906411316,0.0,1,2025-11-04
INCY,Incyte,88.3637,0.2914039664378046,0.0,1,2025-11-05
INCY,Incyte,88.4009,0.2909926507274568,0.0,1,2025-11-06
INCY,Incyte,87.8398,0.2893645361611515,0.0,1,2025-11-07
INTC,Intel,35.5822,3.7154999375343323,6.390600204467773,2,2025-10-25
INTC,Intel,32.8871,3.7381630538971433,6.3901666917318805,2,2025-10-26
INTC,Intel,32.7608,3.707276869136707,6.35437251123191,2,2025-10-27
INTC,Intel,34.406,3.717965895783695,6.352119711480391,2,2025-10-28
INTC,Intel,34.3408,3.68704709276975,6.398280374394341,2,2025-10-29
INTC,Intel,34.5087,3.707940644539343,6.397062934579411,2,2025-10-30
INTC,Intel,34.9249,3.6726503614437505,6.382387975730046,2,2025-10-31
INTC,Intel,35.0566,3.6377572932590776,6.3767680401551425,2,2025-11-01
INTC,Intel,37.5482,3.620498680548724,6.314501201553703,2,2025-11-02
INTC,Intel,38.3987,3.6148504128978622,6.3298442158866735,2,2025-11-03
INTC,Intel,38.4684,3.6303450814439047,6.390507281686815,2,2025-11-04
INTC,Intel,38.0894,3.6361909557464895,6.389186564264003,2,2025-11-05
INTC,Intel,37.8936,3.631579579168569,6.428513438291479,2,2025-11-06
INTC,Intel,37.8784,3.6549965096344046,6.378769415829346,2,2025-11-07
INTU,Intuit,679.7012,8.907099962234497,0.0,1,2025-10-25
INTU,Intuit,673.2832,8.91532347340774,0.0,1,2025-10-26
INTU,Intuit,671.8447,8.887970615860997,0.0,1,2025-10-27
INTU,Intuit,669.325,8.852974135591019,0.0,1,2025-10-28
INTU,Intuit,668.9521,8.891169241814838,0.0,1,2025-10-29
INTU,Intuit,669.4609,8.866417835893868,0.0,1,2025-10-30
INTU,Intuit,669.597,8.946597269401249,0.0,1,2025-10-31
INTU,Intuit,671.877,8.897161198120239,0.0,1,2025-11-01
INTU,Intuit,697.7795,8.96017842494934,0.0,1,2025-11-02
INTU,Intuit,712.9872,8.999657152236974,0.0,1,2025-11-03
INTU,Intuit,712.2555,8.95344983181086,0.0,1,2025-11-04
INTU,Intuit,703.9152,8.933168137914077,0.0,1,2025-11-05
INTU,Intuit,697.8304,8.898384694206014,0.0,1,2025-11-06
INTU,Intuit,696.1009,8.971935929300711,0.0,1,2025-11-07
INVH,Invitation Homes,30.5833,8.942999839782715,0.0,1,2025-10-25
INVH,Invitation Homes,31.2038,8.950095444142244,0.0,1,2025-10-26
INVH,Invitation Homes,30.8634,8.984968292292693,0.0,1,2025-10-27
INVH,Invitation Homes,30.6677,9.039469602314236,0.0,1,2025-10-28
INVH,Invitation Homes,30.7236,8.979301923734111,0.0,1,2025-10-29
INVH,Invitation Homes,30.6988,8.916549018227975,0.0,1,2025-10-30
INVH,Invitation Homes,30.6692,8.874816232047122,0.0,1,2025-10-31
INVH,Invitation Homes,30.6123,8.904234087876933,0.0,1,2025-11-01
INVH,Invitation Homes,30.5973,8.917085313851382,0.0,1,2025-11-02
INVH,Invitation Homes,30.6159,8.995981003613107,0.0,1,2025-11-03
INVH,Invitation Homes,30.573,8.936459156429565,0.0,1,2025-11-04
INVH,Invitation Homes,30.6036,8.9318449933679,0.0,1,2025-11-05
INVH,Invitation Homes,30.6211,8.911551940664776,0.0,1,2025-11-06
INVH,Invitation Homes,30.6285,8.844061215946933,0.0,1,2025-11-07
IP,International Paper,51.0728,6.5716999769210815,0.0,1,2025-10-25
IP,International Paper,51.9693,6.588944043323204,0.0,1,2025-10-26
IP,International Paper,51.6384,6.552358701422697,0.0,1,2025-10-27
IP,International Paper,51.2398,6.5255856053403525,0.0,1,2025-10-28
IP,International Paper,51.1544,6.476125861848432,0.0,1,2025-10-29
IP,International Paper,51.1862,6.529687425014653,0.0,1,2025-10-30
IP,International Paper,51.2598,6.549319197467947,0.0,1,2025-10-31
IP,International Paper,51.2321,6.508045860018777,0.0,1,2025-11-01
IP,International Paper,51.4031,6.499647570016421,0.0,1,2025-11-02
IP,International Paper,51.4892,6.460724502489215,0.0,1,2025-11-03
IP,International Paper,51.4606,6.462476412477424,0.0,1,2025-11-04
IP,International Paper,51.5107,6.457267663448162,0.0,1,2025-11-05
IP,International Paper,51.6024,6.466118220400408,0.0,1,2025-11-06
IP,International Paper,51.1452,6.474615442834495,0.0,1,2025-11-07
IPG,Interpublic Group of Companies (The),27.8151,-6.793799996376038,0.0,1,2025-10-25
IPG,Interpublic Group of Companies (The),28.3144,-6.737145040923667,0.0,1,2025-10-26
IPG,Interpublic Group of Companies (The),28.1986,-6.71261049201806,0.0,1,2025-10-27
IPG,Interpublic Group of Companies (The),27.9943,-6.719969230923525,0.0,1,2025-10-28
IPG,Interpublic Group of Companies (The),27.9859,-6.739651218057257,0.0,1,2025-10-29
IPG,Interpublic Group of Companies (The),27.9632,-6.710955343371393,0.0,1,2025-10-30
IPG,Interpublic Group of Companies (The),27.9466,-6.6527946623998195,0.0,1,2025-10-31
IPG,Interpublic Group of Companies (The),27.9612,-6.6394698973602155,0.0,1,2025-11-01
IPG,Interpublic Group of Companies (The),27.3924,-6.682471444398723,0.0,1,2025-11-02
IPG,Interpublic Group of Companies (The),27.0099,-6.7241756128431796,0.0,1,2025-11-03
IPG,Interpublic Group of Companies (The),27.1112,-6.667489259112945,0.0,1,2025-11-04
IPG,Interpublic Group of Companies (The),27.4153,-6.6386551370104225,0.0,1,2025-11-05
IPG,Interpublic Group of Companies (The),27.4967,-6.574419695712577,0.0,1,2025-11-06
IPG,Interpublic Group of Companies (The),27.2824,-6.621035898650709,0.0,1,2025-11-07
IQV,IQVIA,218.6475,7.7007997035980225,1.673900038003921,2,2025-10-25
IQV,IQVIA,217.9505,7.7323417030082515,1.6821673360092453,2,2025-10-26
IQV,IQVIA,217.2395,7.7682951783811784,1.6754107145365091,2,2025-10-27
IQV,IQVIA,216.8878,7.808998735166286,1.6812122537282406,2,2025-10-28
IQV,IQVIA,217.0375,7.871253634567299,1.691440382257902,2,2025-10-29
IQV,IQVIA,217.4796,7.894752389638056,1.693349822633715,2,2025-10-30
IQV,IQVIA,217.3717,7.897363445472622,1.7028930697722415,2,2025-10-31
IQV,IQVIA,217.0478,7.856083385439383,1.6872798985145772,2,2025-11-01
IQV,IQVIA,212.6627,7.919979776922238,1.6926419251957414,2,2025-11-02
IQV,IQVIA,210.8855,7.927400991234466,1.688504683270467,2,2025-11-03
IQV,IQVIA,213.2897,7.970261637664322,1.6796419641318618,2,2025-11-04
IQV,IQVIA,214.7061,8.04349268214614,1.6734600897807688,2,2025-11-05
IQV,IQVIA,212.6242,7.967607067228353,1.682269622640203,2,2025-11-06
IQV,IQVIA,211.5437,8.010825571393948,1.6869542415241445,2,2025-11-07
IR,Ingersoll Rand,83.8164,8.192099928855896,0.613100007176399,2,2025-10-25
IR,Ingersoll Rand,85.9272,8.255400914264749,0.614695502049755,2,2025-10-26
IR,Ingersoll Rand,85.4423,8.2899031881148,0.6103394404554325,2,2025-10-27
IR,Ingersoll Rand,84.7451,8.365341674569557,0.609382523655203,2,2025-10-28
IR,Ingersoll Rand,84.6437,8.441132871104605,0.6068108911976579,2,2025-10-29
IR,Ingersoll Rand,84.8776,8.47888842025718,0.6013700451290666,2,2025-10-30
IR,Ingersoll Rand,84.9826,8.502666851926284,0.5973160107009006,2,2025-10-31
IR,Ingersoll Rand,84.9141,8.438613357725835,0.5994041481365017,2,2025-11-01
IR,Ingersoll Rand,83.529,8.428503380858652,0.6044365677022926,2,2025-11-02
IR,Ingersoll Rand,82.4482,8.386771037668586,0.6071729031604394,2,2025-11-03
IR,Ingersoll Rand,82.7009,8.4046793776233,0.6125986075676547,2,2025-11-04
IR,Ingersoll Rand,82.9571,8.464922428920145,0.6103587741354013,2,2025-11-05
IR,Ingersoll Rand,83.0033,8.420192718301925,0.6109143151823972,2,2025-11-06
IR,Ingersoll Rand,82.4263,8.430693442999921,0.6162410140854192,2,2025-11-07
IRM,Iron Mountain,110.6109,8.574600219726562,0.0,1,2025-10-25
IRM,Iron Mountain,112.0344,8.552095062756646,0.0,1,2025-10-26
IRM,Iron Mountain,110.577,8.571747599053284,0.0,1,2025-10-27
IRM,Iron Mountain,109.6143,8.562929726852534,0.0,1,2025-10-28
IRM,Iron Mountain,110.2048,8.552720395897207,0.0,1,2025-10-29
IRM,Iron Mountain,110.2235,8.616742307520804,0.0,1,2025-10-30
IRM,Iron Mountain,110.1956,8.674546169404943,0.0,1,2025-10-31
IRM,Iron Mountain,110.2306,8.680991512813247,0.0,1,2025-11-01
IRM,Iron Mountain,110.9315,8.611880045366963,0.0,1,2025-11-02
IRM,Iron Mountain,111.2455,8.590915395371278,0.0,1,2025-11-03
IRM,Iron Mountain,111.7018,8.538289670069142,0.0,1,2025-11-04
IRM,Iron Mountain,111.9458,8.4682273301715,0.0,1,2025-11-05
IRM,Iron Mountain,112.2395,8.392519206248336,0.0,1,2025-11-06
IRM,Iron Mountain,111.3141,8.40095046126428,0.0,1,2025-11-07
ISRG,Intuitive Surgical,548.0376,4.193899929523468,5.803200006484985,3,2025-10-25
ISRG,Intuitive Surgical,552.3098,4.205598863707509,5.839629507051404,3,2025-10-26
ISRG,Intuitive Surgical,554.763,4.18021755022322,5.888150381389329,3,2025-10-27
ISRG,Intuitive Surgical,550.5084,4.167126412819619,5.8324316617764715,3,2025-10-28
ISRG,Intuitive Surgical,546.826,4.136195722013448,5.8406471247482585,3,2025-10-29
ISRG,Intuitive Surgical,547.6769,4.173543741212781,5.801376830224498,3,2025-10-30
ISRG,Intuitive Surgical,549.1249,4.200413144423684,5.815733601148245,3,2025-10-31
ISRG,Intuitive Surgical,549.1204,4.220917602352237,5.7723971124322615,3,2025-11-01
ISRG,Intuitive Surgical,558.9282,4.226037561864625,5.71585555959423,3,2025-11-02
ISRG,Intuitive Surgical,566.9726,4.204782930813432,5.669561408660237,3,2025-11-03
ISRG,Intuitive Surgical,567.7845,4.179207930139746,5.6947084996674855,3,2025-11-04
ISRG,Intuitive Surgical,562.5997,4.178681123770928,5.71991811443645,3,2025-11-05
ISRG,Intuitive Surgical,559.1255,4.177868187174494,5.76062346026313,3,2025-11-06
ISRG,Intuitive Surgical,555.5185,4.163350703019623,5.749329211827823,3,2025-11-07
IT,Gartner,280.9829,-1.867700070142746,8.018699884414673,3,2025-10-25
IT,Gartner,312.0915,-1.8801384472562268,8.00352918944905,3,2025-10-26
IT,Gartner,307.4575,-1.898151256873629,8.077675886858543,3,2025-10-27
IT,Gartner,270.9103,-1.9001108820006314,8.112882372328544,3,2025-10-28
IT,Gartner,262.7017,-1.9161012600317933,8.164219609090281,3,2025-10-29
IT,Gartner,274.8718,-1.9246167141078854,8.171215674034988,3,2025-10-30
IT,Gartner,296.2934,-1.9433477631970115,8.103562885860645,3,2025-10-31
IT,Gartner,300.3163,-1.929176790722189,8.117008080149816,3,2025-11-01
IT,Gartner,254.3343,-1.9423996067771583,8.092882265139048,3,2025-11-02
IT,Gartner,241.4206,-1.9302711002419966,8.020733876239154,3,2025-11-03
IT,Gartner,254.4322,-1.9269610325779052,8.018398762491747,3,2025-11-04
IT,Gartner,279.7445,-1.9455686574434403,8.079391785095453,3,2025-11-05
IT,Gartner,289.1657,-1.9601544374401807,8.05484582607333,3,2025-11-06
IT,Gartner,263.4858,-1.941117304447826,8.005606375613825,3,2025-11-07
ITW,Illinois Tool Works,250.1677,3.420799970626831,6.243699789047241,8,2025-10-25
ITW,Illinois Tool Works,252.3458,3.387188801528911,6.237043987021793,8,2025-10-26
ITW,Illinois Tool Works,251.7214,3.3755007362792733,6.22912800951371,8,2025-10-27
ITW,Illinois Tool Works,251.5304,3.3667661958402775,6.238522810702098,8,2025-10-28
ITW,Illinois Tool Works,251.5215,3.3618726389706546,6.242276994593654,8,2025-10-29
ITW,Illinois Tool Works,251.6527,3.349782696815501,6.234814604631311,8,2025-10-30
ITW,Illinois Tool Works,251.6461,3.368413228562813,6.28953928810326,8,2025-10-31
ITW,Illinois Tool Works,251.6124,3.3749413879277568,6.337333768736805,8,2025-11-01
ITW,Illinois Tool Works,250.396,3.3803869428923368,6.353907981759213,8,2025-11-02
ITW,Illinois Tool Works,250.2723,3.3745486548710564,6.316173932816925,8,2025-11-03
ITW,Illinois Tool Works,251.0703,3.355828388383216,6.325678890584579,8,2025-11-04
ITW,Illinois Tool Works,251.2309,3.380764396336231,6.29377315394062,8,2025-11-05
ITW,Illinois Tool Works,251.0602,3.3590535259898093,6.23561404776129,8,2025-11-06
ITW,Illinois Tool Works,250.4836,3.3850050626398334,6.2386386650429415,8,2025-11-07
IVZ,Invesco,21.2175,4.297899901866913,7.410399913787842,9,2025-10-25
IVZ,Invesco,20.253,4.26383455520175,7.442436943466721,9,2025-10-26
IVZ,Invesco,20.5037,4.247676049942068,7.451322383324099,9,2025-10-27
IVZ,Invesco,21.118,4.217995010140924,7.409075318010739,9,2025-10-28
IVZ,Invesco,21.1969,4.191168183431224,7.351583836733183,9,2025-10-29
IVZ,Invesco,21.0781,4.181213990492492,7.374132183570423,9,2025-10-30
IVZ,Invesco,20.931,4.17568503886867,7.347469255922712,9,2025-10-31
IVZ,Invesco,20.9266,4.1700298511603116,7.291404305537165,9,2025-11-01
IVZ,Invesco,21.6476,4.191450027663689,7.351840249683688,9,2025-11-02
IVZ,Invesco,21.9454,4.164981379339314,7.417749394595215,9,2025-11-03
IVZ,Invesco,21.9237,4.1321341130781555,7.382716589830551,9,2025-11-04
IVZ,Invesco,21.6968,4.09327018088129,7.3658785870560095,9,2025-11-05
IVZ,Invesco,21.5456,4.12328452316384,7.385589799810561,9,2025-11-06
IVZ,Invesco,21.4562,4.150738349894071,7.351152055148566,9,2025-11-07
J,Jacobs Solutions,150.3006,-7.8602999448776245,0.0,1,2025-10-25
J,Jacobs Solutions,146.4598,-7.87768670496462,0.0,1,2025-10-26
J,Jacobs Solutions,147.0889,-7.871864819037042,0.0,1,2025-10-27
J,Jacobs Solutions,149.9267,-7.796691913860367,0.0,1,2025-10-28
J,Jacobs Solutions,150.317,-7.859024412006413,0.0,1,2025-10-29
J,Jacobs Solutions,150.0095,-7.894034792387784,0.0,1,2025-10-30
J,Jacobs Solutions,149.3685,-7.853045247928361,0.0,1,2025-10-31
J,Jacobs Solutions,149.2807,-7.858815279214633,0.0,1,2025-11-01
J,Jacobs Solutions,151.0253,-7.926601499085921,0.0,1,2025-11-02
J,Jacobs Solutions,152.4934,-7.956555182390027,0.0,1,2025-11-03
J,Jacobs Solutions,152.961,-7.945950963956997,0.0,1,2025-11-04
J,Jacobs Solutions,152.7917,-7.911962501075406,0.0,1,2025-11-05
J,Jacobs Solutions,152.2841,-7.870695885876454,0.0,1,2025-11-06
J,Jacobs Solutions,151.0743,-7.865741051171878,0.0,1,2025-11-07
JBHT,J.B. Hunt,163.9716,7.535899877548218,0.0,1,2025-10-25
JBHT,J.B. Hunt,163.9566,7.46298911783198,0.0,1,2025-10-26
JBHT,J.B. Hunt,164.292,7.418522531571849,0.0,1,2025-10-27
JBHT,J.B. Hunt,162.8255,7.3892664645077435,0.0,1,2025-10-28
JBHT,J.B. Hunt,163.3836,7.35550461724158,0.0,1,2025-10-29
JBHT,J.B. Hunt,164.1442,7.424418420187681,0.0,1,2025-10-30
JBHT,J.B. Hunt,164.3121,7.497377615324042,0.0,1,2025-10-31
JBHT,J.B. Hunt,164.2069,7.438553480172109,0.0,1,2025-11-01
JBHT,J.B. Hunt,168.6658,7.457968448920919,0.0,1,2025-11-02
JBHT,J.B. Hunt,171.3855,7.522840685167133,0.0,1,2025-11-03
JBHT,J.B. Hunt,171.6667,7.5151581078146314,0.0,1,2025-11-04
JBHT,J.B. Hunt,170.1464,7.500382038867434,0.0,1,2025-11-05
JBHT,J.B. Hunt,169.1588,7.573070058348556,0.0,1,2025-11-06
JBHT,J.B. Hunt,169.6224,7.542674539816961,0.0,1,2025-11-07
JBL,Jabil,229.9914,8.295199871063232,0.0,1,2025-10-25
JBL,Jabil,232.8457,8.352783065655741,0.0,1,2025-10-26
JBL,Jabil,232.1424,8.273659014489512,0.0,1,2025-10-27
JBL,Jabil,230.6393,8.334846392308323,0.0,1,2025-10-28
JBL,Jabil,229.3823,8.260564884471545,0.0,1,2025-10-29
JBL,Jabil,231.2476,8.305326916510433,0.0,1,2025-10-30
JBL,Jabil,233.6302,8.386832797274856,0.0,1,2025-10-31
JBL,Jabil,234.2891,8.314153548451438,0.0,1,2025-11-01
JBL,Jabil,246.8551,8.298721960927873,0.0,1,2025-11-02
JBL,Jabil,249.2607,8.310926316782703,0.0,1,2025-11-03
JBL,Jabil,250.233,8.377865365074799,0.0,1,2025-11-04
JBL,Jabil,249.9861,8.33004146220247,0.0,1,2025-11-05
JBL,Jabil,248.5304,8.32809625341327,0.0,1,2025-11-06
JBL,Jabil,247.5019,8.3724713661373,0.0,1,2025-11-07
JCI,Johnson Controls,119.4391,3.0302000045776363,9.768800139427183,3,2025-10-25
JCI,Johnson Controls,118.3129,3.04985791936945,9.840022102518077,3,2025-10-26
JCI,Johnson Controls,117.9116,3.0628312829805324,9.818151405693564,3,2025-10-27
JCI,Johnson Controls,118.0153,3.069335764581308,9.838908126665345,3,2025-10-28
JCI,Johnson Controls,118.106,3.053597746732468,9.884288545322635,3,2025-10-29
JCI,Johnson Controls,118.2563,3.038328073772422,9.928026640676523,3,2025-10-30
JCI,Johnson Controls,118.0687,3.0207668376900423,9.965055284443155,3,2025-10-31
JCI,Johnson Controls,118.16,3.0004588516454564,10.005564643677628,3,2025-11-01
JCI,Johnson Controls,120.8651,3.009371195750545,10.001251995332945,3,2025-11-02
JCI,Johnson Controls,121.4542,3.0194215520093772,10.044575066014001,3,2025-11-03
JCI,Johnson Controls,121.85,3.0366283111420485,9.961923184135602,3,2025-11-04
JCI,Johnson Controls,121.3378,3.0360927350945315,9.984057282493513,3,2025-11-05
JCI,Johnson Controls,121.1375,3.0351650560436134,10.059025151213845,3,2025-11-06
JCI,Johnson Controls,120.1521,3.0513909003900954,10.106484761356555,3,2025-11-07
JKHY,Jack Henry & Associates,163.9571,8.963900208473206,0.0,1,2025-10-25
JKHY,Jack Henry & Associates,165.5569,8.942505624466252,0.0,1,2025-10-26
JKHY,Jack Henry & Associates,164.5389,8.894412808610657,0.0,1,2025-10-27
JKHY,Jack Henry & Associates,164.0793,8.807065620100675,0.0,1,2025-10-28
JKHY,Jack Henry & Associates,164.1942,8.733242464365244,0.0,1,2025-10-29
JKHY,Jack Henry & Associates,164.0567,8.692833396316619,0.0,1,2025-10-30
JKHY,Jack Henry & Associates,164.0367,8.724629950490444,0.0,1,2025-10-31
JKHY,Jack Henry & Associates,164.0471,8.655652641327517,0.0,1,2025-11-01
JKHY,Jack Henry & Associates,162.9621,8.719292874447321,0.0,1,2025-11-02
JKHY,Jack Henry & Associates,162.7374,8.731701110401886,0.0,1,2025-11-03
JKHY,Jack Henry & Associates,163.0665,8.688481018264598,0.0,1,2025-11-04
JKHY,Jack Henry & Associates,162.953,8.634978206906903,0.0,1,2025-11-05
JKHY,Jack Henry & Associates,163.0491,8.716742573769231,0.0,1,2025-11-06
JKHY,Jack Henry & Associates,162.4622,8.777619067484004,0.0,1,2025-11-07
JNJ,Johnson & Johnson,179.1571,-3.031699955463409,4.027499854564667,3,2025-10-25
JNJ,Johnson & Johnson,175.672,-3.053514737177857,4.040873340753002,3,2025-10-26
JNJ,Johnson & Johnson,176.5077,-3.0327691368147756,4.01256278289285,3,2025-10-27
JNJ,Johnson & Johnson,177.9276,-3.0614874077475713,4.050388956448536,3,2025-10-28
JNJ,Johnson & Johnson,177.9179,-3.0643722399329003,4.073688674256643,3,2025-10-29
JNJ,Johnson & Johnson,177.5935,-3.0676336999980642,4.098835277985406,3,2025-10-30
JNJ,Johnson & Johnson,177.6673,-3.0892711978162235,4.062614892513399,3,2025-10-31
JNJ,Johnson & Johnson,177.8684,-3.098664505228276,4.049577088412397,3,2025-11-01
JNJ,Johnson & Johnson,177.1298,-3.097219683147984,4.044118175246694,3,2025-11-02
JNJ,Johnson & Johnson,176.7832,-3.11747810963647,4.021603295506763,3,2025-11-03
JNJ,Johnson & Johnson,177.0136,-3.123883333864034,3.985825296959842,3,2025-11-04
JNJ,Johnson & Johnson,177.7467,-3.107181712510846,3.9663324416036683,3,2025-11-05
JNJ,Johnson & Johnson,177.797,-3.0988913121933717,3.9498514292823623,3,2025-11-06
JNJ,Johnson & Johnson,177.2605,-3.078200688178172,3.937424206748438,3,2025-11-07
JPM,JPMorgan Chase,319.4262,4.864799976348877,3.927499949932098,3,2025-10-25
JPM,JPMorgan Chase,326.2173,4.872752109249043,3.9368494137072427,3,2025-10-26
JPM,JPMorgan Chase,323.4661,4.860496258386543,3.9241589588670864,3,2025-10-27
JPM,JPMorgan Chase,318.0438,4.871331123745952,3.930738111504772,3,2025-10-28
JPM,JPMorgan Chase,318.5438,4.84637976938177,3.933091221267546,3,2025-10-29
JPM,JPMorgan Chase,318.8386,4.804031196344803,3.9271007618885116,3,2025-10-30
JPM,JPMorgan Chase,320.9576,4.838708556585419,3.9623734271170217,3,2025-10-31
JPM,JPMorgan Chase,318.8968,4.79417264253817,3.9958472078410376,3,2025-11-01
JPM,JPMorgan Chase,325.0659,4.792923141418374,4.0253738392301734,3,2025-11-02
JPM,JPMorgan Chase,327.7547,4.809534881587736,4.003622214375103,3,2025-11-03
JPM,JPMorgan Chase,329.409,4.834919812335947,3.9877432944411373,3,2025-11-04
JPM,JPMorgan Chase,327.6963,4.787979947996024,3.9973235282404582,3,2025-11-05
JPM,JPMorgan Chase,326.7844,4.770039658677772,4.036405029228481,3,2025-11-06
JPM,JPMorgan Chase,324.5932,4.74186421587453,4.02659178474028,3,2025-11-07
K,Kellanova,85.5043,7.586899995803833,0.863500013947486,3,2025-10-25
K,Kellanova,86.1886,7.519153049984273,0.8680310999290831,3,2025-10-26
K,Kellanova,85.964,7.559794287842861,0.861839437975048,3,2025-10-27
K,Kellanova,85.6946,7.484949262466738,0.8638876616138029,3,2025-10-28
K,Kellanova,85.7528,7.520320328447033,0.8654671965235877,3,2025-10-29
K,Kellanova,85.9385,7.488037438376072,0.8694696896214585,3,2025-10-30
K,Kellanova,85.9454,7.433063248543233,0.8612704465057271,3,2025-10-31
K,Kellanova,85.8588,7.383775550427863,0.8572865461460341,3,2025-11-01
K,Kellanova,86.2782,7.422509747096717,0.8495914255395374,3,2025-11-02
K,Kellanova,86.5197,7.399901000513649,0.8548070451290074,3,2025-11-03
K,Kellanova,86.6479,7.404534222321545,0.8525893332500514,3,2025-11-04
K,Kellanova,86.5809,7.44378252313855,0.8497615133418817,3,2025-11-05
K,Kellanova,86.583,7.506613175069488,0.8450847167039555,3,2025-11-06
K,Kellanova,85.8075,7.447895907483129,0.8428138162358985,3,2025-11-07
KDP,Keurig Dr Pepper,29.764,3.312099874019623,5.405600070953369,7,2025-10-25
KDP,Keurig Dr Pepper,30.907,3.327233918524579,5.3911189455418445,7,2025-10-26
KDP,Keurig Dr Pepper,30.4747,3.3317097414685017,5.358022762487476,7,2025-10-27
KDP,Keurig Dr Pepper,29.778,3.3210980082197765,5.403349638219854,7,2025-10-28
KDP,Keurig Dr Pepper,29.6432,3.343617884536347,5.406206008254837,7,2025-10-29
KDP,Keurig Dr Pepper,29.736,3.325252986592537,5.417069741993855,7,2025-10-30
KDP,Keurig Dr Pepper,29.8259,3.3286770661767315,5.370948522428232,7,2025-10-31
KDP,Keurig Dr Pepper,29.8247,3.29693304555311,5.3896499120725645,7,2025-11-01
KDP,Keurig Dr Pepper,28.6772,3.3223384687600426,5.381928697082809,7,2025-11-02
KDP,Keurig Dr Pepper,28.2186,3.350429429426821,5.379101795459996,7,2025-11-03
KDP,Keurig Dr Pepper,28.3427,3.3235604119070996,5.355562849376281,7,2025-11-04
KDP,Keurig Dr Pepper,28.6704,3.3376730840534363,5.367639715248743,7,2025-11-05
KDP,Keurig Dr Pepper,28.7405,3.355666274015871,5.345163579437607,7,2025-11-06
KDP,Keurig Dr Pepper,28.6115,3.3328598596542274,5.303624559517172,7,2025-11-07
KEY,KeyCorp,18.1967,0.006999999750405,7.934799790382385,3,2025-10-25
KEY,KeyCorp,18.0904,0.006951992644985544,7.985919775474722,3,2025-10-26
KEY,KeyCorp,17.9454,0.006993460162532613,7.911846671439211,3,2025-10-27
KEY,KeyCorp,18.0359,0.0069481716972022295,7.982001218389068,3,2025-10-28
KEY,KeyCorp,18.1981,0.006996960040309694,8.012505291350859,3,2025-10-29
KEY,KeyCorp,18.2447,0.006942814894261539,8.04433320734834,3,2025-10-30
KEY,KeyCorp,18.1775,0.006938439017081782,8.075629850213566,3,2025-10-31
KEY,KeyCorp,18.1018,0.0069732907319847515,8.115434723868269,3,2025-11-01
KEY,KeyCorp,18.2561,0.006994865268467759,8.039698848412433,3,2025-11-02
KEY,KeyCorp,18.4229,0.007030049010309145,8.048733548562092,3,2025-11-03
KEY,KeyCorp,18.5633,0.007000929504764789,8.026147698590613,3,2025-11-04
KEY,KeyCorp,18.5742,0.00694122088537614,8.033465557878639,3,2025-11-05
KEY,KeyCorp,18.4277,0.007008433501277426,8.110610635208008,3,2025-11-06
KEY,KeyCorp,18.2262,0.0070486602162927415,8.110664372725285,3,2025-11-07
KEYS,Keysight Technologies,166.9597,8.596799969673157,0.538400001823902,2,2025-10-25
KEYS,Keysight Technologies,165.8403,8.52659123063022,0.5407498374053364,2,2025-10-26
KEYS,Keysight Technologies,166.361,8.609145027850806,0.5414496928595535,2,2025-10-27
KEYS,Keysight Technologies,166.2817,8.691669774931453,0.5449605212036298,2,2025-10-28
KEYS,Keysight Technologies,165.6639,8.656387108492538,0.549067688050438,2,2025-10-29
KEYS,Keysight Technologies,165.5938,8.698071906859127,0.5447909351070791,2,2025-10-30
KEYS,Keysight Technologies,165.7515,8.65514891493064,0.548816070676615,2,2025-10-31
KEYS,Keysight Technologies,165.7655,8.703304695418675,0.5453091879547942,2,2025-11-01
KEYS,Keysight Technologies,166.8773,8.70635315078576,0.5439961003177857,2,2025-11-02
KEYS,Keysight Technologies,167.6776,8.656447092378661,0.5406583689266351,2,2025-11-03
KEYS,Keysight Technologies,167.9379,8.70616786938829,0.5370998431233297,2,2025-11-04
KEYS,Keysight Technologies,167.5284,8.62033999525108,0.5351250382855984,2,2025-11-05
KEYS,Keysight Technologies,166.4151,8.651062056463147,0.5363496540454159,2,2025-11-06
KEYS,Keysight Technologies,166.0501,8.675718389199366,0.533257037115378,2,2025-11-07
KHC,Kraft Heinz,27.4411,6.290000081062317,2.799899876117706,2,2025-10-25
KHC,Kraft Heinz,28.9469,6.284347608650457,2.825564235500772,2,2025-10-26
KHC,Kraft Heinz,28.6382,6.232023703569891,2.820866903336016,2,2025-10-27
KHC,Kraft Heinz,27.59,6.257066861989067,2.822133638933199,2,2025-10-28
KHC,Kraft Heinz,27.4196,6.212726313484473,2.8147563568364102,2,2025-10-29
KHC,Kraft Heinz,27.5941,6.195168858720922,2.8035480549822123,2,2025-10-30
KHC,Kraft Heinz,27.7382,6.162270549260093,2.8216796804660715,2,2025-10-31
KHC,Kraft Heinz,27.7228,6.207801572043114,2.800149772649617,2,2025-11-01
KHC,Kraft Heinz,26.3374,6.2012485318745005,2.7940857722069974,2,2025-11-02
KHC,Kraft Heinz,25.6913,6.168783072387711,2.820468750028021,2,2025-11-03
KHC,Kraft Heinz,25.6127,6.2030708713335825,2.8439161305263414,2,2025-11-04
KHC,Kraft Heinz,25.901,6.2402160903247506,2.8363811746991776,2,2025-11-05
KHC,Kraft Heinz,26.0597,6.220557891522853,2.832101540008702,2,2025-11-06
KHC,Kraft Heinz,26.1355,6.164619006205338,2.8110322533725887,2,2025-11-07
KIM,Kimco Realty,22.159,8.498799800872803,0.0,1,2025-10-25
KIM,Kimco Realty,22.0821,8.456202511000239,0.0,1,2025-10-26
KIM,Kimco Realty,22.1315,8.448619374977184,0.0,1,2025-10-27
KIM,Kimco Realty,22.109,8.390116995942707,0.0,1,2025-10-28
KIM,Kimco Realty,22.0865,8.349949044972837,0.0,1,2025-10-29
KIM,Kimco Realty,22.0753,8.33889128742178,0.0,1,2025-10-30
KIM,Kimco Realty,22.0728,8.332255388048369,0.0,1,2025-10-31
KIM,Kimco Realty,22.0834,8.293543585767814,0.0,1,2025-11-01
KIM,Kimco Realty,22.1534,8.327894476784504,0.0,1,2025-11-02
KIM,Kimco Realty,22.1685,8.250084582642614,0.0,1,2025-11-03
KIM,Kimco Realty,22.1824,8.237550648286199,0.0,1,2025-11-04
KIM,Kimco Realty,22.1835,8.318449620023095,0.0,1,2025-11-05
KIM,Kimco Realty,22.1814,8.392530846719959,0.0,1,2025-11-06
KIM,Kimco Realty,22.045,8.445239419884325,0.0,1,2025-11-07
KKR,KKR & Co.,132.1401,1.5726999938488002,10.013099908828735,2,2025-10-25
KKR,KKR & Co.,137.6698,1.5661448009368328,10.017955852441085,2,2025-10-26
KKR,KKR & Co.,134.9161,1.5612815215576796,10.047419450689729,2,2025-10-27
KKR,KKR & Co.,131.4137,1.5484480972075676,10.05831793786237,2,2025-10-28
KKR,KKR & Co.,130.979,1.540609298595492,9.982180422013311,2,2025-10-29
KKR,KKR & Co.,132.2179,1.5558145777269494,10.054359078755494,2,2025-10-30
KKR,KKR & Co.,134.2915,1.570893872440921,10.067538332961677,2,2025-10-31
KKR,KKR & Co.,135.0368,1.5712141738169594,10.002282844461671,2,2025-11-01
KKR,KKR & Co.,134.3587,1.5691199901735537,9.941028188503527,2,2025-11-02
KKR,KKR & Co.,132.142,1.5722201951582946,10.02689121806449,2,2025-11-03
KKR,KKR & Co.,131.1617,1.5719981808543688,10.042780469570811,2,2025-11-04
KKR,KKR & Co.,132.3205,1.5655893200753492,10.128719782216649,2,2025-11-05
KKR,KKR & Co.,133.8963,1.5699608514306675,10.121104337492211,2,2025-11-06
KKR,KKR & Co.,133.7989,1.5615047725634383,10.027616434685568,2,2025-11-07
KLAC,KLA Corporation,988.8678,-8.585299849510193,0.0,1,2025-10-25
KLAC,KLA Corporation,937.9157,-8.612705744129174,0.0,1,2025-10-26
KLAC,KLA Corporation,948.5858,-8.539256838432783,0.0,1,2025-10-27
KLAC,KLA Corporation,955.6621,-8.540681152618737,0.0,1,2025-10-28
KLAC,KLA Corporation,952.1893,-8.567666525241698,0.0,1,2025-10-29
KLAC,KLA Corporation,944.9135,-8.568391608812542,0.0,1,2025-10-30
KLAC,KLA Corporation,945.5551,-8.636884782049625,0.0,1,2025-10-31
KLAC,KLA Corporation,947.4688,-8.594334733345661,0.0,1,2025-11-01
KLAC,KLA Corporation,903.8147,-8.554100567951133,0.0,1,2025-11-02
KLAC,KLA Corporation,885.6706,-8.625921717411098,0.0,1,2025-11-03
KLAC,KLA Corporation,904.7564,-8.624204838865538,0.0,1,2025-11-04
KLAC,KLA Corporation,920.6161,-8.590641617289736,0.0,1,2025-11-05
KLAC,KLA Corporation,926.012,-8.550073848045233,0.0,1,2025-11-06
KLAC,KLA Corporation,918.5612,-8.53264458787612,0.0,1,2025-11-07
KMB,Kimberly-Clark,125.7309,-4.166499972343445,0.0,1,2025-10-25
KMB,Kimberly-Clark,127.517,-4.1291319517921075,0.0,1,2025-10-26
KMB,Kimberly-Clark,126.4946,-4.1539483762224565,0.0,1,2025-10-27
KMB,Kimberly-Clark,125.6414,-4.137006144973074,0.0,1,2025-10-28
KMB,Kimberly-Clark,125.7792,-4.163631693655068,0.0,1,2025-10-29
KMB,Kimberly-Clark,125.9177,-4.127463003252837,0.0,1,2025-10-30
KMB,Kimberly-Clark,125.9304,-4.140351903525013,0.0,1,2025-10-31
KMB,Kimberly-Clark,125.9295,-4.142166332858298,0.0,1,2025-11-01
KMB,Kimberly-Clark,124.3465,-4.1824774496932715,0.0,1,2025-11-02
KMB,Kimberly-Clark,124.149,-4.167195184540882,0.0,1,2025-11-03
KMB,Kimberly-Clark,123.8303,-4.157217646087284,0.0,1,2025-11-04
KMB,Kimberly-Clark,124.3091,-4.1864381036802065,0.0,1,2025-11-05
KMB,Kimberly-Clark,124.7777,-4.168630375301745,0.0,1,2025-11-06
KMB,Kimberly-Clark,124.7212,-4.139903057249675,0.0,1,2025-11-07
KMI,Kinder Morgan,28.2771,7.850199937820435,0.0,1,2025-10-25
KMI,Kinder Morgan,29.3398,7.817896120172254,0.0,1,2025-10-26
KMI,Kinder Morgan,29.2282,7.880586233921513,0.0,1,2025-10-27
KMI,Kinder Morgan,28.9562,7.81379562515041,0.0,1,2025-10-28
KMI,Kinder Morgan,28.9442,7.85982298887851,0.0,1,2025-10-29
KMI,Kinder Morgan,29.0488,7.791317440217803,0.0,1,2025-10-30
KMI,Kinder Morgan,29.0219,7.7300762629124256,0.0,1,2025-10-31
KMI,Kinder Morgan,29.0308,7.662797773784221,0.0,1,2025-11-01
KMI,Kinder Morgan,29.1023,7.707154920098141,0.0,1,2025-11-02
KMI,Kinder Morgan,29.1332,7.78182080631994,0.0,1,2025-11-03
KMI,Kinder Morgan,29.2133,7.711698285551072,0.0,1,2025-11-04
KMI,Kinder Morgan,29.2023,7.747411208558862,0.0,1,2025-11-05
KMI,Kinder Morgan,29.1945,7.7677064041312445,0.0,1,2025-11-06
KMI,Kinder Morgan,28.947,7.771965427015794,0.0,1,2025-11-07
KMX,CarMax,57.91,6.3603997230529785,0.0,1,2025-10-25
KMX,CarMax,59.8549,6.420845095087553,0.0,1,2025-10-26
KMX,CarMax,57.505,6.372430570937014,0.0,1,2025-10-27
KMX,CarMax,55.4053,6.351366762284336,0.0,1,2025-10-28
KMX,CarMax,55.3154,6.391505731218515,0.0,1,2025-10-29
KMX,CarMax,55.3149,6.366745378830155,0.0,1,2025-10-30
KMX,CarMax,55.677,6.357586859281362,0.0,1,2025-10-31
KMX,CarMax,56.2356,6.399163754754615,0.0,1,2025-11-01
KMX,CarMax,54.2919,6.4101305741165735,0.0,1,2025-11-02
KMX,CarMax,53.6253,6.395830156646504,0.0,1,2025-11-03
KMX,CarMax,53.9444,6.394899451071981,0.0,1,2025-11-04
KMX,CarMax,54.2698,6.3791487997085365,0.0,1,2025-11-05
KMX,CarMax,53.7107,6.4319474010726765,0.0,1,2025-11-06
KMX,CarMax,52.7506,6.452386779387793,0.0,1,2025-11-07
KO,Coca-Cola Company (The),69.512,2.985399961471557,5.4339998960494995,3,2025-10-25
KO,Coca-Cola Company (The),69.5076,3.0037827083823125,5.40792286991318,3,2025-10-26
KO,Coca-Cola Company (The),69.519,3.0197990495322853,5.455535919574945,3,2025-10-27
KO,Coca-Cola Company (The),69.3225,3.049432172067721,5.4730487095971485,3,2025-10-28
KO,Coca-Cola Company (The),69.2336,3.0303799211068183,5.4371446021526095,3,2025-10-29
KO,Coca-Cola Company (The),69.2603,3.051259217042582,5.482363512276923,3,2025-10-30
KO,Coca-Cola Company (The),69.3513,3.045473625429837,5.494395123050041,3,2025-10-31
KO,Coca-Cola Company (The),69.3316,3.0466868030717094,5.531648754958075,3,2025-11-01
KO,Coca-Cola Company (The),67.7914,3.037958735532903,5.4833331510395125,3,2025-11-02
KO,Coca-Cola Company (The),67.1447,3.031857668606892,5.494225333736397,3,2025-11-03
KO,Coca-Cola Company (The),67.5997,3.009022308887586,5.5412418221005835,3,2025-11-04
KO,Coca-Cola Company (The),67.9293,3.0255425523163058,5.503690366951733,3,2025-11-05
KO,Coca-Cola Company (The),67.9378,3.008474107658879,5.523125247277802,3,2025-11-06
KO,Coca-Cola Company (The),67.9145,3.023966915161232,5.480219810374272,3,2025-11-07
KR,Kroger,69.1012,3.506999909877777,5.702599883079529,2,2025-10-25
KR,Kroger,70.8448,3.513534502170064,5.738730989632636,2,2025-10-26
KR,Kroger,70.943,3.5297512414184533,5.748603209067114,2,2025-10-27
KR,Kroger,70.3682,3.501396331632717,5.799107237377532,2,2025-10-28
KR,Kroger,70.3303,3.513703215023705,5.814725297180857,2,2025-10-29
KR,Kroger,70.5314,3.489979729580893,5.839268809692405,2,2025-10-30
KR,Kroger,70.6374,3.4851383548721606,5.862040026945973,2,2025-10-31
KR,Kroger,70.4439,3.492827453640358,5.881711969575361,2,2025-11-01
KR,Kroger,72.4476,3.4842316271526883,5.844367046154234,2,2025-11-02
KR,Kroger,73.4118,3.4959893441165932,5.832082636838504,2,2025-11-03
KR,Kroger,73.9218,3.526103155611041,5.876147573121349,2,2025-11-04
KR,Kroger,73.4786,3.5445653703773905,5.836109052871774,2,2025-11-05
KR,Kroger,72.9136,3.5778018036656154,5.844018383169477,2,2025-11-06
KR,Kroger,72.4076,3.5675649907172478,5.816065903421553,2,2025-11-07
KVUE,Kenvue,18.6287,7.188299894332886,0.0,1,2025-10-25
KVUE,Kenvue,19.6843,7.1588288627526815,0.0,1,2025-10-26
KVUE,Kenvue,19.2615,7.221275308177708,0.0,1,2025-10-27
KVUE,Kenvue,18.7734,7.284131580245521,0.0,1,2025-10-28
KVUE,Kenvue,18.7521,7.351195920752125,0.0,1,2025-10-29
KVUE,Kenvue,18.7905,7.385468533065236,0.0,1,2025-10-30
KVUE,Kenvue,18.8354,7.396616936516566,0.0,1,2025-10-31
KVUE,Kenvue,18.8351,7.370235958629846,0.0,1,2025-11-01
KVUE,Kenvue,18.4112,7.3424257185193085,0.0,1,2025-11-02
KVUE,Kenvue,18.0553,7.318772863977887,0.0,1,2025-11-03
KVUE,Kenvue,18.0912,7.299387946863307,0.0,1,2025-11-04
KVUE,Kenvue,18.3973,7.282871500161947,0.0,1,2025-11-05
KVUE,Kenvue,18.5475,7.215732041885536,0.0,1,2025-11-06
KVUE,Kenvue,18.343,7.25413459310246,0.0,1,2025-11-07
L,Loews Corporation,96.6852,2.2499,5.870800000000001,20,2025-10-25
L,Loews Corporation,95.5815,2.247487430916585,5.821156844871529,20,2025-10-26
L,Loews Corporation,95.9751,2.2626245001584073,5.858385771253358,20,2025-10-27
L,Loews Corporation,95.9521,2.2751240214248654,5.87286928051088,20,2025-10-28
L,Loews Corporation,96.6431,2.277809863144569,5.822815588915049,20,2025-10-29
L,Loews Corporation,96.8471,2.2891937067334807,5.777465599729863,20,2025-10-30
L,Loews Corporation,96.6377,2.2772241265113724,5.793579650530495,20,2025-10-31
L,Loews Corporation,95.8985,2.2659194461122736,5.849401255433123,20,2025-11-01
L,Loews Corporation,97.125,2.2793348534137152,5.839730177202452,20,2025-11-02
L,Loews Corporation,97.6974,2.2704232779003166,5.78763853308653,20,2025-11-03
L,Loews Corporation,97.6514,2.278134371634085,5.757563641384703,20,2025-11-04
L,Loews Corporation,97.4449,2.2749624329703666,5.776608130147375,20,2025-11-05
L,Loews Corporation,96.8817,2.2529005436814944,5.79247002061347,20,2025-11-06
L,Loews Corporation,96.3548,2.240419636699496,5.810042096602029,20,2025-11-07
LDOS,Leidos,194.941,7.954000234603882,0.0,1,2025-10-25
LDOS,Leidos,198.6341,7.957376855392716,0.0,1,2025-10-26
LDOS,Leidos,198.6454,8.024281275279556,0.0,1,2025-10-27
LDOS,Leidos,197.5558,8.065836231809923,0.0,1,2025-10-28
LDOS,Leidos,197.2394,8.039918951186047,0.0,1,2025-10-29
LDOS,Leidos,197.4554,8.075205674307222,0.0,1,2025-10-30
LDOS,Leidos,197.8446,8.142325158130216,0.0,1,2025-10-31
LDOS,Leidos,197.9134,8.183902497391317,0.0,1,2025-11-01
LDOS,Leidos,200.8911,8.254443777888147,0.0,1,2025-11-02
LDOS,Leidos,202.6031,8.280559988914508,0.0,1,2025-11-03
LDOS,Leidos,202.5601,8.326551669285967,0.0,1,2025-11-04
LDOS,Leidos,202.5155,8.270465626759721,0.0,1,2025-11-05
LDOS,Leidos,201.6791,8.315233682094808,0.0,1,2025-11-06
LDOS,Leidos,199.9055,8.278204448673696,0.0,1,2025-11-07
LEN,Lennar,130.9489,-2.0258000493049617,0.0,1,2025-10-25
LEN,Lennar,132.4033,-2.0063094311007745,0.0,1,2025-10-26
LEN,Lennar,131.4119,-2.0245018931043566,0.0,1,2025-10-27
LEN,Lennar,130.3503,-2.015055830036844,0.0,1,2025-10-28
LEN,Lennar,129.9251,-2.023142668533826,0.0,1,2025-10-29
LEN,Lennar,130.1956,-2.0425095462288043,0.0,1,2025-10-30
LEN,Lennar,130.3256,-2.0538227500875754,0.0,1,2025-10-31
LEN,Lennar,130.4643,-2.048650809825212,0.0,1,2025-11-01
LEN,Lennar,128.0748,-2.0457904385574586,0.0,1,2025-11-02
LEN,Lennar,126.7248,-2.0306869785968376,0.0,1,2025-11-03
LEN,Lennar,127.2656,-2.0340285644681413,0.0,1,2025-11-04
LEN,Lennar,128.9657,-2.0205481618775147,0.0,1,2025-11-05
LEN,Lennar,130.1118,-2.037395040779929,0.0,1,2025-11-06
LEN,Lennar,128.1848,-2.0547564981102533,0.0,1,2025-11-07
LH,Labcorp,269.6662,-0.646800026297569,3.908900022506714,2,2025-10-25
LH,Labcorp,267.0592,-0.6466375377606565,3.873291889383642,2,2025-10-26
LH,Labcorp,269.6172,-0.6513453690111166,3.882733689680719,2,2025-10-27
LH,Labcorp,271.5944,-0.6558483254726756,3.8768211846369933,2,2025-10-28
LH,Labcorp,271.9822,-0.6566873913998454,3.865917960846393,2,2025-10-29
LH,Labcorp,271.3544,-0.6590783815921942,3.861752133369631,2,2025-10-30
LH,Labcorp,269.927,-0.6586017355475324,3.879390653386997,2,2025-10-31
LH,Labcorp,270.5125,-0.6586029305730341,3.9154689841777643,2,2025-11-01
LH,Labcorp,277.8039,-0.6617968697568174,3.8989126837412225,2,2025-11-02
LH,Labcorp,280.3186,-0.6591793691064471,3.869243583195204,2,2025-11-03
LH,Labcorp,280.6494,-0.6588215736577859,3.8401393146442007,2,2025-11-04
LH,Labcorp,279.2962,-0.6613998723287828,3.849922359979573,2,2025-11-05
LH,Labcorp,278.6215,-0.6558755907649136,3.8592598519804553,2,2025-11-06
LH,Labcorp,277.5751,-0.6608958897387284,3.865870210814467,2,2025-11-07
LHX,L3Harris,296.0464,4.225099980831146,5.7051002979278564,2,2025-10-25
LHX,L3Harris,297.4107,4.2060828903572265,5.683168611647536,2,2025-10-26
LHX,L3Harris,295.9162,4.193635118700638,5.668319603401799,2,2025-10-27
LHX,L3Harris,294.6382,4.204812951773858,5.723881913383322,2,2025-10-28
LHX,L3Harris,294.6434,4.190038761562269,5.672944360299465,2,2025-10-29
LHX,L3Harris,295.1108,4.201790114345151,5.678240029230175,2,2025-10-30
LHX,L3Harris,295.4846,4.196543584361087,5.657427063327592,2,2025-10-31
LHX,L3Harris,295.3293,4.231594683600371,5.7063215664889455,2,2025-11-01
LHX,L3Harris,292.8872,4.269117196002429,5.754539693031102,2,2025-11-02
LHX,L3Harris,293.4429,4.273434996868586,5.740199481976513,2,2025-11-03
LHX,L3Harris,294.4445,4.279136528876073,5.778767708822294,2,2025-11-04
LHX,L3Harris,294.6814,4.2872897771820435,5.834307580506362,2,2025-11-05
LHX,L3Harris,294.4217,4.256370981308284,5.797127185974534,2,2025-11-06
LHX,L3Harris,291.9984,4.29380189072842,5.758988558458885,2,2025-11-07
LII,Lennox International,531.46,-4.5928001403808585,6.619799733161926,2,2025-10-25
LII,Lennox International,550.9006,-4.557310729436379,6.593582659928352,2,2025-10-26
LII,Lennox International,543.3436,-4.5789567669782985,6.596890057232453,2,2025-10-27
LII,Lennox International,530.5231,-4.596271645670426,6.649572126066211,2,2025-10-28
LII,Lennox International,527.3212,-4.611601052586462,6.6846746392634495,2,2025-10-29
LII,Lennox International,530.5124,-4.619981188697426,6.6690993511984376,2,2025-10-30
LII,Lennox International,533.0551,-4.6528771132350295,6.664618767235718,2,2025-10-31
LII,Lennox International,533.2437,-4.628395095324705,6.651192291100826,2,2025-11-01
LII,Lennox International,527.394,-4.671048305880212,6.594144343667707,2,2025-11-02
LII,Lennox International,523.9363,-4.693757803632761,6.596370853009536,2,2025-11-03
LII,Lennox International,523.9954,-4.689999173896959,6.588983080748632,2,2025-11-04
LII,Lennox International,526.4577,-4.66561498713418,6.600727609248068,2,2025-11-05
LII,Lennox International,526.3532,-4.647002310654255,6.624611026731157,2,2025-11-06
LII,Lennox International,520.9448,-4.600685130556602,6.66615708153853,2,2025-11-07
LIN,Linde plc,458.2744,8.703399896621704,0.0,1,2025-10-25
LIN,Linde plc,463.3985,8.683531896164554,0.0,1,2025-10-26
LIN,Linde plc,461.719,8.694932707385263,0.0,1,2025-10-27
LIN,Linde plc,458.5868,8.62253937626281,0.0,1,2025-10-28
LIN,Linde plc,458.4204,8.669036104400154,0.0,1,2025-10-29
LIN,Linde plc,458.9831,8.613007066753914,0.0,1,2025-10-30
LIN,Linde plc,459.2757,8.69250429341173,0.0,1,2025-10-31
LIN,Linde plc,459.0193,8.631140429884015,0.0,1,2025-11-01
LIN,Linde plc,457.6971,8.672581955483103,0.0,1,2025-11-02
LIN,Linde plc,457.8147,8.593590431189817,0.0,1,2025-11-03
LIN,Linde plc,457.9152,8.623205902229268,0.0,1,2025-11-04
LIN,Linde plc,458.0629,8.655326140299504,0.0,1,2025-11-05
LIN,Linde plc,457.3163,8.733005023107737,0.0,1,2025-11-06
LIN,Linde plc,456.2484,8.655775769663908,0.0,1,2025-11-07
LKQ,LKQ Corporation,32.1945,-7.853000164031982,0.0,1,2025-10-25
LKQ,LKQ Corporation,33.0484,-7.892252391307692,0.0,1,2025-10-26
LKQ,LKQ Corporation,32.764,-7.886921802617704,0.0,1,2025-10-27
LKQ,LKQ Corporation,31.9012,-7.881935817193437,0.0,1,2025-10-28
LKQ,LKQ Corporation,31.8756,-7.893442063916029,0.0,1,2025-10-29
LKQ,LKQ Corporation,31.9705,-7.929401249771004,0.0,1,2025-10-30
LKQ,LKQ Corporation,32.0623,-7.901440700879015,0.0,1,2025-10-31
LKQ,LKQ Corporation,32.0683,-7.8740752954828945,0.0,1,2025-11-01
LKQ,LKQ Corporation,32.097,-7.92947548075373,0.0,1,2025-11-02
LKQ,LKQ Corporation,32.0878,-8.001248420511212,0.0,1,2025-11-03
LKQ,LKQ Corporation,31.9602,-7.944244481032952,0.0,1,2025-11-04
LKQ,LKQ Corporation,31.9565,-7.966014133049725,0.0,1,2025-11-05
LKQ,LKQ Corporation,31.9876,-7.929981535934764,0.0,1,2025-11-06
LKQ,LKQ Corporation,32.1918,-7.89008653408315,0.0,1,2025-11-07
LLY,Lilly (Eli),858.4549,0.850400030612945,7.478799819946289,12,2025-10-25
LLY,Lilly (Eli),867.6791,0.8493888149882498,7.489587589742699,12,2025-10-26
LLY,Lilly (Eli),860.1835,0.8528578176049649,7.493079814089711,12,2025-10-27
LLY,Lilly (Eli),846.5159,0.8518676425690886,7.56386277819235,12,2025-10-28
LLY,Lilly (Eli),844.6746,0.8515164724734045,7.577299461947599,12,2025-10-29
LLY,Lilly (Eli),848.8439,0.8589393613410743,7.604911109642698,12,2025-10-30
LLY,Lilly (Eli),854.5065,0.8608676789889383,7.5864638421839965,12,2025-10-31
LLY,Lilly (Eli),856.1446,0.8645403994887799,7.607439326091468,12,2025-11-01
LLY,Lilly (Eli),818.774,0.8660438724571402,7.6718676215061645,12,2025-11-02
LLY,Lilly (Eli),801.831,0.8736359497092374,7.664388616377037,12,2025-11-03
LLY,Lilly (Eli),808.01,0.8760783098585841,7.617647099587619,12,2025-11-04
LLY,Lilly (Eli),824.8135,0.8721814877841914,7.604690021562794,12,2025-11-05
LLY,Lilly (Eli),832.0675,0.8684485012780777,7.576407839352945,12,2025-11-06
LLY,Lilly (Eli),827.26,0.8770481900466642,7.509348757850037,12,2025-11-07
LMT,Lockheed Martin,507.3639,-9.030100107192991,0.0,1,2025-10-25
LMT,Lockheed Martin,518.303,-9.095908546140535,0.0,1,2025-10-26
LMT,Lockheed Martin,516.098,-9.084105127510659,0.0,1,2025-10-27
LMT,Lockheed Martin,510.1806,-9.111716397823406,0.0,1,2025-10-28
LMT,Lockheed Martin,508.7813,-9.066975388895989,0.0,1,2025-10-29
LMT,Lockheed Martin,510.1776,-9.056474632208024,0.0,1,2025-10-30
LMT,Lockheed Martin,510.8971,-9.019427961741988,0.0,1,2025-10-31
LMT,Lockheed Martin,510.3015,-9.097917964226736,0.0,1,2025-11-01
LMT,Lockheed Martin,506.4612,-9.093209209400433,0.0,1,2025-11-02
LMT,Lockheed Martin,507.2002,-9.036554451995151,0.0,1,2025-11-03
LMT,Lockheed Martin,508.3535,-9.029611142204601,0.0,1,2025-11-04
LMT,Lockheed Martin,508.3442,-8.994087094943831,0.0,1,2025-11-05
LMT,Lockheed Martin,507.4945,-9.019468544514963,0.0,1,2025-11-06
LMT,Lockheed Martin,503.8144,-8.93008345421575,0.0,1,2025-11-07
LNT,Alliant Energy,70.1567,-9.166499972343443,0.0,1,2025-10-25
LNT,Alliant Energy,70.5283,-9.10502736332473,0.0,1,2025-10-26
LNT,Alliant Energy,70.0596,-9.079252090117086,0.0,1,2025-10-27
LNT,Alliant Energy,69.8085,-9.13216564962785,0.0,1,2025-10-28
LNT,Alliant Energy,69.7452,-9.222577071918215,0.0,1,2025-10-29
LNT,Alliant Energy,69.8264,-9.240032392895287,0.0,1,2025-10-30
LNT,Alliant Energy,69.9439,-9.173084194755889,0.0,1,2025-10-31
LNT,Alliant Energy,69.9454,-9.101551683646665,0.0,1,2025-11-01
LNT,Alliant Energy,69.9811,-9.178147589739586,0.0,1,2025-11-02
LNT,Alliant Energy,69.9552,-9.204803675848472,0.0,1,2025-11-03
LNT,Alliant Energy,70.0337,-9.20728500129193,0.0,1,2025-11-04
LNT,Alliant Energy,70.0527,-9.270406336929822,0.0,1,2025-11-05
LNT,Alliant Energy,70.043,-9.29492775315805,0.0,1,2025-11-06
LNT,Alliant Energy,69.6331,-9.27574538868222,0.0,1,2025-11-07
LOW,Lowe's,250.0374,7.39870011806488,0.0,1,2025-10-25
LOW,Lowe's,251.8732,7.429064833722699,0.0,1,2025-10-26
LOW,Lowe's,250.8129,7.411018073474374,0.0,1,2025-10-27
LOW,Lowe's,250.1785,7.413598333103879,0.0,1,2025-10-28
LOW,Lowe's,250.3128,7.476730710078631,0.0,1,2025-10-29
LOW,Lowe's,250.6098,7.447589009348751,0.0,1,2025-10-30
LOW,Lowe's,250.5945,7.4948638471523426,0.0,1,2025-10-31
LOW,Lowe's,250.5392,7.438752712970787,0.0,1,2025-11-01
LOW,Lowe's,248.4213,7.37976422072846,0.0,1,2025-11-02
LOW,Lowe's,248.1571,7.373245169916688,0.0,1,2025-11-03
LOW,Lowe's,249.8054,7.358954735269513,0.0,1,2025-11-04
LOW,Lowe's,250.652,7.396096264514642,0.0,1,2025-11-05
LOW,Lowe's,250.0682,7.4043733488746675,0.0,1,2025-11-06
LOW,Lowe's,248.1668,7.414847195065459,0.0,1,2025-11-07
LRCX,Lam Research,124.2558,-6.349300146102905,0.0,1,2025-10-25
LRCX,Lam Research,117.3634,-6.375078474251147,0.0,1,2025-10-26
LRCX,Lam Research,116.4017,-6.3466371925901175,0.0,1,2025-10-27
LRCX,Lam Research,119.8104,-6.3387657672745785,0.0,1,2025-10-28
LRCX,Lam Research,120.5949,-6.2832629029719635,0.0,1,2025-10-29
LRCX,Lam Research,120.1058,-6.300704161765474,0.0,1,2025-10-30
LRCX,Lam Research,120.2542,-6.310791738052175,0.0,1,2025-10-31
LRCX,Lam Research,119.8923,-6.308360881561017,0.0,1,2025-11-01
LRCX,Lam Research,121.8393,-6.359978403850173,0.0,1,2025-11-02
LRCX,Lam Research,122.3988,-6.317562138211254,0.0,1,2025-11-03
LRCX,Lam Research,122.2031,-6.260838462332685,0.0,1,2025-11-04
LRCX,Lam Research,121.8643,-6.315662084389508,0.0,1,2025-11-05
LRCX,Lam Research,121.8548,-6.3670078806280594,0.0,1,2025-11-06
LRCX,Lam Research,121.8969,-6.354000016047435,0.0,1,2025-11-07
LULU,Lululemon Athletica,120.0858,0.389400012791156,0.0,1,2025-10-25
LULU,Lululemon Athletica,115.9355,0.389756726589021,0.0,1,2025-10-26
LULU,Lululemon Athletica,137.8552,0.38825726408743744,0.0,1,2025-10-27
LULU,Lululemon Athletica,173.4121,0.3894044655476875,0.0,1,2025-10-28
LULU,Lululemon Athletica,156.3291,0.3869907530372119,0.0,1,2025-10-29
LULU,Lululemon Athletica,119.5451,0.3864450611141167,0.0,1,2025-10-30
LULU,Lululemon Athletica,117.4742,0.38584406900202084,0.0,1,2025-10-31
LULU,Lululemon Athletica,147.02,0.38618732789863086,0.0,1,2025-11-01
LULU,Lululemon Athletica,168.0896,0.3889335499740037,0.0,1,2025-11-02
LULU,Lululemon Athletica,148.0299,0.3867223416429893,0.0,1,2025-11-03
LULU,Lululemon Athletica,111.0821,0.38742844523690084,0.0,1,2025-11-04
LULU,Lululemon Athletica,119.8484,0.39049422679692436,0.0,1,2025-11-05
LULU,Lululemon Athletica,162.9461,0.39223167794241,0.0,1,2025-11-06
LULU,Lululemon Athletica,167.1353,0.39065172268011633,0.0,1,2025-11-07
LUV,Southwest Airlines,32.9055,-6.116999983787537,4.379000067710876,4,2025-10-25
LUV,Southwest Airlines,32.9455,-6.153443825548272,4.373468268635068,4,2025-10-26
LUV,Southwest Airlines,32.8593,-6.132384278292807,4.367664805205159,4,2025-10-27
LUV,Southwest Airlines,32.6857,-6.107619028487268,4.348484282178029,4,2025-10-28
LUV,Southwest Airlines,32.6781,-6.142552219029482,4.311819378723597,4,2025-10-29
LUV,Southwest Airlines,32.7253,-6.136760853792775,4.347240257312507,4,2025-10-30
LUV,Southwest Airlines,32.7344,-6.155455923321218,4.341484284983901,4,2025-10-31
LUV,Southwest Airlines,32.7766,-6.214737652515658,4.335736081870904,4,2025-11-01
LUV,Southwest Airlines,32.9097,-6.191876317390248,4.32743164275823,4,2025-11-02
LUV,Southwest Airlines,32.9289,-6.238831730133704,4.293359875263532,4,2025-11-03
LUV,Southwest Airlines,32.9964,-6.287892166189243,4.2944280732242275,4,2025-11-04
LUV,Southwest Airlines,33.0299,-6.310587060516306,4.301851548542293,4,2025-11-05
LUV,Southwest Airlines,32.9905,-6.2587717691643086,4.269878965576075,4,2025-11-06
LUV,Southwest Airlines,32.8116,-6.299402160825156,4.265911334805797,4,2025-11-07
LVS,Las Vegas Sands,55.4558,1.4003999531269071,5.576000213623047,6,2025-10-25
LVS,Las Vegas Sands,53.9603,1.3940284433519663,5.554459629242872,6,2025-10-26
LVS,Las Vegas Sands,54.407,1.403600456998126,5.522288837145859,6,2025-10-27
LVS,Las Vegas Sands,55.083,1.3948818556999136,5.522124027652491,6,2025-10-28
LVS,Las Vegas Sands,55.1749,1.405420164102284,5.573824007365765,6,2025-10-29
LVS,Las Vegas Sands,55.0073,1.4132036835099622,5.58994219444709,6,2025-10-30
LVS,Las Vegas Sands,55.1068,1.4215310708269775,5.595564969903906,6,2025-10-31
LVS,Las Vegas Sands,55.1521,1.4218753605783865,5.555059730415551,6,2025-11-01
LVS,Las Vegas Sands,55.6944,1.4078395851489185,5.596142637698448,6,2025-11-02
LVS,Las Vegas Sands,55.7321,1.4166452545728045,5.599005242849744,6,2025-11-03
LVS,Las Vegas Sands,55.5225,1.4298985999343756,5.609828559957611,6,2025-11-04
LVS,Las Vegas Sands,55.6602,1.4320641253177109,5.61013598268921,6,2025-11-05
LVS,Las Vegas Sands,55.7552,1.4183859471831957,5.654271439535635,6,2025-11-06
LVS,Las Vegas Sands,55.8153,1.4102279405944562,5.665898543759471,6,2025-11-07
LW,Lamb Weston,60.1457,8.614100217819214,0.0,1,2025-10-25
LW,Lamb Weston,55.2587,8.602623458806253,0.0,1,2025-10-26
LW,Lamb Weston,54.248,8.667151527012189,0.0,1,2025-10-27
LW,Lamb Weston,54.8361,8.651569381893516,0.0,1,2025-10-28
LW,Lamb Weston,57.9145,8.644118162772829,0.0,1,2025-10-29
LW,Lamb Weston,60.0302,8.701933697735711,0.0,1,2025-10-30
LW,Lamb Weston,59.2534,8.739747490051407,0.0,1,2025-10-31
LW,Lamb Weston,55.7074,8.665277213197342,0.0,1,2025-11-01
LW,Lamb Weston,57.4233,8.656280185463336,0.0,1,2025-11-02
LW,Lamb Weston,62.6324,8.617687801466934,0.0,1,2025-11-03
LW,Lamb Weston,65.2799,8.693559098099247,0.0,1,2025-11-04
LW,Lamb Weston,64.2215,8.686307361417212,0.0,1,2025-11-05
LW,Lamb Weston,60.2955,8.627245731245791,0.0,1,2025-11-06
LW,Lamb Weston,58.3384,8.546761128277149,0.0,1,2025-11-07
LYB,LyondellBasell,54.973,4.525499939918518,6.197400093078613,2,2025-10-25
LYB,LyondellBasell,57.2753,4.560952940644544,6.215997843784629,2,2025-10-26
LYB,LyondellBasell,54.4067,4.591815394290838,6.196306929291299,2,2025-10-27
LYB,LyondellBasell,50.9917,4.627697513833578,6.242416341579078,2,2025-10-28
LYB,LyondellBasell,50.6792,4.647545970712067,6.235474443209959,2,2025-10-29
LYB,LyondellBasell,51.8949,4.619636204268097,6.229405260762359,2,2025-10-30
LYB,LyondellBasell,53.3869,4.6635215173844715,6.186157539326139,2,2025-10-31
LYB,LyondellBasell,53.5494,4.690822454323382,6.172906757750967,2,2025-11-01
LYB,LyondellBasell,47.9477,4.737410618306226,6.192497289385228,2,2025-11-02
LYB,LyondellBasell,45.7331,4.7013338185945805,6.166517600824154,2,2025-11-03
LYB,LyondellBasell,47.2134,4.656427327092259,6.163746653423112,2,2025-11-04
LYB,LyondellBasell,50.3851,4.669373133041575,6.157799146248401,2,2025-11-05
LYB,LyondellBasell,51.488,4.645719973989085,6.130179007387254,2,2025-11-06
LYB,LyondellBasell,48.977,4.66414682212455,6.0884032742970104,2,2025-11-07
LYV,Live Nation Entertainment,164.0465,7.860900163650513,0.0,1,2025-10-25
LYV,Live Nation Entertainment,168.4254,7.896812538216256,0.0,1,2025-10-26
LYV,Live Nation Entertainment,166.6798,7.867561149896248,0.0,1,2025-10-27
LYV,Live Nation Entertainment,162.6607,7.896882048946326,0.0,1,2025-10-28
LYV,Live Nation Entertainment,160.1393,7.834487522759041,0.0,1,2025-10-29
LYV,Live Nation Entertainment,161.1198,7.861708231979646,0.0,1,2025-10-30
LYV,Live Nation Entertainment,165.1168,7.832669643877096,0.0,1,2025-10-31
LYV,Live Nation Entertainment,166.1784,7.82235416128521,0.0,1,2025-11-01
LYV,Live Nation Entertainment,172.7189,7.750288733431568,0.0,1,2025-11-02
LYV,Live Nation Entertainment,174.447,7.780156988191543,0.0,1,2025-11-03
LYV,Live Nation Entertainment,173.9667,7.759207633251704,0.0,1,2025-11-04
LYV,Live Nation Entertainment,172.3861,7.747051183006165,0.0,1,2025-11-05
LYV,Live Nation Entertainment,171.3987,7.769264019507698,0.0,1,2025-11-06
LYV,Live Nation Entertainment,170.8515,7.76731981515503,0.0,1,2025-11-07
MA,Mastercard,580.6891,-0.077700000256299,7.872700095176697,14,2025-10-25
MA,Mastercard,583.4557,-0.07844688224765858,7.854769501161583,14,2025-10-26
MA,Mastercard,582.4335,-0.0781993354809722,7.812303092771714,14,2025-10-27
MA,Mastercard,580.5457,-0.07763714756826358,7.861020081711796,14,2025-10-28
MA,Mastercard,580.3155,-0.07757380785393242,7.897193195645073,14,2025-10-29
MA,Mastercard,580.9639,-0.07749316697342666,7.952484895365774,14,2025-10-30
MA,Mastercard,580.6046,-0.07721697546758932,8.0237292936823,14,2025-10-31
MA,Mastercard,580.2561,-0.07654594643283026,8.063940502305254,14,2025-11-01
MA,Mastercard,587.3375,-0.07608411314476418,8.11284844472521,14,2025-11-02
MA,Mastercard,593.6555,-0.07636812546181297,8.109190197367445,14,2025-11-03
MA,Mastercard,594.0699,-0.07584756856169171,8.129588496130927,14,2025-11-04
MA,Mastercard,590.9052,-0.07637879468606999,8.20054043337299,14,2025-11-05
MA,Mastercard,589.4775,-0.07594470785263414,8.13758588780497,14,2025-11-06
MA,Mastercard,586.7926,-0.07520656248966091,8.13441764209796,14,2025-11-07
MAA,Mid-America Apartment Communities,137.8231,8.327100276947021,0.0,1,2025-10-25
MAA,Mid-America Apartment Communities,139.7706,8.27303679551491,0.0,1,2025-10-26
MAA,Mid-America Apartment Communities,139.4656,8.294633008981073,0.0,1,2025-10-27
MAA,Mid-America Apartment Communities,138.067,8.364107484601341,0.0,1,2025-10-28
MAA,Mid-America Apartment Communities,137.7817,8.374193261419773,0.0,1,2025-10-29
MAA,Mid-America Apartment Communities,138.1714,8.441890137001172,0.0,1,2025-10-30
MAA,Mid-America Apartment Communities,138.468,8.471603985519732,0.0,1,2025-10-31
MAA,Mid-America Apartment Communities,138.403,8.439740492951342,0.0,1,2025-11-01
MAA,Mid-America Apartment Communities,136.9846,8.491318864177938,0.0,1,2025-11-02
MAA,Mid-America Apartment Communities,136.8429,8.538063554257665,0.0,1,2025-11-03
MAA,Mid-America Apartment Communities,137.3589,8.596166030321463,0.0,1,2025-11-04
MAA,Mid-America Apartment Communities,137.459,8.529445413567672,0.0,1,2025-11-05
MAA,Mid-America Apartment Communities,137.1955,8.444758318543457,0.0,1,2025-11-06
MAA,Mid-America Apartment Communities,136.3268,8.514642977682723,0.0,1,2025-11-07
MAR,Marriott International,272.4517,-2.026199996471405,6.9450002908706665,2,2025-10-25
MAR,Marriott International,272.605,-2.0211185637811497,6.938590490702997,2,2025-10-26
MAR,Marriott International,272.1425,-2.026404139412593,6.879612192404465,2,2025-10-27
MAR,Marriott International,270.8203,-2.0264194320664166,6.948183840495871,2,2025-10-28
MAR,Marriott International,270.6679,-2.0159012791335886,6.912642580561721,2,2025-10-29
MAR,Marriott International,271.1007,-2.016765265705339,6.876779979963372,2,2025-10-30
MAR,Marriott International,271.5268,-1.9969269287996472,6.840490936707915,2,2025-10-31
MAR,Marriott International,271.4975,-1.9866238870626811,6.869208269527212,2,2025-11-01
MAR,Marriott International,272.4341,-2.0022807311964543,6.823916287318768,2,2025-11-02
MAR,Marriott International,273.1972,-1.9829111022922412,6.773329635510838,2,2025-11-03
MAR,Marriott International,273.8317,-1.9657937617318133,6.720053431584313,2,2025-11-04
MAR,Marriott International,273.4502,-1.9800596710028417,6.734570809394114,2,2025-11-05
MAR,Marriott International,273.9145,-1.970876266122106,6.711685828303768,2,2025-11-06
MAR,Marriott International,273.1605,-1.9869851324001524,6.719914373582077,2,2025-11-07
MAS,Masco,70.8833,0.22630000486969898,0.0,1,2025-10-25
MAS,Masco,72.1484,0.22842845018232885,0.0,1,2025-10-26
MAS,Masco,72.1378,0.2275147930726548,0.0,1,2025-10-27
MAS,Masco,72.0135,0.22774082150241992,0.0,1,2025-10-28
MAS,Masco,72.2311,0.22699313564899642,0.0,1,2025-10-29
MAS,Masco,72.3927,0.22593953735776845,0.0,1,2025-10-30
MAS,Masco,72.3452,0.22447942817045075,0.0,1,2025-10-31
MAS,Masco,72.2513,0.2242452394789269,0.0,1,2025-11-01
MAS,Masco,71.1766,0.2220172850046851,0.0,1,2025-11-02
MAS,Masco,70.4069,0.2232824291031723,0.0,1,2025-11-03
MAS,Masco,70.5405,0.22430842831696787,0.0,1,2025-11-04
MAS,Masco,70.7573,0.2258600242275416,0.0,1,2025-11-05
MAS,Masco,70.8177,0.22610047749332976,0.0,1,2025-11-06
MAS,Masco,70.3412,0.22531567479837059,0.0,1,2025-11-07
MCD,McDonald's,306.9619,5.921599864959717,0.0,1,2025-10-25
MCD,McDonald's,307.5979,5.970900035569824,0.0,1,2025-10-26
MCD,McDonald's,307.2121,5.9863773350191956,0.0,1,2025-10-27
MCD,McDonald's,306.2918,5.973639365648089,0.0,1,2025-10-28
MCD,McDonald's,306.3019,5.992677502727646,0.0,1,2025-10-29
MCD,McDonald's,306.3012,5.949249734342259,0.0,1,2025-10-30
MCD,McDonald's,306.4514,5.9242156661701735,0.0,1,2025-10-31
MCD,McDonald's,306.5145,5.87742167451045,0.0,1,2025-11-01
MCD,McDonald's,306.6544,5.847842866601565,0.0,1,2025-11-02
MCD,McDonald's,306.6385,5.797006627911491,0.0,1,2025-11-03
MCD,McDonald's,306.784,5.7455890200640996,0.0,1,2025-11-04
MCD,McDonald's,306.8133,5.7687907884672285,0.0,1,2025-11-05
MCD,McDonald's,306.7951,5.8129722870907905,0.0,1,2025-11-06
MCD,McDonald's,305.638,5.803000814216603,0.0,1,2025-11-07
MCHP,Microchip Technology,63.4287,8.934199810028076,0.0,1,2025-10-25
MCHP,Microchip Technology,65.1126,9.01022831609533,0.0,1,2025-10-26
MCHP,Microchip Technology,65.8721,9.08344633343446,0.0,1,2025-10-27
MCHP,Microchip Technology,65.2308,9.138301405144745,0.0,1,2025-10-28
MCHP,Microchip Technology,63.9625,9.081364820338626,0.0,1,2025-10-29
MCHP,Microchip Technology,63.3147,9.057691394222374,0.0,1,2025-10-30
MCHP,Microchip Technology,63.6634,9.036804167628379,0.0,1,2025-10-31
MCHP,Microchip Technology,64.0838,9.105795128229587,0.0,1,2025-11-01
MCHP,Microchip Technology,60.7972,9.091506806909015,0.0,1,2025-11-02
MCHP,Microchip Technology,58.8085,9.10974255497876,0.0,1,2025-11-03
MCHP,Microchip Technology,58.5176,9.186794680033785,0.0,1,2025-11-04
MCHP,Microchip Technology,59.8734,9.213677590187377,0.0,1,2025-11-05
MCHP,Microchip Technology,61.4718,9.282421257541198,0.0,1,2025-11-06
MCHP,Microchip Technology,61.65,9.295520723601397,0.0,1,2025-11-07
MCK,McKesson Corporation,718.2086,8.044899702072144,0.45749999582767403,2,2025-10-25
MCK,McKesson Corporation,684.4157,8.00797587702351,0.4580922268699839,2,2025-10-26
MCK,McKesson Corporation,683.9318,7.939795042436002,0.4586389010066612,2,2025-10-27
MCK,McKesson Corporation,702.0918,7.966454540200671,0.46032143650954965,2,2025-10-28
MCK,McKesson Corporation,715.8277,7.888102393653643,0.46281241973324044,2,2025-10-29
MCK,McKesson Corporation,709.8044,7.959778517926099,0.4671054942240497,2,2025-10-30
MCK,McKesson Corporation,700.6438,7.8958809797362735,0.4636322915349449,2,2025-10-31
MCK,McKesson Corporation,699.7383,7.946203772164514,0.4648992557837496,2,2025-11-01
MCK,McKesson Corporation,762.7459,7.9880171024546005,0.46093702462070707,2,2025-11-02
MCK,McKesson Corporation,787.5548,7.976602687179912,0.46449520689270823,2,2025-11-03
MCK,McKesson Corporation,787.0318,7.940690948175037,0.4614117453183354,2,2025-11-04
MCK,McKesson Corporation,773.4879,7.8707055555286605,0.4599276084588762,2,2025-11-05
MCK,McKesson Corporation,769.0447,7.885212534990272,0.45712861384119363,2,2025-11-06
MCK,McKesson Corporation,763.395,7.830625103351419,0.46108785932475654,2,2025-11-07
MCO,Moody's Corporation,503.2469,-8.387799859046936,0.523700006306171,2,2025-10-25
MCO,Moody's Corporation,506.2825,-8.334277349998633,0.521193589220068,2,2025-10-26
MCO,Moody's Corporation,499.8439,-8.334047650410124,0.5202907125287657,2,2025-10-27
MCO,Moody's Corporation,496.7551,-8.301609840586089,0.5159271840850157,2,2025-10-28
MCO,Moody's Corporation,497.3682,-8.25333505522691,0.513453751699937,2,2025-10-29
MCO,Moody's Corporation,498.2322,-8.199209278589224,0.5095466116558794,2,2025-10-30
MCO,Moody's Corporation,497.8446,-8.161705158929799,0.5122223048411932,2,2025-10-31
MCO,Moody's Corporation,498.0193,-8.128059218650804,0.5079973185670609,2,2025-11-01
MCO,Moody's Corporation,498.9463,-8.05959638595523,0.5082384218352421,2,2025-11-02
MCO,Moody's Corporation,498.3173,-8.107172500000718,0.5082224751730712,2,2025-11-03
MCO,Moody's Corporation,498.8292,-8.116434377780823,0.5118829490187189,2,2025-11-04
MCO,Moody's Corporation,499.3088,-8.174583691086637,0.511463486820755,2,2025-11-05
MCO,Moody's Corporation,499.359,-8.213491004103963,0.514188778141161,2,2025-11-06
MCO,Moody's Corporation,496.7082,-8.154526910273058,0.5128983354330166,2,2025-11-07
MDLZ,Mondelez International,64.137,1.262499988079071,7.285699844360352,8,2025-10-25
MDLZ,Mondelez International,65.1716,1.2502269004006152,7.269024584576259,8,2025-10-26
MDLZ,Mondelez International,64.7805,1.2526776322092628,7.28029845704899,8,2025-10-27
MDLZ,Mondelez International,64.5516,1.2473283633508399,7.243835540229521,8,2025-10-28
MDLZ,Mondelez International,64.6337,1.2350117167351025,7.223356913912331,8,2025-10-29
MDLZ,Mondelez International,64.7332,1.2289806751052217,7.289794129661086,8,2025-10-30
MDLZ,Mondelez International,64.7549,1.218475137614341,7.267934254211758,8,2025-10-31
MDLZ,Mondelez International,64.7158,1.2267083814514737,7.264775818068508,8,2025-11-01
MDLZ,Mondelez International,63.6809,1.2284059257271234,7.280519652686112,8,2025-11-02
MDLZ,Mondelez International,63.2951,1.2265934901917734,7.278499125939647,8,2025-11-03
MDLZ,Mondelez International,63.6341,1.2373357272927248,7.307379120973042,8,2025-11-04
MDLZ,Mondelez International,63.6179,1.2289075900728448,7.333930499814475,8,2025-11-05
MDLZ,Mondelez International,63.6634,1.2241900774910615,7.269833918125153,8,2025-11-06
MDLZ,Mondelez International,63.7353,1.2282156174340908,7.224801850817667,8,2025-11-07
MDT,Medtronic,92.1504,1.1462000012397762,5.5076998472213745,3,2025-10-25
MDT,Medtronic,91.6247,1.1528590415288247,5.525263848530363,3,2025-10-26
MDT,Medtronic,91.9625,1.1530898801091012,5.527450726458682,3,2025-10-27
MDT,Medtronic,92.174,1.1546809775654283,5.54070547919304,3,2025-10-28
MDT,Medtronic,92.171,1.1612827739658198,5.526054074399129,3,2025-10-29
MDT,Medtronic,91.9934,1.1604769177493903,5.542685801598391,3,2025-10-30
MDT,Medtronic,91.9865,1.1589027372776437,5.553437511969877,3,2025-10-31
MDT,Medtronic,91.9858,1.1586519735071488,5.6003193559438476,3,2025-11-01
MDT,Medtronic,91.4833,1.1526342912984562,5.625228619521387,3,2025-11-02
MDT,Medtronic,91.3447,1.1545657732692909,5.65378345462951,3,2025-11-03
MDT,Medtronic,91.4829,1.150036025410696,5.696192295187822,3,2025-11-04
MDT,Medtronic,91.5665,1.1562562886229715,5.751881151869036,3,2025-11-05
MDT,Medtronic,91.7186,1.1573332025377168,5.773754008072017,3,2025-11-06
MDT,Medtronic,91.3202,1.148394651383858,5.770090082127153,3,2025-11-07
MET,MetLife,79.8319,-0.597099997103214,0.0,1,2025-10-25
MET,MetLife,80.1938,-0.5941776877539708,0.0,1,2025-10-26
MET,MetLife,79.815,-0.5950129954429836,0.0,1,2025-10-27
MET,MetLife,79.5813,-0.5991524320366793,0.0,1,2025-10-28
MET,MetLife,79.6093,-0.5972713811205999,0.0,1,2025-10-29
MET,MetLife,79.7049,-0.6017385787097556,0.0,1,2025-10-30
MET,MetLife,79.7007,-0.6038789658241891,0.0,1,2025-10-31
MET,MetLife,79.749,-0.6040555901164846,0.0,1,2025-11-01
MET,MetLife,79.7009,-0.604205875154959,0.0,1,2025-11-02
MET,MetLife,79.6821,-0.6093717319434803,0.0,1,2025-11-03
MET,MetLife,79.8071,-0.6117895635507895,0.0,1,2025-11-04
MET,MetLife,79.8586,-0.6106406415504015,0.0,1,2025-11-05
MET,MetLife,79.8505,-0.6095742457490592,0.0,1,2025-11-06
MET,MetLife,79.3884,-0.613836974766094,0.0,1,2025-11-07
META,Meta Platforms,797.1961,-1.01230002939701,5.031599998474121,15,2025-10-25
META,Meta Platforms,833.8664,-1.0032854388029397,4.996338347427966,15,2025-10-26
META,Meta Platforms,825.4374,-1.0117473640843353,5.001659058645246,15,2025-10-27
META,Meta Platforms,796.0695,-1.0165636393647788,5.019158368822014,15,2025-10-28
META,Meta Platforms,785.5113,-1.0075704934280745,5.019552687013528,15,2025-10-29
META,Meta Platforms,796.3372,-1.01672349691757,5.0105899056232435,15,2025-10-30
META,Meta Platforms,815.122,-1.0149758730270129,5.037073113470752,15,2025-10-31
META,Meta Platforms,814.5467,-1.0159408632687297,5.048137535090964,15,2025-11-01
META,Meta Platforms,818.2388,-1.0128666687021801,5.060935754433358,15,2025-11-02
META,Meta Platforms,820.4532,-1.0147050008662188,5.0399025371086585,15,2025-11-03
META,Meta Platforms,825.6791,-1.0081253609643777,5.081735631220654,15,2025-11-04
META,Meta Platforms,828.4844,-1.005183325466142,5.097405110649929,15,2025-11-05
META,Meta Platforms,826.9225,-1.0000960505944232,5.10671930147385,15,2025-11-06
META,Meta Platforms,815.0508,-1.008713107625073,5.152681257421177,15,2025-11-07
MGM,MGM Resorts,35.0384,0.153500000014901,0.0,1,2025-10-25
MGM,MGM Resorts,36.4636,0.15302358898963908,0.0,1,2025-10-26
MGM,MGM Resorts,36.1196,0.15228169089260069,0.0,1,2025-10-27
MGM,MGM Resorts,35.3259,0.15081562442203214,0.0,1,2025-10-28
MGM,MGM Resorts,35.3019,0.1521178527146762,0.0,1,2025-10-29
MGM,MGM Resorts,35.3862,0.15108634710207564,0.0,1,2025-10-30
MGM,MGM Resorts,35.4159,0.14987843021208166,0.0,1,2025-10-31
MGM,MGM Resorts,35.4201,0.15064588366483017,0.0,1,2025-11-01
MGM,MGM Resorts,33.8079,0.15198573309769658,0.0,1,2025-11-02
MGM,MGM Resorts,33.3033,0.15135914195300548,0.0,1,2025-11-03
MGM,MGM Resorts,33.2262,0.1508549288974386,0.0,1,2025-11-04
MGM,MGM Resorts,33.2964,0.15134694336251373,0.0,1,2025-11-05
MGM,MGM Resorts,33.3806,0.15024150183311138,0.0,1,2025-11-06
MGM,MGM Resorts,33.5013,0.15061436919575957,0.0,1,2025-11-07
MHK,Mohawk Industries,128.3136,2.1624000370502467,2.891699969768524,5,2025-10-25
MHK,Mohawk Industries,135.1617,2.1775177573151563,2.892917520535138,5,2025-10-26
MHK,Mohawk Industries,134.4534,2.183821431779495,2.913018454415654,5,2025-10-27
MHK,Mohawk Industries,132.4213,2.1629387119956456,2.8949042756790173,5,2025-10-28
MHK,Mohawk Industries,131.9595,2.1542957065458124,2.91418669156196,5,2025-10-29
MHK,Mohawk Industries,132.3968,2.1567308872914333,2.8866110192968395,5,2025-10-30
MHK,Mohawk Industries,132.7764,2.175664240059894,2.87894328498917,5,2025-10-31
MHK,Mohawk Industries,132.683,2.1670514440753514,2.865550186110689,5,2025-11-01
MHK,Mohawk Industries,131.2391,2.1508466371631636,2.8519680962446836,5,2025-11-02
MHK,Mohawk Industries,130.5971,2.1540826873496317,2.877519321055118,5,2025-11-03
MHK,Mohawk Industries,130.9675,2.146518303206283,2.8969265951608207,5,2025-11-04
MHK,Mohawk Industries,131.2565,2.1318383002308194,2.8795226896598263,5,2025-11-05
MHK,Mohawk Industries,131.2127,2.132052199436404,2.875461310409713,5,2025-11-06
MHK,Mohawk Industries,130.0738,2.152722820091796,2.874307176490821,5,2025-11-07
MKC,McCormick & Company,70.8498,-9.038299918174744,0.0,1,2025-10-25
MKC,McCormick & Company,72.0584,-9.000021398969775,0.0,1,2025-10-26
MKC,McCormick & Company,71.3607,-8.996087441281032,0.0,1,2025-10-27
MKC,McCormick & Company,71.3204,-8.933770619914371,0.0,1,2025-10-28
MKC,McCormick & Company,71.5025,-8.910947776526246,0.0,1,2025-10-29
MKC,McCormick & Company,71.468,-8.889772934769141,0.0,1,2025-10-30
MKC,McCormick & Company,71.5491,-8.957255521664159,0.0,1,2025-10-31
MKC,McCormick & Company,71.62,-8.94928125312319,0.0,1,2025-11-01
MKC,McCormick & Company,70.4412,-8.974754021884348,0.0,1,2025-11-02
MKC,McCormick & Company,69.836,-9.036112867760766,0.0,1,2025-11-03
MKC,McCormick & Company,70.052,-9.033429781530703,0.0,1,2025-11-04
MKC,McCormick & Company,69.9836,-9.099729642756701,0.0,1,2025-11-05
MKC,McCormick & Company,69.8682,-9.073915891208081,0.0,1,2025-11-06
MKC,McCormick & Company,69.5502,-9.023999420121097,0.0,1,2025-11-07
MLM,Martin Marietta Materials,602.802,8.64579975605011,0.0,1,2025-10-25
MLM,Martin Marietta Materials,599.1902,8.696460289056967,0.0,1,2025-10-26
MLM,Martin Marietta Materials,602.1794,8.701652414995625,0.0,1,2025-10-27
MLM,Martin Marietta Materials,602.2746,8.782213814189745,0.0,1,2025-10-28
MLM,Martin Marietta Materials,604.9966,8.843836918954057,0.0,1,2025-10-29
MLM,Martin Marietta Materials,605.1442,8.923750759587275,0.0,1,2025-10-30
MLM,Martin Marietta Materials,605.1787,9.0071833880077,0.0,1,2025-10-31
MLM,Martin Marietta Materials,601.9988,9.015199891531951,0.0,1,2025-11-01
MLM,Martin Marietta Materials,613.08,9.071576682506317,0.0,1,2025-11-02
MLM,Martin Marietta Materials,618.9773,9.09282034963746,0.0,1,2025-11-03
MLM,Martin Marietta Materials,620.0259,9.182781230395996,0.0,1,2025-11-04
MLM,Martin Marietta Materials,616.6904,9.21695350518663,0.0,1,2025-11-05
MLM,Martin Marietta Materials,615.5143,9.22655719513632,0.0,1,2025-11-06
MLM,Martin Marietta Materials,614.0695,9.180417755652831,0.0,1,2025-11-07
MMC,Marsh McLennan,200.2709,8.909800052642822,0.0,1,2025-10-25
MMC,Marsh McLennan,206.549,8.952975395441367,0.0,1,2025-10-26
MMC,Marsh McLennan,206.1726,8.986731689418793,0.0,1,2025-10-27
MMC,Marsh McLennan,203.9137,8.978858956549166,0.0,1,2025-10-28
MMC,Marsh McLennan,203.0874,8.915999977585118,0.0,1,2025-10-29
MMC,Marsh McLennan,203.7294,8.965932739687576,0.0,1,2025-10-30
MMC,Marsh McLennan,204.2465,9.003111904439494,0.0,1,2025-10-31
MMC,Marsh McLennan,204.1556,8.989126460285732,0.0,1,2025-11-01
MMC,Marsh McLennan,201.5864,8.991476758087824,0.0,1,2025-11-02
MMC,Marsh McLennan,201.0305,9.013879074093257,0.0,1,2025-11-03
MMC,Marsh McLennan,201.7588,8.998228760440902,0.0,1,2025-11-04
MMC,Marsh McLennan,201.9334,9.024340299567966,0.0,1,2025-11-05
MMC,Marsh McLennan,201.5449,9.076005399904288,0.0,1,2025-11-06
MMC,Marsh McLennan,200.6006,9.065056342739458,0.0,1,2025-11-07
MMM,3M,178.1591,-5.67799985408783,0.0,1,2025-10-25
MMM,3M,185.4318,-5.684038519614315,0.0,1,2025-10-26
MMM,3M,184.6956,-5.693631175285538,0.0,1,2025-10-27
MMM,3M,181.2278,-5.66381506769725,0.0,1,2025-10-28
MMM,3M,178.4478,-5.638894033321227,0.0,1,2025-10-29
MMM,3M,178.8789,-5.623867680904017,0.0,1,2025-10-30
MMM,3M,183.5355,-5.577873116266208,0.0,1,2025-10-31
MMM,3M,184.4355,-5.576282509099299,0.0,1,2025-11-01
MMM,3M,187.4193,-5.539860692173998,0.0,1,2025-11-02
MMM,3M,188.9011,-5.575031247821637,0.0,1,2025-11-03
MMM,3M,189.4911,-5.629160662732715,0.0,1,2025-11-04
MMM,3M,189.6504,-5.612634685928274,0.0,1,2025-11-05
MMM,3M,188.2629,-5.609696258235404,0.0,1,2025-11-06
MMM,3M,186.254,-5.6216530798465625,0.0,1,2025-11-07
MNST,Monster Beverage,65.3293,0.967099964618682,11.199699640274048,2,2025-10-25
MNST,Monster Beverage,63.1605,0.9760724818062381,11.219708819299637,2,2025-10-26
MNST,Monster Beverage,63.5592,0.9676757324740493,11.138092495464733,2,2025-10-27
MNST,Monster Beverage,64.8749,0.9648383764578393,11.18296749777171,2,2025-10-28
MNST,Monster Beverage,65.1176,0.9650940115790653,11.091776739933957,2,2025-10-29
MNST,Monster Beverage,64.8523,0.958320076223552,11.137710302407134,2,2025-10-30
MNST,Monster Beverage,64.6222,0.9645203892010248,11.042593273172507,2,2025-10-31
MNST,Monster Beverage,64.617,0.959364483107781,11.142896895945155,2,2025-11-01
MNST,Monster Beverage,66.8661,0.968592018613682,11.160055289397842,2,2025-11-02
MNST,Monster Beverage,67.4627,0.9624948389590322,11.066251703943475,2,2025-11-03
MNST,Monster Beverage,67.0889,0.9591641623552012,11.1317836013099,2,2025-11-04
MNST,Monster Beverage,66.5934,0.9497735714245501,11.070362781998295,2,2025-11-05
MNST,Monster Beverage,66.5349,0.9516329344166965,11.041238043822514,2,2025-11-06
MNST,Monster Beverage,66.7485,0.9543140776696645,11.101736866194594,2,2025-11-07
MO,Altria,69.8904,0.894000008702278,0.0,1,2025-10-25
MO,Altria,70.9728,0.902810441778669,0.0,1,2025-10-26
MO,Altria,70.4867,0.9069995210337991,0.0,1,2025-10-27
MO,Altria,69.5924,0.9013334798105263,0.0,1,2025-10-28
MO,Altria,69.2477,0.8982885867943243,0.0,1,2025-10-29
MO,Altria,69.3827,0.9024621515297943,0.0,1,2025-10-30
MO,Altria,70.0876,0.9050111193674907,0.0,1,2025-10-31
MO,Altria,70.363,0.9059275674221386,0.0,1,2025-11-01
MO,Altria,70.5656,0.9135239630837545,0.0,1,2025-11-02
MO,Altria,70.6107,0.9083679814528512,0.0,1,2025-11-03
MO,Altria,70.5652,0.9025659908497763,0.0,1,2025-11-04
MO,Altria,70.6243,0.9050407732876135,0.0,1,2025-11-05
MO,Altria,70.5684,0.9076945245038718,0.0,1,2025-11-06
MO,Altria,69.9783,0.9008928572610494,0.0,1,2025-11-07
MOH,Molina Healthcare,148.9234,0.062699997797608,0.039400001987814,3,2025-10-25
MOH,Molina Healthcare,137.5252,0.062287296841988235,0.03977926262814795,3,2025-10-26
MOH,Molina Healthcare,135.0359,0.061754185385832404,0.03977303637397181,3,2025-10-27
MOH,Molina Healthcare,144.7755,0.06120208365059141,0.03975662327703886,3,2025-10-28
MOH,Molina Healthcare,161.5167,0.061021409511263926,0.03958714931625662,3,2025-10-29
MOH,Molina Healthcare,164.3128,0.061252225363619114,0.039323028687825036,3,2025-10-30
MOH,Molina Healthcare,149.812,0.06119658197181208,0.03907015892063217,3,2025-10-31
MOH,Molina Healthcare,140.2828,0.061305814945816085,0.0392798280741454,3,2025-11-01
MOH,Molina Healthcare,120.7174,0.06174364320392999,0.03933092097075771,3,2025-11-02
MOH,Molina Healthcare,124.5354,0.06210638050739741,0.039275850908273256,3,2025-11-03
MOH,Molina Healthcare,147.5174,0.06258340531033986,0.03901332887251867,3,2025-11-04
MOH,Molina Healthcare,157.2134,0.06231936270598313,0.03930987371659065,3,2025-11-05
MOH,Molina Healthcare,142.1426,0.06292147933116764,0.03937231157698603,3,2025-11-06
MOH,Molina Healthcare,120.3841,0.06259283779255305,0.039038003133198454,3,2025-11-07
MOS,Mosaic Company (The),30.5238,9.00629997253418,0.0,1,2025-10-25
MOS,Mosaic Company (The),30.4792,8.921038906533541,0.0,1,2025-10-26
MOS,Mosaic Company (The),30.2132,9.006841610899963,0.0,1,2025-10-27
MOS,Mosaic Company (The),30.1543,9.032532444627394,0.0,1,2025-10-28
MOS,Mosaic Company (The),30.2286,9.102344833473389,0.0,1,2025-10-29
MOS,Mosaic Company (The),30.2855,9.09368658110388,0.0,1,2025-10-30
MOS,Mosaic Company (The),30.2797,9.040871627402769,0.0,1,2025-10-31
MOS,Mosaic Company (The),30.2494,9.041987185799744,0.0,1,2025-11-01
MOS,Mosaic Company (The),31.0969,8.995846530042645,0.0,1,2025-11-02
MOS,Mosaic Company (The),31.338,8.943519225796416,0.0,1,2025-11-03
MOS,Mosaic Company (The),31.2539,8.96963048922785,0.0,1,2025-11-04
MOS,Mosaic Company (The),31.1869,8.913021897841892,0.0,1,2025-11-05
MOS,Mosaic Company (The),31.1913,8.967459137596881,0.0,1,2025-11-06
MOS,Mosaic Company (The),31.2432,8.999874440979982,0.0,1,2025-11-07
MPC,Marathon Petroleum,190.5489,3.931500017642975,5.975300073623657,3,2025-10-25
MPC,Marathon Petroleum,187.0969,3.8970780693200213,5.980359975978905,3,2025-10-26
MPC,Marathon Petroleum,187.2915,3.8646900224174647,5.930654500405959,3,2025-10-27
MPC,Marathon Petroleum,188.4256,3.8389135093629267,5.9323668726766385,3,2025-10-28
MPC,Marathon Petroleum,189.2307,3.83388519654433,5.889293221413772,3,2025-10-29
MPC,Marathon Petroleum,188.5901,3.804242372435991,5.872271914031716,3,2025-10-30
MPC,Marathon Petroleum,187.3977,3.776647315244555,5.886318460799188,3,2025-10-31
MPC,Marathon Petroleum,187.3275,3.7998444044689386,5.905564415098021,3,2025-11-01
MPC,Marathon Petroleum,186.8053,3.7897340242094666,5.870510072419019,3,2025-11-02
MPC,Marathon Petroleum,186.568,3.8069160195053615,5.83776945925767,3,2025-11-03
MPC,Marathon Petroleum,186.9732,3.786866634113914,5.801342139173943,3,2025-11-04
MPC,Marathon Petroleum,187.6263,3.8176486941164063,5.801004996717628,3,2025-11-05
MPC,Marathon Petroleum,187.8769,3.824658350278968,5.843697425906789,3,2025-11-06
MPC,Marathon Petroleum,187.4197,3.859482132139742,5.829531828985651,3,2025-11-07
MPWR,Monolithic Power Systems,940.1294,5.814200043678284,1.240599974989891,2,2025-10-25
MPWR,Monolithic Power Systems,906.9599,5.76342052261346,1.2293942464901848,2,2025-10-26
MPWR,Monolithic Power Systems,917.7225,5.740991960292372,1.2250688144603608,2,2025-10-27
MPWR,Monolithic Power Systems,938.3361,5.773883018695367,1.2282112257609985,2,2025-10-28
MPWR,Monolithic Power Systems,939.9768,5.773969718166672,1.2341775134087443,2,2025-10-29
MPWR,Monolithic Power Systems,930.0987,5.80683461408494,1.237713713116639,2,2025-10-30
MPWR,Monolithic Power Systems,925.2317,5.780024012679211,1.2497981124463624,2,2025-10-31
MPWR,Monolithic Power Systems,927.0488,5.77782501284917,1.2619818570761927,2,2025-11-01
MPWR,Monolithic Power Systems,881.0932,5.729887902120372,1.270704084496728,2,2025-11-02
MPWR,Monolithic Power Systems,863.7018,5.718100305138675,1.2762402976551275,2,2025-11-03
MPWR,Monolithic Power Systems,880.1844,5.68256528716971,1.273514230866461,2,2025-11-04
MPWR,Monolithic Power Systems,887.2443,5.724172043619921,1.2685829767259242,2,2025-11-05
MPWR,Monolithic Power Systems,885.2859,5.757098326546146,1.2664241073463722,2,2025-11-06
MPWR,Monolithic Power Systems,869.4686,5.701210102399308,1.2787355256954323,2,2025-11-07
MRK,Merck & Co.,82.6012,1.1860000342130659,6.216300129890442,11,2025-10-25
MRK,Merck & Co.,81.2213,1.1904140864508013,6.16466127798813,11,2025-10-26
MRK,Merck & Co.,82.3342,1.1821449247992881,6.14281968746493,11,2025-10-27
MRK,Merck & Co.,83.9325,1.1705290719597305,6.138411552094514,11,2025-10-28
MRK,Merck & Co.,83.9288,1.165745261126252,6.159627631937817,11,2025-10-29
MRK,Merck & Co.,82.4398,1.1607117952002692,6.12319804259971,11,2025-10-30
MRK,Merck & Co.,81.4621,1.160794105834011,6.176956199307299,11,2025-10-31
MRK,Merck & Co.,80.9294,1.169516809011337,6.179035902434746,11,2025-11-01
MRK,Merck & Co.,80.8287,1.1617606152363416,6.1606960757926,11,2025-11-02
MRK,Merck & Co.,81.1602,1.166306237237312,6.173896965070933,11,2025-11-03
MRK,Merck & Co.,81.7945,1.176000244761912,6.129428883677692,11,2025-11-04
MRK,Merck & Co.,82.245,1.1762380874192182,6.116045064042773,11,2025-11-05
MRK,Merck & Co.,81.8015,1.1707589388254842,6.094211546518426,11,2025-11-06
MRK,Merck & Co.,81.2662,1.1595325496607116,6.104620690378997,11,2025-11-07
MRNA,Moderna,18.377,5.533499717712402,4.083299934864044,2,2025-10-25
MRNA,Moderna,19.368,5.536754890699994,4.047076121831449,2,2025-10-26
MRNA,Moderna,22.9512,5.552208891385941,4.0789199509645755,2,2025-10-27
MRNA,Moderna,26.843,5.557861032230725,4.065084332234856,2,2025-10-28
MRNA,Moderna,27.2348,5.597889851288698,4.033148122111212,2,2025-10-29
MRNA,Moderna,17.3754,5.593693772688976,4.021417488025581,2,2025-10-30
MRNA,Moderna,20.6298,5.549474840355707,4.0329309879262185,2,2025-10-31
MRNA,Moderna,27.143,5.5413665499899425,4.02397241649823,2,2025-11-01
MRNA,Moderna,16.9047,5.497241557551716,4.061847026583038,2,2025-11-02
MRNA,Moderna,6.134,5.448786833867521,4.031877219541468,2,2025-11-03
MRNA,Moderna,6.9884,5.435854179535803,4.070124184395288,2,2025-11-04
MRNA,Moderna,17.6508,5.42738897128837,4.080235012378459,2,2025-11-05
MRNA,Moderna,17.599,5.475515238558993,4.067266766814877,2,2025-11-06
MRNA,Moderna,5.6489,5.505896559435397,4.050643770637843,2,2025-11-07
MS,Morgan Stanley,163.5113,9.103999733924866,0.0,1,2025-10-25
MS,Morgan Stanley,163.4328,9.173360668527048,0.0,1,2025-10-26
MS,Morgan Stanley,163.4245,9.146743330223009,0.0,1,2025-10-27
MS,Morgan Stanley,162.2944,9.169701110849854,0.0,1,2025-10-28
MS,Morgan Stanley,161.6434,9.167088010305527,0.0,1,2025-10-29
MS,Morgan Stanley,161.8617,9.172823066003888,0.0,1,2025-10-30
MS,Morgan Stanley,162.4295,9.251616066673003,0.0,1,2025-10-31
MS,Morgan Stanley,162.1237,9.240198752691512,0.0,1,2025-11-01
MS,Morgan Stanley,168.7522,9.327547096944368,0.0,1,2025-11-02
MS,Morgan Stanley,170.8575,9.322632854822512,0.0,1,2025-11-03
MS,Morgan Stanley,171.2909,9.398522591131202,0.0,1,2025-11-04
MS,Morgan Stanley,171.0585,9.443181272614268,0.0,1,2025-11-05
MS,Morgan Stanley,170.4714,9.514635901198105,0.0,1,2025-11-06
MS,Morgan Stanley,169.0458,9.532073590348661,0.0,1,2025-11-07
MSCI,MSCI Inc.,557.1855,8.997399806976318,0.287599992007017,2,2025-10-25
MSCI,MSCI Inc.,562.0586,8.989909262117628,0.28657411767755736,2,2025-10-26
MSCI,MSCI Inc.,558.3421,8.913337554425716,0.2845970169987171,2,2025-10-27
MSCI,MSCI Inc.,555.6644,8.907284503861158,0.2825473630196759,2,2025-10-28
MSCI,MSCI Inc.,555.8142,8.935339558407165,0.280183489154677,2,2025-10-29
MSCI,MSCI Inc.,556.3276,8.858418262887145,0.2818773707828881,2,2025-10-30
MSCI,MSCI Inc.,556.3105,8.854280808049463,0.28329957000774353,2,2025-10-31
MSCI,MSCI Inc.,556.1274,8.908000398664896,0.2843669572988429,2,2025-11-01
MSCI,MSCI Inc.,553.0483,8.895167632586437,0.28366408041062907,2,2025-11-02
MSCI,MSCI Inc.,553.2591,8.867816695683533,0.2857494179843968,2,2025-11-03
MSCI,MSCI Inc.,554.8909,8.925895933836962,0.28824566367226057,2,2025-11-04
MSCI,MSCI Inc.,554.6345,8.870119494287534,0.29052709816585987,2,2025-11-05
MSCI,MSCI Inc.,554.6856,8.861199340523418,0.28837323362089307,2,2025-11-06
MSCI,MSCI Inc.,551.8237,8.930943411495106,0.28681620222246695,2,2025-11-07
MSFT,Microsoft,524.7891,2.011999934911728,3.674199879169464,6,2025-10-25
MSFT,Microsoft,525.8249,2.0025743885582217,3.641642392291633,6,2025-10-26
MSFT,Microsoft,525.0831,1.9917687808255466,3.6236149550073278,6,2025-10-27
MSFT,Microsoft,520.9389,2.0094534660990044,3.628391945687456,6,2025-10-28
MSFT,Microsoft,519.3676,1.9928973486672654,3.631200437903553,6,2025-10-29
MSFT,Microsoft,520.4139,1.9836291557033088,3.6409522107398216,6,2025-10-30
MSFT,Microsoft,522.482,1.9920218773073024,3.6757308991944817,6,2025-10-31
MSFT,Microsoft,522.8818,1.989855711336936,3.650808512701195,6,2025-11-01
MSFT,Microsoft,526.9387,1.9809429417568811,3.641183445392522,6,2025-11-02
MSFT,Microsoft,527.2561,1.9709334697445149,3.6088429146884007,6,2025-11-03
MSFT,Microsoft,526.0884,1.9679639064449694,3.5889065341331348,6,2025-11-04
MSFT,Microsoft,525.6412,1.963573404213562,3.5824904659047294,6,2025-11-05
MSFT,Microsoft,522.8661,1.9493147119383423,3.5638088111059227,6,2025-11-06
MSFT,Microsoft,525.4029,1.9468066509528357,3.5899229627841445,6,2025-11-07
MSI,Motorola Solutions,454.6307,6.7145997285842896,3.158900141716003,2,2025-10-25
MSI,Motorola Solutions,467.7558,6.71687029295057,3.136648337174538,2,2025-10-26
MSI,Motorola Solutions,465.8746,6.737070993994502,3.109727786199685,2,2025-10-27
MSI,Motorola Solutions,456.2555,6.767391812716386,3.103789831964518,2,2025-10-28
MSI,Motorola Solutions,451.1853,6.712536531186047,3.1175218656617814,2,2025-10-29
MSI,Motorola Solutions,454.0508,6.694610405756811,3.1157043474764126,2,2025-10-30
MSI,Motorola Solutions,458.3916,6.662293096313473,3.090103016633343,2,2025-10-31
MSI,Motorola Solutions,459.2225,6.710547069688943,3.0899403748839247,2,2025-11-01
MSI,Motorola Solutions,458.1963,6.740070363049652,3.086064347743137,2,2025-11-02
MSI,Motorola Solutions,454.3255,6.799833737119102,3.103452426116916,2,2025-11-03
MSI,Motorola Solutions,455.6995,6.8629290827159215,3.0985413967932343,2,2025-11-04
MSI,Motorola Solutions,458.5657,6.86616738624104,3.110089177092219,2,2025-11-05
MSI,Motorola Solutions,460.465,6.915177095497107,3.126952342222802,2,2025-11-06
MSI,Motorola Solutions,456.0202,6.87691788499382,3.141373700695392,2,2025-11-07
MTB,M&T Bank,194.9131,7.820199728012085,0.0,1,2025-10-25
MTB,M&T Bank,197.804,7.881544212007155,0.0,1,2025-10-26
MTB,M&T Bank,196.9105,7.8799091894817614,0.0,1,2025-10-27
MTB,M&T Bank,194.1962,7.839008640452071,0.0,1,2025-10-28
MTB,M&T Bank,192.6986,7.90919072932564,0.0,1,2025-10-29
MTB,M&T Bank,193.755,7.8421732362223695,0.0,1,2025-10-30
MTB,M&T Bank,194.8195,7.879070134954291,0.0,1,2025-10-31
MTB,M&T Bank,194.785,7.898234284501082,0.0,1,2025-11-01
MTB,M&T Bank,196.4951,7.90256535034395,0.0,1,2025-11-02
MTB,M&T Bank,198.4021,7.939425439856606,0.0,1,2025-11-03
MTB,M&T Bank,199.3471,7.871362888054745,0.0,1,2025-11-04
MTB,M&T Bank,198.5462,7.923084787812389,0.0,1,2025-11-05
MTB,M&T Bank,197.2593,7.897622955371352,0.0,1,2025-11-06
MTB,M&T Bank,195.6299,7.923794928770062,0.0,1,2025-11-07
MTCH,Match Group,34.1255,0.750499963760376,0.0,1,2025-10-25
MTCH,Match Group,34.3782,0.7482079537782225,0.0,1,2025-10-26
MTCH,Match Group,34.4583,0.7550307846111574,0.0,1,2025-10-27
MTCH,Match Group,34.5192,0.7604217821673649,0.0,1,2025-10-28
MTCH,Match Group,34.5206,0.7626559695827096,0.0,1,2025-10-29
MTCH,Match Group,34.4957,0.7570976246326592,0.0,1,2025-10-30
MTCH,Match Group,34.4936,0.7637471583276354,0.0,1,2025-10-31
MTCH,Match Group,34.4934,0.7618200245775786,0.0,1,2025-11-01
MTCH,Match Group,33.2879,0.7682234601387705,0.0,1,2025-11-02
MTCH,Match Group,32.529,0.7748534675904993,0.0,1,2025-11-03
MTCH,Match Group,32.5493,0.7736454107096814,0.0,1,2025-11-04
MTCH,Match Group,32.9333,0.77476510501479,0.0,1,2025-11-05
MTCH,Match Group,33.1143,0.7682564195978504,0.0,1,2025-11-06
MTCH,Match Group,33.0431,0.767156228631341,0.0,1,2025-11-07
MTD,Mettler Toledo,1417.5959,7.012400031089783,2.629500031471252,2,2025-10-25
MTD,Mettler Toledo,1419.4422,7.003609699815469,2.6289053744124855,2,2025-10-26
MTD,Mettler Toledo,1423.0583,7.016524703961917,2.6392722641146564,2,2025-10-27
MTD,Mettler Toledo,1416.5688,7.044731443805757,2.615281030988917,2,2025-10-28
MTD,Mettler Toledo,1415.8758,7.081003182814503,2.6223671266240896,2,2025-10-29
MTD,Mettler Toledo,1417.3085,7.042891016233948,2.6073465133576863,2,2025-10-30
MTD,Mettler Toledo,1413.4516,7.054434978521336,2.592970533816994,2,2025-10-31
MTD,Mettler Toledo,1412.6682,6.990277365581696,2.6010657438897153,2,2025-11-01
MTD,Mettler Toledo,1335.7383,6.941037047474386,2.5766144720296493,2,2025-11-02
MTD,Mettler Toledo,1321.8354,6.999568199633883,2.582747042504068,2,2025-11-03
MTD,Mettler Toledo,1326.5208,7.001117623479243,2.55950384118541,2,2025-11-04
MTD,Mettler Toledo,1336.2789,7.05368184479758,2.5802206151649427,2,2025-11-05
MTD,Mettler Toledo,1338.3532,7.050547918986255,2.583861854847135,2,2025-11-06
MTD,Mettler Toledo,1329.4377,6.9860134819928374,2.5782566134792835,2,2025-11-07
MU,Micron Technology,187.3724,5.138300061225891,6.3134002685546875,8,2025-10-25
MU,Micron Technology,176.7503,5.127278550533914,6.318700867856116,8,2025-10-26
MU,Micron Technology,176.168,5.079226548025254,6.315608919727632,8,2025-10-27
MU,Micron Technology,182.7044,5.109737435899893,6.276041365097947,8,2025-10-28
MU,Micron Technology,183.9121,5.0943872506870305,6.273658101444639,8,2025-10-29
MU,Micron Technology,184.0862,5.053486670307198,6.240230304430385,8,2025-10-30
MU,Micron Technology,182.1278,5.0919514019805785,6.302612673203163,8,2025-10-31
MU,Micron Technology,179.9196,5.081600359978907,6.258802494581921,8,2025-11-01
MU,Micron Technology,183.5246,5.11000070095768,6.21064569062048,8,2025-11-02
MU,Micron Technology,186.9916,5.092238657245805,6.261810280411111,8,2025-11-03
MU,Micron Technology,187.889,5.071775829874831,6.293561362351902,8,2025-11-04
MU,Micron Technology,187.2622,5.084010319084902,6.24142139205907,8,2025-11-05
MU,Micron Technology,184.0155,5.059266657093767,6.284463092866676,8,2025-11-06
MU,Micron Technology,182.3322,5.096130267496154,6.337133361287017,8,2025-11-07
NCLH,Norwegian Cruise Line Holdings,24.016,6.9359999895095825,0.0,1,2025-10-25
NCLH,Norwegian Cruise Line Holdings,24.5955,7.0053067775773545,0.0,1,2025-10-26
NCLH,Norwegian Cruise Line Holdings,24.5344,7.009524014032224,0.0,1,2025-10-27
NCLH,Norwegian Cruise Line Holdings,23.9591,7.074639475074071,0.0,1,2025-10-28
NCLH,Norwegian Cruise Line Holdings,23.715,7.12888872892392,0.0,1,2025-10-29
NCLH,Norwegian Cruise Line Holdings,23.8486,7.108520074805039,0.0,1,2025-10-30
NCLH,Norwegian Cruise Line Holdings,24.1308,7.062243629306315,0.0,1,2025-10-31
NCLH,Norwegian Cruise Line Holdings,24.2815,7.020539972872349,0.0,1,2025-11-01
NCLH,Norwegian Cruise Line Holdings,24.7059,7.073537289935157,0.0,1,2025-11-02
NCLH,Norwegian Cruise Line Holdings,24.8944,7.0048972167260715,0.0,1,2025-11-03
NCLH,Norwegian Cruise Line Holdings,24.8227,7.07346181506415,0.0,1,2025-11-04
NCLH,Norwegian Cruise Line Holdings,24.6065,7.142709788708689,0.0,1,2025-11-05
NCLH,Norwegian Cruise Line Holdings,24.4889,7.172614436507149,0.0,1,2025-11-06
NCLH,Norwegian Cruise Line Holdings,24.3584,7.227513012076769,0.0,1,2025-11-07
NDAQ,"Nasdaq, Inc.",96.6966,-1.972299963235855,0.0,1,2025-10-25
NDAQ,"Nasdaq, Inc.",98.3037,-1.9564399508625954,0.0,1,2025-10-26
NDAQ,"Nasdaq, Inc.",97.0645,-1.9677086666938983,0.0,1,2025-10-27
NDAQ,"Nasdaq, Inc.",95.9649,-1.982417597789248,0.0,1,2025-10-28
NDAQ,"Nasdaq, Inc.",95.9989,-1.9863837790848564,0.0,1,2025-10-29
NDAQ,"Nasdaq, Inc.",96.6357,-1.9924942579345828,0.0,1,2025-10-30
NDAQ,"Nasdaq, Inc.",96.9492,-1.9962157285971787,0.0,1,2025-10-31
NDAQ,"Nasdaq, Inc.",96.6946,-2.0123288690392136,0.0,1,2025-11-01
NDAQ,"Nasdaq, Inc.",97.0024,-2.022906058607392,0.0,1,2025-11-02
NDAQ,"Nasdaq, Inc.",97.2529,-2.0251267723981927,0.0,1,2025-11-03
NDAQ,"Nasdaq, Inc.",97.1858,-2.0146950394931804,0.0,1,2025-11-04
NDAQ,"Nasdaq, Inc.",97.3094,-2.0103202776921534,0.0,1,2025-11-05
NDAQ,"Nasdaq, Inc.",97.2564,-2.029183630530783,0.0,1,2025-11-06
NDAQ,"Nasdaq, Inc.",96.3851,-2.0133347605072687,0.0,1,2025-11-07
NDSN,Nordson Corporation,239.4471,5.978299975395203,0.0,1,2025-10-25
NDSN,Nordson Corporation,240.6769,6.037462136101145,0.0,1,2025-10-26
NDSN,Nordson Corporation,239.0327,6.043094721632045,0.0,1,2025-10-27
NDSN,Nordson Corporation,238.1655,6.097333889277923,0.0,1,2025-10-28
NDSN,Nordson Corporation,238.5633,6.132686780087821,0.0,1,2025-10-29
NDSN,Nordson Corporation,238.7473,6.100270014086686,0.0,1,2025-10-30
NDSN,Nordson Corporation,238.8508,6.083502992279394,0.0,1,2025-10-31
NDSN,Nordson Corporation,238.95,6.09084435401325,0.0,1,2025-11-01
NDSN,Nordson Corporation,236.9964,6.1206931353803045,0.0,1,2025-11-02
NDSN,Nordson Corporation,237.0729,6.12459210787962,0.0,1,2025-11-03
NDSN,Nordson Corporation,238.3881,6.095210750517316,0.0,1,2025-11-04
NDSN,Nordson Corporation,238.115,6.077880647492187,0.0,1,2025-11-05
NDSN,Nordson Corporation,237.8706,6.119013990430248,0.0,1,2025-11-06
NDSN,Nordson Corporation,236.5724,6.11346625526009,0.0,1,2025-11-07
NEE,NextEra Energy,82.2913,0.24420000612735698,9.157999753952026,4,2025-10-25
NEE,NextEra Energy,80.4255,0.24266373225707683,9.19728893933367,4,2025-10-26
NEE,NextEra Energy,80.2583,0.24082389087034708,9.289028588019328,4,2025-10-27
NEE,NextEra Energy,81.1505,0.24044907975730323,9.204635795969944,4,2025-10-28
NEE,NextEra Energy,81.7284,0.23890107457015086,9.264612492574518,4,2025-10-29
NEE,NextEra Energy,81.6368,0.23890636884026886,9.34230085474658,4,2025-10-30
NEE,NextEra Energy,81.2738,0.24025221678288164,9.329418352516761,4,2025-10-31
NEE,NextEra Energy,81.1994,0.24185182378261072,9.257383397124899,4,2025-11-01
NEE,NextEra Energy,81.1634,0.24362628500771352,9.349821482601353,4,2025-11-02
NEE,NextEra Energy,81.0555,0.24342254992648937,9.265594914497873,4,2025-11-03
NEE,NextEra Energy,81.1297,0.24259740189747456,9.228169053520622,4,2025-11-04
NEE,NextEra Energy,81.3425,0.2441383387128984,9.286788964906483,4,2025-11-05
NEE,NextEra Energy,81.4701,0.2450348418902093,9.19664358090704,4,2025-11-06
NEE,NextEra Energy,80.9572,0.2453504453059123,9.278719293301211,4,2025-11-07
NEM,Newmont,78.5712,4.882299900054931,5.060399770736694,3,2025-10-25
NEM,Newmont,77.1709,4.855484001682951,5.106792942022018,3,2025-10-26
NEM,Newmont,80.8929,4.832999374877573,5.09535742377302,3,2025-10-27
NEM,Newmont,83.4144,4.8142953200622625,5.098698034678695,3,2025-10-28
NEM,Newmont,83.6909,4.824858901385859,5.059752473656348,3,2025-10-29
NEM,Newmont,83.7048,4.794584097490422,5.011723809529774,3,2025-10-30
NEM,Newmont,83.6383,4.775221544499006,5.039708442050945,3,2025-10-31
NEM,Newmont,83.5882,4.771852483074647,5.08440206940184,3,2025-11-01
NEM,Newmont,80.5936,4.808645260950303,5.0964408964416705,3,2025-11-02
NEM,Newmont,75.89,4.822342035609326,5.063093984395598,3,2025-11-03
NEM,Newmont,74.3459,4.824459433015748,5.0958469217559275,3,2025-11-04
NEM,Newmont,77.6311,4.790590312016839,5.08057185953282,3,2025-11-05
NEM,Newmont,81.7349,4.747061920048299,5.0696712701771265,3,2025-11-06
NEM,Newmont,81.2945,4.787557369060135,5.083461390157158,3,2025-11-07
NFLX,Netflix,1139.6674,4.872500002384186,4.420599937438965,7,2025-10-25
NFLX,Netflix,1161.6275,4.838864425643568,4.422394532401304,7,2025-10-26
NFLX,Netflix,1167.7649,4.815545745680044,4.447785246422686,7,2025-10-27
NFLX,Netflix,1185.0094,4.859426967598533,4.442129328798401,7,2025-10-28
NFLX,Netflix,1191.3101,4.894565851731299,4.418687152813412,7,2025-10-29
NFLX,Netflix,1179.5006,4.939216650733116,4.392222484444363,7,2025-10-30
NFLX,Netflix,1163.4805,4.926902509327761,4.429104350078886,7,2025-10-31
NFLX,Netflix,1166.593,4.929957607921651,4.402920450719218,7,2025-11-01
NFLX,Netflix,1234.4323,4.9227409643997,4.423691571852457,7,2025-11-02
NFLX,Netflix,1257.7079,4.951193548848502,4.450772368903617,7,2025-11-03
NFLX,Netflix,1266.8234,4.9658091577603445,4.45546342336472,7,2025-11-04
NFLX,Netflix,1256.4694,4.979525032770016,4.498464569532871,7,2025-11-05
NFLX,Netflix,1234.8097,5.0089139804826335,4.506393070793792,7,2025-11-06
NFLX,Netflix,1211.1942,5.04444392627955,4.472694515729569,7,2025-11-07
NI,NiSource,42.969,-4.910100102424621,0.0,1,2025-10-25
NI,NiSource,41.8347,-4.931256854788201,0.0,1,2025-10-26
NI,NiSource,41.1931,-4.92719113006113,0.0,1,2025-10-27
NI,NiSource,41.641,-4.970784000859443,0.0,1,2025-10-28
NI,NiSource,42.495,-4.978573130910932,0.0,1,2025-10-29
NI,NiSource,42.5554,-5.009861912179479,0.0,1,2025-10-30
NI,NiSource,42.4843,-5.0449664156168215,0.0,1,2025-10-31
NI,NiSource,42.5021,-5.025526430292278,0.0,1,2025-11-01
NI,NiSource,42.7867,-4.984518757248573,0.0,1,2025-11-02
NI,NiSource,42.841,-4.958064454776234,0.0,1,2025-11-03
NI,NiSource,43.0674,-4.917046832670386,0.0,1,2025-11-04
NI,NiSource,43.1612,-4.924384775072183,0.0,1,2025-11-05
NI,NiSource,43.3459,-4.94551306620231,0.0,1,2025-11-06
NI,NiSource,42.9319,-4.914539243914075,0.0,1,2025-11-07
NKE,"Nike, Inc.",68.2876,-8.084999918937683,0.0,1,2025-10-25
NKE,"Nike, Inc.",67.595,-8.049325181242885,0.0,1,2025-10-26
NKE,"Nike, Inc.",67.5069,-8.062951268313672,0.0,1,2025-10-27
NKE,"Nike, Inc.",68.1026,-7.998613806496542,0.0,1,2025-10-28
NKE,"Nike, Inc.",68.8066,-8.029374878564072,0.0,1,2025-10-29
NKE,"Nike, Inc.",68.9106,-7.961384062936217,0.0,1,2025-10-30
NKE,"Nike, Inc.",68.3257,-7.884896455083425,0.0,1,2025-10-31
NKE,"Nike, Inc.",67.9209,-7.934826792697559,0.0,1,2025-11-01
NKE,"Nike, Inc.",67.9485,-7.939269353415945,0.0,1,2025-11-02
NKE,"Nike, Inc.",68.3505,-7.878660455983854,0.0,1,2025-11-03
NKE,"Nike, Inc.",68.4629,-7.875951498999312,0.0,1,2025-11-04
NKE,"Nike, Inc.",68.2722,-7.892543879029738,0.0,1,2025-11-05
NKE,"Nike, Inc.",68.0351,-7.957377750199492,0.0,1,2025-11-06
NKE,"Nike, Inc.",68.0721,-7.946946041130754,0.0,1,2025-11-07
NOC,Northrop Grumman,588.4988,7.325900197029114,0.0,1,2025-10-25
NOC,Northrop Grumman,578.9698,7.320499274695755,0.0,1,2025-10-26
NOC,Northrop Grumman,579.9275,7.375734587760816,0.0,1,2025-10-27
NOC,Northrop Grumman,587.5771,7.446827214552233,0.0,1,2025-10-28
NOC,Northrop Grumman,591.6832,7.452337065253639,0.0,1,2025-10-29
NOC,Northrop Grumman,590.1934,7.460220937276371,0.0,1,2025-10-30
NOC,Northrop Grumman,585.7304,7.4952639387032844,0.0,1,2025-10-31
NOC,Northrop Grumman,585.7859,7.566536728469869,0.0,1,2025-11-01
NOC,Northrop Grumman,587.166,7.559457210481835,0.0,1,2025-11-02
NOC,Northrop Grumman,589.5668,7.616544840939004,0.0,1,2025-11-03
NOC,Northrop Grumman,590.4491,7.601901515624893,0.0,1,2025-11-04
NOC,Northrop Grumman,588.1439,7.645514771009001,0.0,1,2025-11-05
NOC,Northrop Grumman,586.6949,7.609313057449659,0.0,1,2025-11-06
NOC,Northrop Grumman,585.6275,7.589608774218025,0.0,1,2025-11-07
NOW,ServiceNow,964.9972,-0.274299997836351,7.5060999393463135,10,2025-10-25
NOW,ServiceNow,985.6351,-0.27291410117923903,7.50068929509744,10,2025-10-26
NOW,ServiceNow,979.5938,-0.27452128065727865,7.510001324293698,10,2025-10-27
NOW,ServiceNow,977.8476,-0.27581935005482106,7.468419058760906,10,2025-10-28
NOW,ServiceNow,978.7727,-0.2741097238524962,7.407389836542781,10,2025-10-29
NOW,ServiceNow,977.0512,-0.2721167361292457,7.45093414735812,10,2025-10-30
NOW,ServiceNow,975.5361,-0.2744901266677465,7.470145552873126,10,2025-10-31
NOW,ServiceNow,976.2145,-0.27201585881223267,7.457473441520631,10,2025-11-01
NOW,ServiceNow,985.4854,-0.2732483602467624,7.453596642379194,10,2025-11-02
NOW,ServiceNow,994.2935,-0.2732349327315171,7.480107340699653,10,2025-11-03
NOW,ServiceNow,997.7422,-0.27155108775498493,7.454455343337937,10,2025-11-04
NOW,ServiceNow,993.6209,-0.26912001001159225,7.441355164398212,10,2025-11-05
NOW,ServiceNow,987.2334,-0.2707877977157243,7.426582368457354,10,2025-11-06
NOW,ServiceNow,979.5924,-0.2731172503574843,7.428598765697512,10,2025-11-07
NRG,NRG Energy,190.6072,7.84850001335144,1.6789999604225159,2,2025-10-25
NRG,NRG Energy,193.9348,7.830868765400781,1.6931221193571053,2,2025-10-26
NRG,NRG Energy,192.2199,7.874654644239757,1.6940921789008392,2,2025-10-27
NRG,NRG Energy,193.712,7.899295333135044,1.6952752403351021,2,2025-10-28
NRG,NRG Energy,196.2422,7.97159526190061,1.6897137311390789,2,2025-10-29
NRG,NRG Energy,196.3429,8.034827835251113,1.702666578251324,2,2025-10-30
NRG,NRG Energy,195.6956,8.08423086843468,1.6940533531514779,2,2025-10-31
NRG,NRG Energy,195.1338,8.105181339681547,1.7041954905637897,2,2025-11-01
NRG,NRG Energy,205.174,8.062396800570891,1.7209854215053546,2,2025-11-02
NRG,NRG Energy,206.7411,8.01331705020513,1.7369458516273235,2,2025-11-03
NRG,NRG Energy,208.6891,8.079117682574052,1.7296960508995138,2,2025-11-04
NRG,NRG Energy,209.4865,8.018072057937124,1.7442104665849847,2,2025-11-05
NRG,NRG Energy,208.692,8.054763888582817,1.7576438760777726,2,2025-11-06
NRG,NRG Energy,204.9521,8.019650323060027,1.764685122712379,2,2025-11-07
NSC,Norfolk Southern,280.1311,-1.8312999606132498,7.01259970664978,5,2025-10-25
NSC,Norfolk Southern,281.2352,-1.8247547021544337,7.022687581525479,5,2025-10-26
NSC,Norfolk Southern,281.1715,-1.8231930840263442,7.055317763843464,5,2025-10-27
NSC,Norfolk Southern,280.4807,-1.8268773507485825,6.996587299118902,5,2025-10-28
NSC,Norfolk Southern,280.316,-1.8301898901006568,7.033272308880254,5,2025-10-29
NSC,Norfolk Southern,280.506,-1.8138271564847679,7.006053754557026,5,2025-10-30
NSC,Norfolk Southern,280.6367,-1.8289778012032791,7.071239432857362,5,2025-10-31
NSC,Norfolk Southern,280.5014,-1.847041178715353,7.044443929865916,5,2025-11-01
NSC,Norfolk Southern,279.9224,-1.8615476693689357,7.005909428857506,5,2025-11-02
NSC,Norfolk Southern,279.7609,-1.8705188825271426,7.046015638318254,5,2025-11-03
NSC,Norfolk Southern,280.1743,-1.8674591857471123,7.087692199791229,5,2025-11-04
NSC,Norfolk Southern,280.3373,-1.8642736233986388,7.114555843869909,5,2025-11-05
NSC,Norfolk Southern,280.3286,-1.8620081969248774,7.145821696614145,5,2025-11-06
NSC,Norfolk Southern,278.9825,-1.8671356265986552,7.165737473204278,5,2025-11-07
NTAP,NetApp,118.6393,2.226500064134597,6.406099796295166,4,2025-10-25
NTAP,NetApp,119.6412,2.216360558046212,6.408357940368423,4,2025-10-26
NTAP,NetApp,119.0855,2.2005705845906323,6.391878900680979,4,2025-10-27
NTAP,NetApp,118.5226,2.1855306363601112,6.362009890625385,4,2025-10-28
NTAP,NetApp,118.5304,2.1897439696204373,6.421945436566383,4,2025-10-29
NTAP,NetApp,118.7218,2.1982472822226526,6.42318363508647,4,2025-10-30
NTAP,NetApp,118.6636,2.2176704456223333,6.408373311632511,4,2025-10-31
NTAP,NetApp,118.7535,2.2191521179956872,6.462511091804087,4,2025-11-01
NTAP,NetApp,118.3992,2.217954782779716,6.418485243087005,4,2025-11-02
NTAP,NetApp,118.4095,2.201559162898639,6.383024865983437,4,2025-11-03
NTAP,NetApp,118.6813,2.180406792713974,6.438780260510353,4,2025-11-04
NTAP,NetApp,118.723,2.164196071396966,6.442016051920893,4,2025-11-05
NTAP,NetApp,118.7072,2.1671181103262733,6.480593138047037,4,2025-11-06
NTAP,NetApp,117.8405,2.157564765283619,6.540376761403661,4,2025-11-07
NTRS,Northern Trust,129.5919,-9.374399781227112,0.0,1,2025-10-25
NTRS,Northern Trust,131.2248,-9.364415768563148,0.0,1,2025-10-26
NTRS,Northern Trust,131.1083,-9.453310302355845,0.0,1,2025-10-27
NTRS,Northern Trust,128.8698,-9.4049395062511,0.0,1,2025-10-28
NTRS,Northern Trust,128.287,-9.362380431660851,0.0,1,2025-10-29
NTRS,Northern Trust,130.0088,-9.280843925960777,0.0,1,2025-10-30
NTRS,Northern Trust,131.1014,-9.2355465475275,0.0,1,2025-10-31
NTRS,Northern Trust,129.4654,-9.235682430656333,0.0,1,2025-11-01
NTRS,Northern Trust,132.6444,-9.29519433141586,0.0,1,2025-11-02
NTRS,Northern Trust,134.4944,-9.275226252394601,0.0,1,2025-11-03
NTRS,Northern Trust,134.7468,-9.292556414405277,0.0,1,2025-11-04
NTRS,Northern Trust,134.3228,-9.294358576410776,0.0,1,2025-11-05
NTRS,Northern Trust,134.1977,-9.298672180500542,0.0,1,2025-11-06
NTRS,Northern Trust,133.1534,-9.291352371157897,0.0,1,2025-11-07
NUE,Nucor,138.5208,9.017400145530699,0.0,1,2025-10-25
NUE,Nucor,140.1378,8.931997241317841,0.0,1,2025-10-26
NUE,Nucor,141.3476,9.016812494931878,0.0,1,2025-10-27
NUE,Nucor,138.9621,8.968549607271756,0.0,1,2025-10-28
NUE,Nucor,138.2947,9.012535947355575,0.0,1,2025-10-29
NUE,Nucor,138.6606,8.99958298523536,0.0,1,2025-10-30
NUE,Nucor,139.9132,9.072883309565862,0.0,1,2025-10-31
NUE,Nucor,139.0056,9.155455863284331,0.0,1,2025-11-01
NUE,Nucor,141.9647,9.187431484002937,0.0,1,2025-11-02
NUE,Nucor,144.3862,9.269150450886766,0.0,1,2025-11-03
NUE,Nucor,144.7156,9.256808873869103,0.0,1,2025-11-04
NUE,Nucor,143.615,9.242915416378889,0.0,1,2025-11-05
NUE,Nucor,140.5957,9.280120132675716,0.0,1,2025-11-06
NUE,Nucor,140.0509,9.26067235953904,0.0,1,2025-11-07
NVDA,Nvidia,208.1284,2.799299955368042,7.2693997621536255,5,2025-10-25
NVDA,Nvidia,211.1778,2.8032239394127663,7.212282712534439,5,2025-10-26
NVDA,Nvidia,213.8529,2.7785556753661678,7.1470852157020195,5,2025-10-27
NVDA,Nvidia,215.1217,2.781599724543434,7.14075668112016,5,2025-10-28
NVDA,Nvidia,214.9275,2.7910609820508556,7.0880387173109956,5,2025-10-29
NVDA,Nvidia,213.8929,2.768716038990893,7.083811386817144,5,2025-10-30
NVDA,Nvidia,213.4693,2.755835448191261,7.101807863131227,5,2025-10-31
NVDA,Nvidia,213.9605,2.7591038646929342,7.119994288718315,5,2025-11-01
NVDA,Nvidia,220.3168,2.777616443900324,7.066896568872664,5,2025-11-02
NVDA,Nvidia,223.0654,2.7961632727304244,7.006153763550562,5,2025-11-03
NVDA,Nvidia,225.4897,2.7943581600239455,7.041638730745977,5,2025-11-04
NVDA,Nvidia,227.1867,2.809040107935156,6.9849776418293565,5,2025-11-05
NVDA,Nvidia,227.5892,2.8149791553827646,7.003151271742608,5,2025-11-06
NVDA,Nvidia,223.812,2.8184128291527983,6.936167845880328,5,2025-11-07
NVR,"NVR, Inc.",9243.1843,-4.427500069141388,6.081500053405762,2,2025-10-25
NVR,"NVR, Inc.",9332.3113,-4.4209576183493935,6.025950100411545,2,2025-10-26
NVR,"NVR, Inc.",9256.1972,-4.43962454382162,6.081753774587639,2,2025-10-27
NVR,"NVR, Inc.",9141.7191,-4.449277725210433,6.11316818501063,2,2025-10-28
NVR,"NVR, Inc.",9237.461,-4.491774432310544,6.137736337160203,2,2025-10-29
NVR,"NVR, Inc.",9340.5638,-4.455885624999079,6.193263308836981,2,2025-10-30
NVR,"NVR, Inc.",9340.8713,-4.492281008111108,6.134003079577706,2,2025-10-31
NVR,"NVR, Inc.",9270.794,-4.463030721283641,6.1746844913622825,2,2025-11-01
NVR,"NVR, Inc.",8538.4431,-4.497182596232759,6.123636624920945,2,2025-11-02
NVR,"NVR, Inc.",8520.6004,-4.499888450940132,6.1826958413606885,2,2025-11-03
NVR,"NVR, Inc.",8660.3069,-4.523648207483509,6.121175262680852,2,2025-11-04
NVR,"NVR, Inc.",8801.9457,-4.490345982813768,6.135340932012847,2,2025-11-05
NVR,"NVR, Inc.",8802.5195,-4.461563199505651,6.103374367049286,2,2025-11-06
NVR,"NVR, Inc.",8570.9983,-4.484193089518229,6.148843367122108,2,2025-11-07
NWS,News Corp (Class B),30.5915,8.628000020980835,0.0,1,2025-10-25
NWS,News Corp (Class B),30.7422,8.709396892426021,0.0,1,2025-10-26
NWS,News Corp (Class B),30.6088,8.715545711866397,0.0,1,2025-10-27
NWS,News Corp (Class B),30.5864,8.795915139245139,0.0,1,2025-10-28
NWS,News Corp (Class B),30.5845,8.72215893768765,0.0,1,2025-10-29
NWS,News Corp (Class B),30.61,8.683933981923415,0.0,1,2025-10-30
NWS,News Corp (Class B),30.607,8.744259854997814,0.0,1,2025-10-31
NWS,News Corp (Class B),30.6287,8.699598835967578,0.0,1,2025-11-01
NWS,News Corp (Class B),31.8508,8.751447303996235,0.0,1,2025-11-02
NWS,News Corp (Class B),32.1477,8.773278006084876,0.0,1,2025-11-03
NWS,News Corp (Class B),32.1267,8.783658745126404,0.0,1,2025-11-04
NWS,News Corp (Class B),32.0316,8.697219227161755,0.0,1,2025-11-05
NWS,News Corp (Class B),32.0299,8.763435389883275,0.0,1,2025-11-06
NWS,News Corp (Class B),31.8634,8.690711110073174,0.0,1,2025-11-07
NWSA,News Corp (Class A),26.9504,8.628000020980835,0.0,1,2025-10-25
NWSA,News Corp (Class A),27.0542,8.58714194551918,0.0,1,2025-10-26
NWSA,News Corp (Class A),26.9284,8.573120163538,0.0,1,2025-10-27
NWSA,News Corp (Class A),26.9017,8.609614826454397,0.0,1,2025-10-28
NWSA,News Corp (Class A),26.967,8.69568323191273,0.0,1,2025-10-29
NWSA,News Corp (Class A),26.9891,8.734893554914956,0.0,1,2025-10-30
NWSA,News Corp (Class A),26.9843,8.73496263040147,0.0,1,2025-10-31
NWSA,News Corp (Class A),26.9794,8.788478703409933,0.0,1,2025-11-01
NWSA,News Corp (Class A),27.5403,8.712653806483239,0.0,1,2025-11-02
NWSA,News Corp (Class A),27.682,8.6410890675341,0.0,1,2025-11-03
NWSA,News Corp (Class A),27.5836,8.57312057016904,0.0,1,2025-11-04
NWSA,News Corp (Class A),27.5933,8.595706542212765,0.0,1,2025-11-05
NWSA,News Corp (Class A),27.6096,8.642064115658334,0.0,1,2025-11-06
NWSA,News Corp (Class A),27.4838,8.58697988245425,0.0,1,2025-11-07
NXPI,NXP Semiconductors,226.3909,6.94570004940033,0.0,1,2025-10-25
NXPI,NXP Semiconductors,229.1379,7.000596597838179,0.0,1,2025-10-26
NXPI,NXP Semiconductors,228.6562,6.972454394552259,0.0,1,2025-10-27
NXPI,NXP Semiconductors,226.9169,7.014638816484235,0.0,1,2025-10-28
NXPI,NXP Semiconductors,226.7307,7.049109544903029,0.0,1,2025-10-29
NXPI,NXP Semiconductors,226.9042,7.006967435114921,0.0,1,2025-10-30
NXPI,NXP Semiconductors,226.8018,6.963067390026508,0.0,1,2025-10-31
NXPI,NXP Semiconductors,226.3921,6.925536877750412,0.0,1,2025-11-01
NXPI,NXP Semiconductors,220.5271,6.908398999072433,0.0,1,2025-11-02
NXPI,NXP Semiconductors,219.3351,6.907116221814824,0.0,1,2025-11-03
NXPI,NXP Semiconductors,220.8668,6.944221992677243,0.0,1,2025-11-04
NXPI,NXP Semiconductors,222.719,6.970989069855839,0.0,1,2025-11-05
NXPI,NXP Semiconductors,222.9432,6.915912346148484,0.0,1,2025-11-06
NXPI,NXP Semiconductors,221.4463,6.955630286530796,0.0,1,2025-11-07
O,Realty Income,59.4085,9.007800221443176,0.0,1,2025-10-25
O,Realty Income,59.2481,9.048437966855465,0.0,1,2025-10-26
O,Realty Income,59.3755,8.972755923285401,0.0,1,2025-10-27
O,Realty Income,59.2996,8.992718519244113,0.0,1,2025-10-28
O,Realty Income,59.2417,9.007761356323934,0.0,1,2025-10-29
O,Realty Income,59.2482,8.980517319669893,0.0,1,2025-10-30
O,Realty Income,59.2559,9.06885116727037,0.0,1,2025-10-31
O,Realty Income,59.26,9.100242976765108,0.0,1,2025-11-01
O,Realty Income,58.9458,9.076237432368366,0.0,1,2025-11-02
O,Realty Income,58.9091,9.089896694026944,0.0,1,2025-11-03
O,Realty Income,58.9325,9.02420643988815,0.0,1,2025-11-04
O,Realty Income,58.9828,9.093060364018148,0.0,1,2025-11-05
O,Realty Income,58.9687,9.013925968220176,0.0,1,2025-11-06
O,Realty Income,58.7476,9.069488912979793,0.0,1,2025-11-07
ODFL,Old Dominion,142.1045,-7.677900195121765,0.0,1,2025-10-25
ODFL,Old Dominion,146.1664,-7.619430709922241,0.0,1,2025-10-26
ODFL,Old Dominion,145.2564,-7.684124859124706,0.0,1,2025-10-27
ODFL,Old Dominion,140.1067,-7.6203260047282875,0.0,1,2025-10-28
ODFL,Old Dominion,138.8775,-7.572302097138621,0.0,1,2025-10-29
ODFL,Old Dominion,140.2734,-7.516536969898319,0.0,1,2025-10-30
ODFL,Old Dominion,143.225,-7.486442777518601,0.0,1,2025-10-31
ODFL,Old Dominion,142.9465,-7.420065107053878,0.0,1,2025-11-01
ODFL,Old Dominion,142.5801,-7.443661670006649,0.0,1,2025-11-02
ODFL,Old Dominion,141.2463,-7.374859532285021,0.0,1,2025-11-03
ODFL,Old Dominion,141.1829,-7.334669852864143,0.0,1,2025-11-04
ODFL,Old Dominion,143.0774,-7.40315662363617,0.0,1,2025-11-05
ODFL,Old Dominion,145.1422,-7.454863491526974,0.0,1,2025-11-06
ODFL,Old Dominion,143.9482,-7.520556524186837,0.0,1,2025-11-07
OKE,Oneok,72.4305,7.040899991989136,3.490400016307831,3,2025-10-25
OKE,Oneok,74.8591,7.0362644788574435,3.518534489797167,3,2025-10-26
OKE,Oneok,74.0251,7.078047642583483,3.5133936994699106,3,2025-10-27
OKE,Oneok,72.6559,7.034498849880028,3.5410819473691055,3,2025-10-28
OKE,Oneok,72.6116,7.104169643691627,3.5444895569464063,3,2025-10-29
OKE,Oneok,72.9308,7.089220009430806,3.525525893476664,3,2025-10-30
OKE,Oneok,72.8884,7.068155616151838,3.5211490695915812,3,2025-10-31
OKE,Oneok,72.9818,7.134711233839188,3.4930650863343384,3,2025-11-01
OKE,Oneok,70.4533,7.154741505442122,3.506384200153596,3,2025-11-02
OKE,Oneok,69.3089,7.084773166499594,3.507201681090323,3,2025-11-03
OKE,Oneok,70.0802,7.030322103795263,3.49224803883661,3,2025-11-04
OKE,Oneok,70.8432,7.000404738463036,3.49061356821909,3,2025-11-05
OKE,Oneok,71.1306,7.040753152275606,3.49924722636181,3,2025-11-06
OKE,Oneok,69.7179,7.0338897217696985,3.5205450199125803,3,2025-11-07
OMC,Omnicom Group,82.2837,-9.300400018692015,0.0,1,2025-10-25
OMC,Omnicom Group,84.2065,-9.259883729320785,0.0,1,2025-10-26
OMC,Omnicom Group,83.9889,-9.295094268670601,0.0,1,2025-10-27
OMC,Omnicom Group,83.0958,-9.232914354628457,0.0,1,2025-10-28
OMC,Omnicom Group,82.7648,-9.293835731796921,0.0,1,2025-10-29
OMC,Omnicom Group,83.0297,-9.258138444216378,0.0,1,2025-10-30
OMC,Omnicom Group,83.3193,-9.231819794733198,0.0,1,2025-10-31
OMC,Omnicom Group,83.2408,-9.216853145201819,0.0,1,2025-11-01
OMC,Omnicom Group,81.6338,-9.308055085676916,0.0,1,2025-11-02
OMC,Omnicom Group,80.7807,-9.227498487490974,0.0,1,2025-11-03
OMC,Omnicom Group,81.2825,-9.212786156190285,0.0,1,2025-11-04
OMC,Omnicom Group,81.8672,-9.218078097319163,0.0,1,2025-11-05
OMC,Omnicom Group,81.8318,-9.155372615085271,0.0,1,2025-11-06
OMC,Omnicom Group,80.9716,-9.17346281168946,0.0,1,2025-11-07
ON,ON Semiconductor,51.9015,2.015800029039383,0.0,1,2025-10-25
ON,ON Semiconductor,53.5092,2.024356633520036,0.0,1,2025-10-26
ON,ON Semiconductor,53.5662,2.0409733153170597,0.0,1,2025-10-27
ON,ON Semiconductor,52.5731,2.0608436769922065,0.0,1,2025-10-28
ON,ON Semiconductor,51.9213,2.050758910586259,0.0,1,2025-10-29
ON,ON Semiconductor,52.1093,2.063911561519481,0.0,1,2025-10-30
ON,ON Semiconductor,52.2607,2.0844964497205822,0.0,1,2025-10-31
ON,ON Semiconductor,52.431,2.0962130577112608,0.0,1,2025-11-01
ON,ON Semiconductor,51.272,2.0766700616736675,0.0,1,2025-11-02
ON,ON Semiconductor,49.5499,2.0792119332437786,0.0,1,2025-11-03
ON,ON Semiconductor,48.5783,2.074939267596221,0.0,1,2025-11-04
ON,ON Semiconductor,48.669,2.061394726420072,0.0,1,2025-11-05
ON,ON Semiconductor,49.1661,2.068006002586376,0.0,1,2025-11-06
ON,ON Semiconductor,50.0895,2.058343602533005,0.0,1,2025-11-07
ORCL,Oracle Corporation,321.4768,8.690199851989746,0.0,1,2025-10-25
ORCL,Oracle Corporation,323.7896,8.681150211031005,0.0,1,2025-10-26
ORCL,Oracle Corporation,322.048,8.739193469290708,0.0,1,2025-10-27
ORCL,Oracle Corporation,319.6508,8.724733558472195,0.0,1,2025-10-28
ORCL,Oracle Corporation,318.2999,8.803417140056846,0.0,1,2025-10-29
ORCL,Oracle Corporation,319.8862,8.724395555898568,0.0,1,2025-10-30
ORCL,Oracle Corporation,321.4625,8.803096630490156,0.0,1,2025-10-31
ORCL,Oracle Corporation,321.636,8.856847734232025,0.0,1,2025-11-01
ORCL,Oracle Corporation,326.8368,8.87104325892005,0.0,1,2025-11-02
ORCL,Oracle Corporation,327.1739,8.893373763193436,0.0,1,2025-11-03
ORCL,Oracle Corporation,328.1874,8.812506083167293,0.0,1,2025-11-04
ORCL,Oracle Corporation,328.2876,8.876411101735574,0.0,1,2025-11-05
ORCL,Oracle Corporation,324.9675,8.90170153921756,0.0,1,2025-11-06
ORCL,Oracle Corporation,320.5427,8.932487130871893,0.0,1,2025-11-07
ORLY,O’Reilly Automotive,98.9257,-0.605400018393993,8.55359971523285,3,2025-10-25
ORLY,O’Reilly Automotive,100.7902,-0.605888335390261,8.531758327486683,3,2025-10-26
ORLY,O’Reilly Automotive,100.9354,-0.6026761500537253,8.546861769619483,3,2025-10-27
ORLY,O’Reilly Automotive,100.0716,-0.6037813615657301,8.53799521848356,3,2025-10-28
ORLY,O’Reilly Automotive,99.7807,-0.6096005272269464,8.468974913028951,3,2025-10-29
ORLY,O’Reilly Automotive,99.9829,-0.6049315316250349,8.510997180734766,3,2025-10-30
ORLY,O’Reilly Automotive,100.3785,-0.6047436835368312,8.517313893369856,3,2025-10-31
ORLY,O’Reilly Automotive,100.4204,-0.6067350708034152,8.445909911446172,3,2025-11-01
ORLY,O’Reilly Automotive,102.174,-0.6085901702333099,8.418064387271492,3,2025-11-02
ORLY,O’Reilly Automotive,103.7639,-0.6125016358861202,8.406039791343517,3,2025-11-03
ORLY,O’Reilly Automotive,104.1558,-0.6084015271227009,8.367136171587962,3,2025-11-04
ORLY,O’Reilly Automotive,103.7431,-0.6133110364688884,8.418967308294478,3,2025-11-05
ORLY,O’Reilly Automotive,102.9615,-0.6157080314868951,8.431683851581099,3,2025-11-06
ORLY,O’Reilly Automotive,102.1381,-0.6207203982875247,8.478857347666574,3,2025-11-07
OTIS,Otis Worldwide,94.1902,-6.126700043678284,0.0,1,2025-10-25
OTIS,Otis Worldwide,94.8473,-6.106710874134204,0.0,1,2025-10-26
OTIS,Otis Worldwide,94.4524,-6.161586277101084,0.0,1,2025-10-27
OTIS,Otis Worldwide,94.3019,-6.100684882506737,0.0,1,2025-10-28
OTIS,Otis Worldwide,94.3076,-6.087562717325473,0.0,1,2025-10-29
OTIS,Otis Worldwide,94.3626,-6.100418719306216,0.0,1,2025-10-30
OTIS,Otis Worldwide,94.3366,-6.11281711519983,0.0,1,2025-10-31
OTIS,Otis Worldwide,94.3517,-6.154480842903487,0.0,1,2025-11-01
OTIS,Otis Worldwide,93.7819,-6.14577377301954,0.0,1,2025-11-02
OTIS,Otis Worldwide,93.6354,-6.197030287296899,0.0,1,2025-11-03
OTIS,Otis Worldwide,93.5941,-6.200148570961012,0.0,1,2025-11-04
OTIS,Otis Worldwide,93.6606,-6.226038089617926,0.0,1,2025-11-05
OTIS,Otis Worldwide,93.5753,-6.19940926223445,0.0,1,2025-11-06
OTIS,Otis Worldwide,93.3348,-6.193213149767652,0.0,1,2025-11-07
OXY,Occidental Petroleum,41.7554,7.395399808883667,1.060599982738494,2,2025-10-25
OXY,Occidental Petroleum,41.8737,7.387686421612926,1.0638317677194566,2,2025-10-26
OXY,Occidental Petroleum,42.1405,7.397861131861434,1.0694617198298972,2,2025-10-27
OXY,Occidental Petroleum,42.2606,7.405240074755348,1.0795306300430234,2,2025-10-28
OXY,Occidental Petroleum,42.2931,7.4482756937850905,1.0861550334529768,2,2025-10-29
OXY,Occidental Petroleum,42.4139,7.404173686168209,1.0821553080760202,2,2025-10-30
OXY,Occidental Petroleum,41.9585,7.375464214063164,1.0737103365895098,2,2025-10-31
OXY,Occidental Petroleum,41.5701,7.4187462328904585,1.083939218764634,2,2025-11-01
OXY,Occidental Petroleum,41.2296,7.413487714718693,1.0735115192030544,2,2025-11-02
OXY,Occidental Petroleum,41.1844,7.359478284736725,1.0786088168413988,2,2025-11-03
OXY,Occidental Petroleum,41.2355,7.419943576757778,1.0874420328532248,2,2025-11-04
OXY,Occidental Petroleum,41.1275,7.350009876340138,1.0894964625625445,2,2025-11-05
OXY,Occidental Petroleum,41.1175,7.303658220496668,1.090387139823051,2,2025-11-06
OXY,Occidental Petroleum,41.3013,7.361777266368818,1.0961139999138927,2,2025-11-07
PANW,Palo Alto Networks,210.1634,-4.760499894618988,1.281799972057342,2,2025-10-25
PANW,Palo Alto Networks,205.3315,-4.757953442143725,1.2904605359396948,2,2025-10-26
PANW,Palo Alto Networks,205.3595,-4.777909771474433,1.2902892014132619,2,2025-10-27
PANW,Palo Alto Networks,207.8953,-4.743851080054179,1.2957843697400724,2,2025-10-28
PANW,Palo Alto Networks,208.2642,-4.744143398725209,1.2858110590612841,2,2025-10-29
PANW,Palo Alto Networks,207.7824,-4.777294073348656,1.2943884444931162,2,2025-10-30
PANW,Palo Alto Networks,207.6784,-4.774915438902589,1.2841285735650139,2,2025-10-31
PANW,Palo Alto Networks,207.6787,-4.802947875474334,1.2741364263763395,2,2025-11-01
PANW,Palo Alto Networks,211.3086,-4.779682646037532,1.2772930081187674,2,2025-11-02
PANW,Palo Alto Networks,211.9527,-4.751661077893897,1.2781768785640581,2,2025-11-03
PANW,Palo Alto Networks,213.1047,-4.732574434017356,1.2860695970903164,2,2025-11-04
PANW,Palo Alto Networks,213.566,-4.770795135536223,1.2896776396565737,2,2025-11-05
PANW,Palo Alto Networks,213.2135,-4.796090793575755,1.28680033538323,2,2025-11-06
PANW,Palo Alto Networks,211.2912,-4.821037550156082,1.283558379628938,2,2025-11-07
PAYC,Paycom,201.43,7.018899917602539,2.3282000422477718,3,2025-10-25
PAYC,Paycom,202.0529,7.054079132351251,2.322183407459618,3,2025-10-26
PAYC,Paycom,201.4457,7.013127325741352,2.326169795417444,3,2025-10-27
PAYC,Paycom,201.0856,6.970187281480144,2.3483741536717933,3,2025-10-28
PAYC,Paycom,201.3681,6.975385093581384,2.3416144010765634,3,2025-10-29
PAYC,Paycom,201.9158,6.924244882021257,2.352873903007973,3,2025-10-30
PAYC,Paycom,201.8712,6.95339644855036,2.3755458360826704,3,2025-10-31
PAYC,Paycom,201.4779,6.988099191338002,2.384093444422409,3,2025-11-01
PAYC,Paycom,212.7703,6.992238620009904,2.366104515851565,3,2025-11-02
PAYC,Paycom,219.1965,6.9454774545209474,2.3865254284645987,3,2025-11-03
PAYC,Paycom,218.1901,6.958854150202528,2.406491061989279,3,2025-11-04
PAYC,Paycom,216.3784,7.0282250340417365,2.415974765664672,3,2025-11-05
PAYC,Paycom,216.6408,6.988110473876257,2.423442563403138,3,2025-11-06
PAYC,Paycom,215.2673,6.973418795904683,2.419876482065333,3,2025-11-07
PAYX,Paychex,131.3459,8.566499948501587,0.0,1,2025-10-25
PAYX,Paychex,134.3292,8.639047310125239,0.0,1,2025-10-26
PAYX,Paychex,133.1741,8.564148531786424,0.0,1,2025-10-27
PAYX,Paychex,131.4251,8.506848209648462,0.0,1,2025-10-28
PAYX,Paychex,131.1323,8.442911845919058,0.0,1,2025-10-29
PAYX,Paychex,131.6873,8.48499140639977,0.0,1,2025-10-30
PAYX,Paychex,132.1233,8.503789961292394,0.0,1,2025-10-31
PAYX,Paychex,132.0505,8.429631605804918,0.0,1,2025-11-01
PAYX,Paychex,131.335,8.444908108066548,0.0,1,2025-11-02
PAYX,Paychex,131.0578,8.478629926191342,0.0,1,2025-11-03
PAYX,Paychex,131.4032,8.558399204188193,0.0,1,2025-11-04
PAYX,Paychex,131.8415,8.568128827917215,0.0,1,2025-11-05
PAYX,Paychex,131.8329,8.600903145740272,0.0,1,2025-11-06
PAYX,Paychex,130.808,8.68021291575688,0.0,1,2025-11-07
PCAR,Paccar,100.1243,7.242799997329712,0.0,1,2025-10-25
PCAR,Paccar,100.4772,7.195102506110318,0.0,1,2025-10-26
PCAR,Paccar,100.5248,7.224317365495194,0.0,1,2025-10-27
PCAR,Paccar,99.7117,7.240610041441374,0.0,1,2025-10-28
PCAR,Paccar,99.9987,7.260285136488495,0.0,1,2025-10-29
PCAR,Paccar,100.4451,7.281614298675619,0.0,1,2025-10-30
PCAR,Paccar,100.3599,7.256325462241597,0.0,1,2025-10-31
PCAR,Paccar,99.6087,7.2110200913979146,0.0,1,2025-11-01
PCAR,Paccar,100.6797,7.157607056698232,0.0,1,2025-11-02
PCAR,Paccar,101.2345,7.203888013523505,0.0,1,2025-11-03
PCAR,Paccar,101.2322,7.20458780069935,0.0,1,2025-11-04
PCAR,Paccar,101.1553,7.201067599768321,0.0,1,2025-11-05
PCAR,Paccar,101.1843,7.134114229308154,0.0,1,2025-11-06
PCAR,Paccar,100.7641,7.138645447645957,0.0,1,2025-11-07
PCG,PG&E Corporation,17.4232,1.637499928474426,7.656099796295166,4,2025-10-25
PCG,PG&E Corporation,17.699,1.6404716084080788,7.61624667328644,4,2025-10-26
PCG,PG&E Corporation,17.558,1.6351638633431504,7.572353645214109,4,2025-10-27
PCG,PG&E Corporation,17.3871,1.650610646082845,7.5093815733492635,4,2025-10-28
PCG,PG&E Corporation,17.4759,1.6643346456850663,7.5100238806751225,4,2025-10-29
PCG,PG&E Corporation,17.492,1.6629979017880976,7.441437121140974,4,2025-10-30
PCG,PG&E Corporation,17.4374,1.6573247694962387,7.395142204360446,4,2025-10-31
PCG,PG&E Corporation,17.4929,1.6562554078956955,7.334672007934366,4,2025-11-01
PCG,PG&E Corporation,17.3255,1.6569558474208248,7.378743527841417,4,2025-11-02
PCG,PG&E Corporation,17.1779,1.6687827443602343,7.3324117545657606,4,2025-11-03
PCG,PG&E Corporation,17.061,1.6737078602670385,7.297784317026278,4,2025-11-04
PCG,PG&E Corporation,17.2891,1.670877260529381,7.3660941363433485,4,2025-11-05
PCG,PG&E Corporation,17.3163,1.670425282312983,7.3200767840381715,4,2025-11-06
PCG,PG&E Corporation,17.1724,1.6683912458430363,7.324222581807738,4,2025-11-07
PEG,Public Service Enterprise Group,86.0262,8.597099781036377,0.0,1,2025-10-25
PEG,Public Service Enterprise Group,87.1058,8.571338172085952,0.0,1,2025-10-26
PEG,Public Service Enterprise Group,86.6153,8.526865458181721,0.0,1,2025-10-27
PEG,Public Service Enterprise Group,85.6983,8.513585594389385,0.0,1,2025-10-28
PEG,Public Service Enterprise Group,85.5931,8.459619728572877,0.0,1,2025-10-29
PEG,Public Service Enterprise Group,85.9146,8.411440908577703,0.0,1,2025-10-30
PEG,Public Service Enterprise Group,86.2786,8.42800705179847,0.0,1,2025-10-31
PEG,Public Service Enterprise Group,86.2808,8.421084633816857,0.0,1,2025-11-01
PEG,Public Service Enterprise Group,85.9972,8.345621080025886,0.0,1,2025-11-02
PEG,Public Service Enterprise Group,85.8392,8.290115898589425,0.0,1,2025-11-03
PEG,Public Service Enterprise Group,85.9296,8.223982491392432,0.0,1,2025-11-04
PEG,Public Service Enterprise Group,86.0709,8.204397811594694,0.0,1,2025-11-05
PEG,Public Service Enterprise Group,86.2928,8.21070469493357,0.0,1,2025-11-06
PEG,Public Service Enterprise Group,85.717,8.135096284997777,0.0,1,2025-11-07
PEP,PepsiCo,155.2857,7.46940016746521,0.377900004386901,2,2025-10-25
PEP,PepsiCo,156.7671,7.476999598631252,0.37566719334047005,2,2025-10-26
PEP,PepsiCo,156.1975,7.521493269687306,0.3749212870851339,2,2025-10-27
PEP,PepsiCo,155.0621,7.485271083304751,0.37494110891390736,2,2025-10-28
PEP,PepsiCo,154.9573,7.5212757200977,0.3763213183549044,2,2025-10-29
PEP,PepsiCo,155.1751,7.46051704809953,0.37321026055577444,2,2025-10-30
PEP,PepsiCo,155.3632,7.532499922708524,0.3727012552910796,2,2025-10-31
PEP,PepsiCo,155.2647,7.50262209959569,0.3699420777753728,2,2025-11-01
PEP,PepsiCo,154.9254,7.442208712159827,0.3685407692142014,2,2025-11-02
PEP,PepsiCo,154.7974,7.462705832002826,0.36896409059947055,2,2025-11-03
PEP,PepsiCo,154.0803,7.421148593294155,0.3653543087983096,2,2025-11-04
PEP,PepsiCo,153.9536,7.378663176816452,0.3618656545345352,2,2025-11-05
PEP,PepsiCo,154.2639,7.440850375992051,0.3594491274427581,2,2025-11-06
PEP,PepsiCo,154.6453,7.378881981640348,0.35970507942173224,2,2025-11-07
PFE,Pfizer,25.6077,2.333499938249588,5.171800255775452,8,2025-10-25
PFE,Pfizer,25.7664,2.349886369953552,5.147651162630235,8,2025-10-26
PFE,Pfizer,25.7755,2.359709192338441,5.194006928383156,8,2025-10-27
PFE,Pfizer,25.6716,2.3499818456289088,5.217583908017525,8,2025-10-28
PFE,Pfizer,25.6386,2.3324697733984663,5.264773342355747,8,2025-10-29
PFE,Pfizer,25.652,2.339906273049671,5.258736068271004,8,2025-10-30
PFE,Pfizer,25.6726,2.3567076691149103,5.266597139424169,8,2025-10-31
PFE,Pfizer,25.6632,2.369004188664683,5.284388299953163,8,2025-11-01
PFE,Pfizer,25.2955,2.3840225050874206,5.294317287008691,8,2025-11-02
PFE,Pfizer,25.1727,2.3803565942415283,5.284301771047672,8,2025-11-03
PFE,Pfizer,25.2134,2.378246948668267,5.23322270242521,8,2025-11-04
PFE,Pfizer,25.15,2.396249036993351,5.203035701268021,8,2025-11-05
PFE,Pfizer,25.0139,2.416438016180087,5.178354064780509,8,2025-11-06
PFE,Pfizer,25.1165,2.4288482466579087,5.146726180097435,8,2025-11-07
PFG,Principal Financial Group,80.1368,-0.49309998750686596,11.339999437332152,2,2025-10-25
PFG,Principal Financial Group,80.235,-0.4956284517754627,11.434458816444666,2,2025-10-26
PFG,Principal Financial Group,80.1205,-0.5005601902690658,11.50102286261982,2,2025-10-27
PFG,Principal Financial Group,79.9982,-0.5041002130458697,11.498200256520544,2,2025-10-28
PFG,Principal Financial Group,80.0546,-0.5018320787678408,11.423188832665494,2,2025-10-29
PFG,Principal Financial Group,80.0499,-0.5050990308413141,11.52070956276745,2,2025-10-30
PFG,Principal Financial Group,80.0446,-0.5042137879747345,11.411264426621294,2,2025-10-31
PFG,Principal Financial Group,80.0449,-0.5090736704658418,11.395944267764362,2,2025-11-01
PFG,Principal Financial Group,79.8589,-0.5074872115914196,11.379343999302417,2,2025-11-02
PFG,Principal Financial Group,79.8214,-0.5042857126602533,11.307142032431983,2,2025-11-03
PFG,Principal Financial Group,79.8599,-0.5055850350954728,11.416886975978343,2,2025-11-04
PFG,Principal Financial Group,79.8703,-0.5033184584681066,11.422319185345192,2,2025-11-05
PFG,Principal Financial Group,79.8635,-0.5003827586046431,11.50078383731671,2,2025-11-06
PFG,Principal Financial Group,79.6446,-0.5005637408405187,11.408052343502902,2,2025-11-07
PG,Procter & Gamble,160.0409,-8.31059992313385,0.24989999830722798,3,2025-10-25
PG,Procter & Gamble,161.593,-8.370314583895356,0.24926928104749077,3,2025-10-26
PG,Procter & Gamble,160.4285,-8.336593317129097,0.2487919646617992,3,2025-10-27
PG,Procter & Gamble,159.9739,-8.33689892088291,0.24978814492066478,3,2025-10-28
PG,Procter & Gamble,160.1098,-8.349676715746513,0.24959792594299718,3,2025-10-29
PG,Procter & Gamble,160.2296,-8.309204067443268,0.24944434869682888,3,2025-10-30
PG,Procter & Gamble,160.306,-8.36203618496741,0.24987461656947169,3,2025-10-31
PG,Procter & Gamble,160.2824,-8.436422045522225,0.25208945818453793,3,2025-11-01
PG,Procter & Gamble,159.349,-8.469654775966307,0.25401509690977603,3,2025-11-02
PG,Procter & Gamble,158.999,-8.524589711042346,0.2530269775996435,3,2025-11-03
PG,Procter & Gamble,159.1823,-8.597606973759193,0.250819406420926,3,2025-11-04
PG,Procter & Gamble,159.4746,-8.682028556971042,0.2511675278429697,3,2025-11-05
PG,Procter & Gamble,159.7004,-8.763267750275173,0.24894298898995335,3,2025-11-06
PG,Procter & Gamble,158.9138,-8.817112984024849,0.24827262745068035,3,2025-11-07
PGR,Progressive Corporation,224.8087,5.75219988822937,0.0,1,2025-10-25
PGR,Progressive Corporation,229.6603,5.808833823245931,0.0,1,2025-10-26
PGR,Progressive Corporation,228.3802,5.812543339879649,0.0,1,2025-10-27
PGR,Progressive Corporation,225.3919,5.755430764903276,0.0,1,2025-10-28
PGR,Progressive Corporation,224.5872,5.712265478228487,0.0,1,2025-10-29
PGR,Progressive Corporation,224.4135,5.675645891662146,0.0,1,2025-10-30
PGR,Progressive Corporation,224.62,5.660349340696471,0.0,1,2025-10-31
PGR,Progressive Corporation,224.6443,5.610315868835423,0.0,1,2025-11-01
PGR,Progressive Corporation,224.6855,5.626931007654105,0.0,1,2025-11-02
PGR,Progressive Corporation,224.5126,5.637749095624084,0.0,1,2025-11-03
PGR,Progressive Corporation,225.8938,5.589207294743995,0.0,1,2025-11-04
PGR,Progressive Corporation,226.5447,5.6208987609391965,0.0,1,2025-11-05
PGR,Progressive Corporation,226.7678,5.659587631254911,0.0,1,2025-11-06
PGR,Progressive Corporation,223.4136,5.60507051536647,0.0,1,2025-11-07
PH,Parker Hannifin,794.866,-2.020200043916702,8.611599802970886,2,2025-10-25
PH,Parker Hannifin,800.5925,-2.03293732050463,8.575856303897327,2,2025-10-26
PH,Parker Hannifin,792.235,-2.050554055700663,8.542134226486901,2,2025-10-27
PH,Parker Hannifin,782.2857,-2.0542776180259477,8.554735508488417,2,2025-10-28
PH,Parker Hannifin,781.4787,-2.058706553705629,8.561155425836779,2,2025-10-29
PH,Parker Hannifin,785.1412,-2.057673944490389,8.532612685645923,2,2025-10-30
PH,Parker Hannifin,790.6364,-2.057303085728147,8.476845880344014,2,2025-10-31
PH,Parker Hannifin,792.4472,-2.0378874953651245,8.54437935780494,2,2025-11-01
PH,Parker Hannifin,803.7996,-2.0452288641767953,8.610560848645676,2,2025-11-02
PH,Parker Hannifin,813.0014,-2.025305427594003,8.693777075414975,2,2025-11-03
PH,Parker Hannifin,818.7103,-2.0218107607081666,8.649344996079927,2,2025-11-04
PH,Parker Hannifin,810.9972,-2.0292500836382072,8.622064994467577,2,2025-11-05
PH,Parker Hannifin,800.7386,-2.0417075363816557,8.649415212362854,2,2025-11-06
PH,Parker Hannifin,792.616,-2.0469144787147684,8.629630703269513,2,2025-11-07
PHM,PulteGroup,127.244,0.062600001692771,0.0,1,2025-10-25
PHM,PulteGroup,129.0645,0.062326782535132276,0.0,1,2025-10-26
PHM,PulteGroup,128.6554,0.06276242383552541,0.0,1,2025-10-27
PHM,PulteGroup,127.6679,0.062257609215556,0.0,1,2025-10-28
PHM,PulteGroup,127.359,0.06178625542403453,0.0,1,2025-10-29
PHM,PulteGroup,127.4611,0.0619207814210345,0.0,1,2025-10-30
PHM,PulteGroup,127.6434,0.06213705818492671,0.0,1,2025-10-31
PHM,PulteGroup,127.8609,0.06179123094304527,0.0,1,2025-11-01
PHM,PulteGroup,127.0653,0.06119795200992611,0.0,1,2025-11-02
PHM,PulteGroup,126.8043,0.0618071300514594,0.0,1,2025-11-03
PHM,PulteGroup,127.0824,0.061439029968026096,0.0,1,2025-11-04
PHM,PulteGroup,127.5568,0.06175001917479615,0.0,1,2025-11-05
PHM,PulteGroup,127.5219,0.06188287527499207,0.0,1,2025-11-06
PHM,PulteGroup,126.5173,0.062187567566325146,0.0,1,2025-11-07
PKG,Packaging Corporation of America,209.0846,-0.469800010323524,8.441799879074097,3,2025-10-25
PKG,Packaging Corporation of America,215.0802,-0.466972169908668,8.481748319448068,3,2025-10-26
PKG,Packaging Corporation of America,215.685,-0.4684750213356408,8.41837439036482,3,2025-10-27
PKG,Packaging Corporation of America,213.506,-0.47170295548889996,8.391881470884197,3,2025-10-28
PKG,Packaging Corporation of America,212.0624,-0.4740623908790073,8.365397019293892,3,2025-10-29
PKG,Packaging Corporation of America,212.5079,-0.4749688068798052,8.428922772475806,3,2025-10-30
PKG,Packaging Corporation of America,213.296,-0.4720012245659016,8.445184106953093,3,2025-10-31
PKG,Packaging Corporation of America,213.2751,-0.4758230314524095,8.372041607622709,3,2025-11-01
PKG,Packaging Corporation of America,213.0584,-0.4724678288821821,8.363356713846681,3,2025-11-02
PKG,Packaging Corporation of America,213.0834,-0.4760063515728493,8.352158206691623,3,2025-11-03
PKG,Packaging Corporation of America,213.5436,-0.47777983619582765,8.393785014019366,3,2025-11-04
PKG,Packaging Corporation of America,213.73,-0.4808635057280998,8.473583601791505,3,2025-11-05
PKG,Packaging Corporation of America,213.5505,-0.4770222549474809,8.54131383998049,3,2025-11-06
PKG,Packaging Corporation of America,212.0233,-0.4763550384610306,8.586162460470232,3,2025-11-07
PLD,Prologis,120.5068,-2.373600006103515,0.0,1,2025-10-25
PLD,Prologis,118.4603,-2.369499212996974,0.0,1,2025-10-26
PLD,Prologis,119.0943,-2.3827436611496577,0.0,1,2025-10-27
PLD,Prologis,119.5342,-2.3911799069483504,0.0,1,2025-10-28
PLD,Prologis,119.4432,-2.3930685948214814,0.0,1,2025-10-29
PLD,Prologis,119.4433,-2.390527174741103,0.0,1,2025-10-30
PLD,Prologis,119.3484,-2.37575186347334,0.0,1,2025-10-31
PLD,Prologis,119.3996,-2.365481718920892,0.0,1,2025-11-01
PLD,Prologis,117.9233,-2.385031180151925,0.0,1,2025-11-02
PLD,Prologis,117.2923,-2.3944227423527606,0.0,1,2025-11-03
PLD,Prologis,117.4914,-2.3848473667609746,0.0,1,2025-11-04
PLD,Prologis,118.0631,-2.3798121249960515,0.0,1,2025-11-05
PLD,Prologis,118.0672,-2.376249974770712,0.0,1,2025-11-06
PLD,Prologis,118.0568,-2.380016270731645,0.0,1,2025-11-07
PLTR,Palantir Technologies,223.9132,4.962399899959564,6.923199892044067,6,2025-10-25
PLTR,Palantir Technologies,234.3676,4.914624668315108,6.966014813358001,6,2025-10-26
PLTR,Palantir Technologies,235.794,4.928886536573766,6.971726837641041,6,2025-10-27
PLTR,Palantir Technologies,242.5306,4.932798918480856,6.95145397645351,6,2025-10-28
PLTR,Palantir Technologies,238.4591,4.962034811995349,7.001610693089061,6,2025-10-29
PLTR,Palantir Technologies,229.503,5.0044413070227565,6.98547556388473,6,2025-10-30
PLTR,Palantir Technologies,221.1239,4.975506599536041,6.916402142602619,6,2025-10-31
PLTR,Palantir Technologies,221.6545,4.945442358591432,6.977680608305436,6,2025-11-01
PLTR,Palantir Technologies,267.0452,4.93059780712657,6.918287591227763,6,2025-11-02
PLTR,Palantir Technologies,266.8323,4.883854865157169,6.850484773092081,6,2025-11-03
PLTR,Palantir Technologies,266.5504,4.876284679705382,6.899605402874652,6,2025-11-04
PLTR,Palantir Technologies,262.1257,4.90510052976686,6.865986004472633,6,2025-11-05
PLTR,Palantir Technologies,253.4152,4.902607699734281,6.823896533761983,6,2025-11-06
PLTR,Palantir Technologies,244.9832,4.8693761217735,6.764266902302334,6,2025-11-07
PM,Philip Morris International,177.6036,8.478500247001648,0.0,1,2025-10-25
PM,Philip Morris International,184.5412,8.505323277362434,0.0,1,2025-10-26
PM,Philip Morris International,182.3569,8.550477216238194,0.0,1,2025-10-27
PM,Philip Morris International,177.4161,8.497033294882613,0.0,1,2025-10-28
PM,Philip Morris International,174.4033,8.56496224707831,0.0,1,2025-10-29
PM,Philip Morris International,176.4895,8.553658288179527,0.0,1,2025-10-30
PM,Philip Morris International,180.4452,8.566852440632271,0.0,1,2025-10-31
PM,Philip Morris International,180.9352,8.519011607489631,0.0,1,2025-11-01
PM,Philip Morris International,187.7785,8.575583715718384,0.0,1,2025-11-02
PM,Philip Morris International,189.7349,8.635603857683474,0.0,1,2025-11-03
PM,Philip Morris International,188.8506,8.663301542324419,0.0,1,2025-11-04
PM,Philip Morris International,189.1697,8.597537503129264,0.0,1,2025-11-05
PM,Philip Morris International,188.4702,8.513844391323556,0.0,1,2025-11-06
PM,Philip Morris International,186.4793,8.50792269443967,0.0,1,2025-11-07
PNC,PNC Financial Services,193.9583,9.122400283813475,0.0,1,2025-10-25
PNC,PNC Financial Services,194.611,9.082477847013264,0.0,1,2025-10-26
PNC,PNC Financial Services,193.5086,9.007367040202789,0.0,1,2025-10-27
PNC,PNC Financial Services,193.1419,8.947815102672886,0.0,1,2025-10-28
PNC,PNC Financial Services,193.595,8.950736197331837,0.0,1,2025-10-29
PNC,PNC Financial Services,194.1083,8.936302122466637,0.0,1,2025-10-30
PNC,PNC Financial Services,194.0643,8.9910281070394,0.0,1,2025-10-31
PNC,PNC Financial Services,193.81,9.014406753760257,0.0,1,2025-11-01
PNC,PNC Financial Services,194.3348,8.95711879213855,0.0,1,2025-11-02
PNC,PNC Financial Services,194.4755,9.030894735649813,0.0,1,2025-11-03
PNC,PNC Financial Services,194.9891,9.11260911629902,0.0,1,2025-11-04
PNC,PNC Financial Services,195.8842,9.13023335701722,0.0,1,2025-11-05
PNC,PNC Financial Services,196.4142,9.1192867757979,0.0,1,2025-11-06
PNC,PNC Financial Services,194.3622,9.044788534222677,0.0,1,2025-11-07
PNR,Pentair,113.5896,-5.888299942016602,0.0,1,2025-10-25
PNR,Pentair,115.0282,-5.891281078631532,0.0,1,2025-10-26
PNR,Pentair,115.0155,-5.894442873731703,0.0,1,2025-10-27
PNR,Pentair,113.9419,-5.951569277262836,0.0,1,2025-10-28
PNR,Pentair,113.5395,-5.9568163886715135,0.0,1,2025-10-29
PNR,Pentair,113.8341,-5.981858265357611,0.0,1,2025-10-30
PNR,Pentair,114.1527,-5.92863555664733,0.0,1,2025-10-31
PNR,Pentair,114.0233,-5.925774944366257,0.0,1,2025-11-01
PNR,Pentair,114.5363,-5.919285489248419,0.0,1,2025-11-02
PNR,Pentair,114.7034,-5.8996832720083825,0.0,1,2025-11-03
PNR,Pentair,114.6795,-5.8548589153287445,0.0,1,2025-11-04
PNR,Pentair,114.6238,-5.836180485260412,0.0,1,2025-11-05
PNR,Pentair,114.6598,-5.8686786223534275,0.0,1,2025-11-06
PNR,Pentair,113.9305,-5.917396645267534,0.0,1,2025-11-07
PNW,Pinnacle West Capital,93.315,8.663100004196167,0.0,1,2025-10-25
PNW,Pinnacle West Capital,94.3255,8.613866920038747,0.0,1,2025-10-26
PNW,Pinnacle West Capital,94.2021,8.676628013397181,0.0,1,2025-10-27
PNW,Pinnacle West Capital,93.1521,8.635027834712448,0.0,1,2025-10-28
PNW,Pinnacle West Capital,92.7569,8.605118667440228,0.0,1,2025-10-29
PNW,Pinnacle West Capital,93.0025,8.639724261877245,0.0,1,2025-10-30
PNW,Pinnacle West Capital,93.412,8.692816862044307,0.0,1,2025-10-31
PNW,Pinnacle West Capital,93.4367,8.67556649289395,0.0,1,2025-11-01
PNW,Pinnacle West Capital,93.2939,8.632540138537296,0.0,1,2025-11-02
PNW,Pinnacle West Capital,93.234,8.616840801518942,0.0,1,2025-11-03
PNW,Pinnacle West Capital,93.2626,8.68277331937932,0.0,1,2025-11-04
PNW,Pinnacle West Capital,93.3344,8.726883102732241,0.0,1,2025-11-05
PNW,Pinnacle West Capital,93.3398,8.67306060395581,0.0,1,2025-11-06
PNW,Pinnacle West Capital,92.7271,8.71659769502043,0.0,1,2025-11-07
PODD,Insulet Corporation,351.1086,7.579500079154968,1.9542999565601349,2,2025-10-25
PODD,Insulet Corporation,367.422,7.611242622990426,1.9650612204700446,2,2025-10-26
PODD,Insulet Corporation,363.7729,7.544957972093977,1.9768253326845981,2,2025-10-27
PODD,Insulet Corporation,351.4853,7.4894394786949725,1.9963903018664735,2,2025-10-28
PODD,Insulet Corporation,344.0818,7.503877633243034,1.9882017686996711,2,2025-10-29
PODD,Insulet Corporation,344.7577,7.509556057111373,1.9764498060736653,2,2025-10-30
PODD,Insulet Corporation,355.4064,7.445730658495039,1.9647664330371917,2,2025-10-31
PODD,Insulet Corporation,359.9769,7.455951750839975,1.9729883150784449,2,2025-11-01
PODD,Insulet Corporation,367.289,7.4550435019460695,1.9873593534505742,2,2025-11-02
PODD,Insulet Corporation,368.0453,7.470626057860503,1.992250858892549,2,2025-11-03
PODD,Insulet Corporation,365.3201,7.457554075205604,1.9857854265019497,2,2025-11-04
PODD,Insulet Corporation,363.0802,7.502899691346759,1.9693320434655843,2,2025-11-05
PODD,Insulet Corporation,363.2036,7.463728730751902,1.9628240968083681,2,2025-11-06
PODD,Insulet Corporation,361.2076,7.481478684799622,1.9525263704496143,2,2025-11-07
POOL,Pool Corporation,301.6269,-6.004800200462341,5.231800079345703,3,2025-10-25
POOL,Pool Corporation,310.1079,-6.011285208590668,5.235236630587318,3,2025-10-26
POOL,Pool Corporation,310.0279,-6.022648592254693,5.195190457231696,3,2025-10-27
POOL,Pool Corporation,305.1134,-6.060430189756741,5.24676958841161,3,2025-10-28
POOL,Pool Corporation,304.2155,-6.104567456689734,5.2224796232853885,3,2025-10-29
POOL,Pool Corporation,304.6217,-6.153618984212096,5.266815945417442,3,2025-10-30
POOL,Pool Corporation,304.5961,-6.1647369188310845,5.23903885926734,3,2025-10-31
POOL,Pool Corporation,304.357,-6.219426183155914,5.212716811440418,3,2025-11-01
POOL,Pool Corporation,303.1065,-6.253317542044166,5.253912124630931,3,2025-11-02
POOL,Pool Corporation,303.4329,-6.195092132845463,5.26363992754817,3,2025-11-03
POOL,Pool Corporation,302.8134,-6.183375120558171,5.264017403342155,3,2025-11-04
POOL,Pool Corporation,302.5402,-6.201672173003247,5.229217529595351,3,2025-11-05
POOL,Pool Corporation,303.318,-6.201707212618379,5.264811735754391,3,2025-11-06
POOL,Pool Corporation,301.5693,-6.260246378985033,5.255301538926849,3,2025-11-07
PPG,PPG Industries,106.9779,8.439000248908997,0.0,1,2025-10-25
PPG,PPG Industries,110.0803,8.356828630544078,0.0,1,2025-10-26
PPG,PPG Industries,110.7489,8.31079674812882,0.0,1,2025-10-27
PPG,PPG Industries,108.3545,8.338822149333854,0.0,1,2025-10-28
PPG,PPG Industries,107.2031,8.352545242184274,0.0,1,2025-10-29
PPG,PPG Industries,108.461,8.407045757874144,0.0,1,2025-10-30
PPG,PPG Industries,108.7701,8.451445422511313,0.0,1,2025-10-31
PPG,PPG Industries,108.0011,8.401297006310177,0.0,1,2025-11-01
PPG,PPG Industries,106.488,8.45002999444671,0.0,1,2025-11-02
PPG,PPG Industries,106.181,8.461208204262668,0.0,1,2025-11-03
PPG,PPG Industries,106.0938,8.42016535488694,0.0,1,2025-11-04
PPG,PPG Industries,106.3084,8.494867116939183,0.0,1,2025-11-05
PPG,PPG Industries,106.7513,8.542761133291869,0.0,1,2025-11-06
PPG,PPG Industries,107.0297,8.543559682533678,0.0,1,2025-11-07
PPL,PPL Corporation,37.7517,9.020500183105467,0.0,1,2025-10-25
PPL,PPL Corporation,37.8849,8.947027593487897,0.0,1,2025-10-26
PPL,PPL Corporation,37.7623,9.032077500426352,0.0,1,2025-10-27
PPL,PPL Corporation,37.6107,9.035181761320128,0.0,1,2025-10-28
PPL,PPL Corporation,37.5765,9.086358759369283,0.0,1,2025-10-29
PPL,PPL Corporation,37.6162,9.122562673963737,0.0,1,2025-10-30
PPL,PPL Corporation,37.6332,9.047830819349082,0.0,1,2025-10-31
PPL,PPL Corporation,37.7115,9.096178998013945,0.0,1,2025-11-01
PPL,PPL Corporation,37.5766,9.103969209829572,0.0,1,2025-11-02
PPL,PPL Corporation,37.4335,9.150442348517029,0.0,1,2025-11-03
PPL,PPL Corporation,37.5422,9.212531114026348,0.0,1,2025-11-04
PPL,PPL Corporation,37.7565,9.16328068321479,0.0,1,2025-11-05
PPL,PPL Corporation,37.7815,9.226621811021205,0.0,1,2025-11-06
PPL,PPL Corporation,37.3721,9.313529030763151,0.0,1,2025-11-07
PRU,Prudential Financial,106.1114,7.211499810218811,0.0,1,2025-10-25
PRU,Prudential Financial,107.3162,7.19805023902215,0.0,1,2025-10-26
PRU,Prudential Financial,106.9351,7.188898709805798,0.0,1,2025-10-27
PRU,Prudential Financial,106.7331,7.242958401663823,0.0,1,2025-10-28
PRU,Prudential Financial,106.7866,7.291723129291328,0.0,1,2025-10-29
PRU,Prudential Financial,106.9007,7.242792380227717,0.0,1,2025-10-30
PRU,Prudential Financial,106.8476,7.199078895225785,0.0,1,2025-10-31
PRU,Prudential Financial,106.8816,7.24047393644215,0.0,1,2025-11-01
PRU,Prudential Financial,105.7909,7.211040819457541,0.0,1,2025-11-02
PRU,Prudential Financial,105.4757,7.267568894560292,0.0,1,2025-11-03
PRU,Prudential Financial,105.786,7.1964903655426635,0.0,1,2025-11-04
PRU,Prudential Financial,105.7394,7.19588663961489,0.0,1,2025-11-05
PRU,Prudential Financial,105.7476,7.2044936847104415,0.0,1,2025-11-06
PRU,Prudential Financial,105.2672,7.227107298558092,0.0,1,2025-11-07
PSA,Public Storage,309.8893,6.775500178337097,0.0,1,2025-10-25
PSA,Public Storage,313.7532,6.828060752094357,0.0,1,2025-10-26
PSA,Public Storage,313.2887,6.804700304239545,0.0,1,2025-10-27
PSA,Public Storage,310.0205,6.770869823057168,0.0,1,2025-10-28
PSA,Public Storage,309.7259,6.7961221366901166,0.0,1,2025-10-29
PSA,Public Storage,310.1423,6.786854235161849,0.0,1,2025-10-30
PSA,Public Storage,310.403,6.810843894434817,0.0,1,2025-10-31
PSA,Public Storage,310.2564,6.815447260612461,0.0,1,2025-11-01
PSA,Public Storage,309.2271,6.81171739831663,0.0,1,2025-11-02
PSA,Public Storage,309.3552,6.822381737305908,0.0,1,2025-11-03
PSA,Public Storage,309.2264,6.8444602329047,0.0,1,2025-11-04
PSA,Public Storage,309.411,6.896723632177454,0.0,1,2025-11-05
PSA,Public Storage,309.4484,6.834407265899224,0.0,1,2025-11-06
PSA,Public Storage,307.9603,6.771963148416788,0.0,1,2025-11-07
PSKY,Paramount Skydance Corporation,14.0476,-9.211300015449524,0.0,1,2025-10-25
PSKY,Paramount Skydance Corporation,13.2381,-9.154720279486106,0.0,1,2025-10-26
PSKY,Paramount Skydance Corporation,13.0585,-9.186461095038029,0.0,1,2025-10-27
PSKY,Paramount Skydance Corporation,13.319,-9.170095675520118,0.0,1,2025-10-28
PSKY,Paramount Skydance Corporation,13.5941,-9.172800797405214,0.0,1,2025-10-29
PSKY,Paramount Skydance Corporation,13.582,-9.13592048930372,0.0,1,2025-10-30
PSKY,Paramount Skydance Corporation,13.4628,-9.139152641431584,0.0,1,2025-10-31
PSKY,Paramount Skydance Corporation,13.383,-9.229603242690697,0.0,1,2025-11-01
PSKY,Paramount Skydance Corporation,14.9242,-9.271285287047387,0.0,1,2025-11-02
PSKY,Paramount Skydance Corporation,15.3809,-9.33281788784153,0.0,1,2025-11-03
PSKY,Paramount Skydance Corporation,15.1387,-9.371493538764119,0.0,1,2025-11-04
PSKY,Paramount Skydance Corporation,14.9668,-9.336943666757382,0.0,1,2025-11-05
PSKY,Paramount Skydance Corporation,15.0404,-9.300943484036251,0.0,1,2025-11-06
PSKY,Paramount Skydance Corporation,15.0651,-9.314827885733227,0.0,1,2025-11-07
PSX,Phillips 66,134.4473,7.524600028991699,1.5368999540805812,3,2025-10-25
PSX,Phillips 66,134.9306,7.580676376792952,1.5445614400665948,3,2025-10-26
PSX,Phillips 66,135.3981,7.538326477840943,1.5466846653192357,3,2025-10-27
PSX,Phillips 66,134.6341,7.471172029826588,1.5529292310355276,3,2025-10-28
PSX,Phillips 66,133.9877,7.420547520271849,1.56720839158988,3,2025-10-29
PSX,Phillips 66,134.9605,7.3737116060847026,1.5783069715498788,3,2025-10-30
PSX,Phillips 66,135.6009,7.3051626664724285,1.5867873928511467,3,2025-10-31
PSX,Phillips 66,134.7197,7.294305437253637,1.5760620449144784,3,2025-11-01
PSX,Phillips 66,133.6308,7.271331577798768,1.5613407582618954,3,2025-11-02
PSX,Phillips 66,133.5084,7.307848724097658,1.5680218907531995,3,2025-11-03
PSX,Phillips 66,133.5533,7.247487724865704,1.5819332117226501,3,2025-11-04
PSX,Phillips 66,133.6605,7.241922833355559,1.5949559417476737,3,2025-11-05
PSX,Phillips 66,133.8318,7.213675982364951,1.5799662344496794,3,2025-11-06
PSX,Phillips 66,133.8828,7.175232393067024,1.5707898830021545,3,2025-11-07
PTC,PTC Inc.,204.3062,1.6870999336242671,0.0,1,2025-10-25
PTC,PTC Inc.,204.3262,1.68127504747908,0.0,1,2025-10-26
PTC,PTC Inc.,204.1596,1.68428603392846,0.0,1,2025-10-27
PTC,PTC Inc.,203.9064,1.6952932588319258,0.0,1,2025-10-28
PTC,PTC Inc.,203.9659,1.7111906398675245,0.0,1,2025-10-29
PTC,PTC Inc.,203.9807,1.706778914205931,0.0,1,2025-10-30
PTC,PTC Inc.,203.8849,1.7046644770242874,0.0,1,2025-10-31
PTC,PTC Inc.,203.9464,1.719962747726909,0.0,1,2025-11-01
PTC,PTC Inc.,205.0834,1.704575098393466,0.0,1,2025-11-02
PTC,PTC Inc.,205.5605,1.6929463795138944,0.0,1,2025-11-03
PTC,PTC Inc.,206.1065,1.7043639569438875,0.0,1,2025-11-04
PTC,PTC Inc.,205.5742,1.7034531079481678,0.0,1,2025-11-05
PTC,PTC Inc.,205.1571,1.7172615925105292,0.0,1,2025-11-06
PTC,PTC Inc.,204.1819,1.7081287044031714,0.0,1,2025-11-07
PWR,Quanta Services,457.4072,8.139899969100952,0.0,1,2025-10-25
PWR,Quanta Services,458.3579,8.083224257065801,0.0,1,2025-10-26
PWR,Quanta Services,455.4293,8.16278380936076,0.0,1,2025-10-27
PWR,Quanta Services,452.9015,8.181615125946795,0.0,1,2025-10-28
PWR,Quanta Services,455.8716,8.229375777054882,0.0,1,2025-10-29
PWR,Quanta Services,454.592,8.180802035230174,0.0,1,2025-10-30
PWR,Quanta Services,456.4888,8.137484767274657,0.0,1,2025-10-31
PWR,Quanta Services,456.226,8.117739656811048,0.0,1,2025-11-01
PWR,Quanta Services,461.1832,8.040742016997795,0.0,1,2025-11-02
PWR,Quanta Services,464.0721,8.07387578562553,0.0,1,2025-11-03
PWR,Quanta Services,461.9191,8.138269922452329,0.0,1,2025-11-04
PWR,Quanta Services,462.5764,8.192267660685017,0.0,1,2025-11-05
PWR,Quanta Services,460.3585,8.171757337957878,0.0,1,2025-11-06
PWR,Quanta Services,458.5926,8.185864715639925,0.0,1,2025-11-07
PYPL,PayPal,74.3462,-2.4398000538349147,6.301800012588501,8,2025-10-25
PYPL,PayPal,76.2778,-2.422401195108044,6.299281610078049,8,2025-10-26
PYPL,PayPal,75.8488,-2.419776428991951,6.279697699334458,8,2025-10-27
PYPL,PayPal,75.0918,-2.4434258867485275,6.289722668896255,8,2025-10-28
PYPL,PayPal,75.1432,-2.4373558248833,6.296783394486198,8,2025-10-29
PYPL,PayPal,75.3442,-2.4614470448704595,6.307686999382709,8,2025-10-30
PYPL,PayPal,75.6608,-2.4804886190080513,6.348319824774403,8,2025-10-31
PYPL,PayPal,75.5615,-2.4972155117393378,6.314954934984344,8,2025-11-01
PYPL,PayPal,74.4926,-2.4850865689613735,6.314733087816989,8,2025-11-02
PYPL,PayPal,73.8328,-2.4767946421380325,6.3148147403330315,8,2025-11-03
PYPL,PayPal,74.3187,-2.4622403540671898,6.353335027031991,8,2025-11-04
PYPL,PayPal,74.7467,-2.479161721809759,6.402681796780301,8,2025-11-05
PYPL,PayPal,74.6689,-2.4789974812507953,6.413601417554672,8,2025-11-06
PYPL,PayPal,73.9848,-2.4604260263793005,6.471555637739552,8,2025-11-07
QCOM,Qualcomm,170.274,3.755599856376648,0.0,1,2025-10-25
QCOM,Qualcomm,171.2624,3.763134796865551,0.0,1,2025-10-26
QCOM,Qualcomm,170.841,3.7723157824649576,0.0,1,2025-10-27
QCOM,Qualcomm,169.6055,3.775628433809042,0.0,1,2025-10-28
QCOM,Qualcomm,169.4605,3.773135597556396,0.0,1,2025-10-29
QCOM,Qualcomm,169.8492,3.778818183367853,0.0,1,2025-10-30
QCOM,Qualcomm,170.357,3.7794324741497967,0.0,1,2025-10-31
QCOM,Qualcomm,170.1911,3.775891092879575,0.0,1,2025-11-01
QCOM,Qualcomm,169.0189,3.8056290841251275,0.0,1,2025-11-02
QCOM,Qualcomm,168.77,3.8137955784846924,0.0,1,2025-11-03
QCOM,Qualcomm,168.7991,3.851923846298833,0.0,1,2025-11-04
QCOM,Qualcomm,169.4278,3.853908256284339,0.0,1,2025-11-05
QCOM,Qualcomm,170.4869,3.8788533474010394,0.0,1,2025-11-06
QCOM,Qualcomm,169.7511,3.9086037559824516,0.0,1,2025-11-07
RCL,Royal Caribbean Group,378.5868,2.9565000534057613,4.697299897670746,6,2025-10-25
RCL,Royal Caribbean Group,394.8406,2.9536264685270233,4.743040217810509,6,2025-10-26
RCL,Royal Caribbean Group,388.1994,2.961005296794904,4.786570080822549,6,2025-10-27
RCL,Royal Caribbean Group,375.8571,2.975653017111648,4.742446103287979,6,2025-10-28
RCL,Royal Caribbean Group,367.4031,2.9543043273564478,4.76327378099378,6,2025-10-29
RCL,Royal Caribbean Group,367.4749,2.9712571881801826,4.747277497475055,6,2025-10-30
RCL,Royal Caribbean Group,383.7768,2.9956517417172948,4.748300767785072,6,2025-10-31
RCL,Royal Caribbean Group,384.6479,2.974193363678432,4.742056599403249,6,2025-11-01
RCL,Royal Caribbean Group,399.2624,2.9518164772758935,4.706761607779668,6,2025-11-02
RCL,Royal Caribbean Group,405.82,2.9363645617879626,4.690898124700634,6,2025-11-03
RCL,Royal Caribbean Group,406.729,2.9641267788735015,4.696676212198615,6,2025-11-04
RCL,Royal Caribbean Group,406.3866,2.969797052142439,4.702656218400879,6,2025-11-05
RCL,Royal Caribbean Group,403.8655,2.962443459727055,4.661009458708681,6,2025-11-06
RCL,Royal Caribbean Group,400.8828,2.9905444879310745,4.698084324707699,6,2025-11-07
REG,Regency Centers,73.4393,8.368399739265442,0.0,1,2025-10-25
REG,Regency Centers,73.7596,8.394501724798388,0.0,1,2025-10-26
REG,Regency Centers,73.3938,8.433387161419653,0.0,1,2025-10-27
REG,Regency Centers,73.1419,8.434052150111302,0.0,1,2025-10-28
REG,Regency Centers,73.1628,8.415580307973636,0.0,1,2025-10-29
REG,Regency Centers,73.2279,8.444657197342933,0.0,1,2025-10-30
REG,Regency Centers,73.2705,8.451409793196058,0.0,1,2025-10-31
REG,Regency Centers,73.2832,8.453670145695522,0.0,1,2025-11-01
REG,Regency Centers,72.6578,8.51639262675652,0.0,1,2025-11-02
REG,Regency Centers,72.4407,8.516689430905906,0.0,1,2025-11-03
REG,Regency Centers,72.5355,8.460788905701046,0.0,1,2025-11-04
REG,Regency Centers,72.713,8.476916632431234,0.0,1,2025-11-05
REG,Regency Centers,72.7098,8.485397590419765,0.0,1,2025-11-06
REG,Regency Centers,72.3237,8.52407127107182,0.0,1,2025-11-07
REGN,Regeneron Pharmaceuticals,568.7694,-1.8522000312805171,7.498000264167786,5,2025-10-25
REGN,Regeneron Pharmaceuticals,568.0824,-1.8604467600634031,7.465869496412852,5,2025-10-26
REGN,Regeneron Pharmaceuticals,572.9497,-1.8539086635732378,7.520389978258349,5,2025-10-27
REGN,Regeneron Pharmaceuticals,556.1836,-1.8358498805225398,7.513886425316482,5,2025-10-28
REGN,Regeneron Pharmaceuticals,543.9289,-1.8195031666909671,7.5710510725540185,5,2025-10-29
REGN,Regeneron Pharmaceuticals,551.5669,-1.8223467987931719,7.513694640756655,5,2025-10-30
REGN,Regeneron Pharmaceuticals,567.1446,-1.8276773581928125,7.528857629059689,5,2025-10-31
REGN,Regeneron Pharmaceuticals,586.6854,-1.8144192087710975,7.462231702141029,5,2025-11-01
REGN,Regeneron Pharmaceuticals,501.1308,-1.8241282603983646,7.4740008424319475,5,2025-11-02
REGN,Regeneron Pharmaceuticals,431.7174,-1.8233390457126775,7.4408995003557115,5,2025-11-03
REGN,Regeneron Pharmaceuticals,444.1161,-1.8135731478754868,7.455552154168126,5,2025-11-04
REGN,Regeneron Pharmaceuticals,507.117,-1.8241967730721098,7.405506410298847,5,2025-11-05
REGN,Regeneron Pharmaceuticals,555.8589,-1.8086817316257406,7.445298861607781,5,2025-11-06
REGN,Regeneron Pharmaceuticals,555.1927,-1.7925920111092755,7.425352621765576,5,2025-11-07
RF,Regions Financial Corporation,26.3702,6.95900022983551,0.9702000021934499,2,2025-10-25
RF,Regions Financial Corporation,26.4584,6.969747665096463,0.9741721250497836,2,2025-10-26
RF,Regions Financial Corporation,26.5012,6.9959107869326,0.9719333369892473,2,2025-10-27
RF,Regions Financial Corporation,26.467,7.023010884265401,0.964676512313952,2,2025-10-28
RF,Regions Financial Corporation,26.4249,7.0256509644907785,0.9687098838388861,2,2025-10-29
RF,Regions Financial Corporation,26.4612,6.9720996015818395,0.9745096840280109,2,2025-10-30
RF,Regions Financial Corporation,26.464,6.9268323121111814,0.9652101245262019,2,2025-10-31
RF,Regions Financial Corporation,26.4584,6.961381166430804,0.9716323054307431,2,2025-11-01
RF,Regions Financial Corporation,26.7864,6.949766535910534,0.9665535828852131,2,2025-11-02
RF,Regions Financial Corporation,26.9477,6.963324053455696,0.9605799852277355,2,2025-11-03
RF,Regions Financial Corporation,26.8892,7.032786451118319,0.9698580782179222,2,2025-11-04
RF,Regions Financial Corporation,26.831,7.071534841241286,0.9756524897870386,2,2025-11-05
RF,Regions Financial Corporation,26.831,7.063072162907235,0.9715571251328019,2,2025-11-06
RF,Regions Financial Corporation,26.6466,7.008811280349195,0.968611312116301,2,2025-11-07
RJF,Raymond James Financial,168.1318,-2.481600046157837,6.938199996948242,6,2025-10-25
RJF,Raymond James Financial,172.2829,-2.4914581662019737,6.9870211697545646,6,2025-10-26
RJF,Raymond James Financial,171.5156,-2.476240734027145,6.99604791276333,6,2025-10-27
RJF,Raymond James Financial,169.6017,-2.4838928781374077,7.033876278337835,6,2025-10-28
RJF,Raymond James Financial,168.65,-2.4825790418315745,7.094856176880642,6,2025-10-29
RJF,Raymond James Financial,169.1841,-2.502851280051274,7.079597630243673,6,2025-10-30
RJF,Raymond James Financial,169.8031,-2.4927964755670304,7.037425049302833,6,2025-10-31
RJF,Raymond James Financial,170.388,-2.497753196076165,7.014284850036896,6,2025-11-01
RJF,Raymond James Financial,177.6352,-2.484513013011933,6.9573236123916775,6,2025-11-02
RJF,Raymond James Financial,179.1805,-2.5031857954317127,6.908638449245212,6,2025-11-03
RJF,Raymond James Financial,178.6041,-2.504431808722983,6.8937526296594855,6,2025-11-04
RJF,Raymond James Financial,177.4518,-2.5054859964086913,6.890437091223171,6,2025-11-05
RJF,Raymond James Financial,177.1596,-2.5186046468370997,6.957583237588434,6,2025-11-06
RJF,Raymond James Financial,176.4055,-2.5207594174879624,6.9024764794225915,6,2025-11-07
RL,Ralph Lauren Corporation,340.1972,7.873899936676025,1.187499985098838,2,2025-10-25
RL,Ralph Lauren Corporation,346.807,7.928707334502509,1.1882426128966,2,2025-10-26
RL,Ralph Lauren Corporation,346.3419,7.872238135168042,1.192117090565359,2,2025-10-27
RL,Ralph Lauren Corporation,339.2144,7.914178352878508,1.1821414423088334,2,2025-10-28
RL,Ralph Lauren Corporation,329.191,7.902744824542531,1.1757193055346393,2,2025-10-29
RL,Ralph Lauren Corporation,327.3248,7.871079633548762,1.1684190107625003,2,2025-10-30
RL,Ralph Lauren Corporation,336.4052,7.838611554799292,1.1755202824362225,2,2025-10-31
RL,Ralph Lauren Corporation,341.4244,7.818783446650328,1.1751554945918627,2,2025-11-01
RL,Ralph Lauren Corporation,357.314,7.815642034460343,1.1818986842307149,2,2025-11-02
RL,Ralph Lauren Corporation,359.9098,7.849343765747207,1.1716921014865986,2,2025-11-03
RL,Ralph Lauren Corporation,355.783,7.890073092165737,1.1823169265175577,2,2025-11-04
RL,Ralph Lauren Corporation,352.2713,7.893118084302466,1.1736430238280664,2,2025-11-05
RL,Ralph Lauren Corporation,352.6993,7.823563667310017,1.1734039922427537,2,2025-11-06
RL,Ralph Lauren Corporation,351.9843,7.897354843840132,1.180725418916785,2,2025-11-07
RMD,ResMed,273.0812,8.48900020122528,0.085699995979666,2,2025-10-25
RMD,ResMed,282.1036,8.531085536969236,0.0865395383999343,2,2025-10-26
RMD,ResMed,280.2177,8.599099622191426,0.08580755630254251,2,2025-10-27
RMD,ResMed,276.8181,8.535597427317244,0.0856687348133457,2,2025-10-28
RMD,ResMed,275.8123,8.54554141360098,0.085447169312527,2,2025-10-29
RMD,ResMed,276.4772,8.551331009007868,0.08522803073553999,2,2025-10-30
RMD,ResMed,278.2094,8.562711983560032,0.08492726810050921,2,2025-10-31
RMD,ResMed,278.5974,8.630331191284927,0.0847307373075535,2,2025-11-01
RMD,ResMed,281.338,8.664252427650597,0.08417574609812319,2,2025-11-02
RMD,ResMed,283.8819,8.744475183795341,0.08394069931214344,2,2025-11-03
RMD,ResMed,285.7932,8.716271853046539,0.0845702406915582,2,2025-11-04
RMD,ResMed,285.2311,8.77699800851818,0.08405419625981402,2,2025-11-05
RMD,ResMed,283.3064,8.834404746671233,0.08417477697345332,2,2025-11-06
RMD,ResMed,281.486,8.774594421977248,0.08420012117997452,2,2025-11-07
ROK,Rockwell Automation,339.9598,8.946099877357483,0.0,1,2025-10-25
ROK,Rockwell Automation,331.8617,8.977468627273955,0.0,1,2025-10-26
ROK,Rockwell Automation,332.6994,9.027247507133099,0.0,1,2025-10-27
ROK,Rockwell Automation,339.149,9.081827130168262,0.0,1,2025-10-28
ROK,Rockwell Automation,340.7595,9.13277519834249,0.0,1,2025-10-29
ROK,Rockwell Automation,339.6576,9.184986583572814,0.0,1,2025-10-30
ROK,Rockwell Automation,338.4517,9.106152396079379,0.0,1,2025-10-31
ROK,Rockwell Automation,339.0739,9.166025224145113,0.0,1,2025-11-01
ROK,Rockwell Automation,349.783,9.125933723444268,0.0,1,2025-11-02
ROK,Rockwell Automation,353.6218,9.195158361319173,0.0,1,2025-11-03
ROK,Rockwell Automation,353.8644,9.27042616786757,0.0,1,2025-11-04
ROK,Rockwell Automation,351.4958,9.33802982676029,0.0,1,2025-11-05
ROK,Rockwell Automation,348.4007,9.314259507503946,0.0,1,2025-11-06
ROK,Rockwell Automation,347.8658,9.26481924979153,0.0,1,2025-11-07
ROL,"Rollins, Inc.",56.2327,-5.745700001716614,0.0,1,2025-10-25
ROL,"Rollins, Inc.",56.3595,-5.724161303797489,0.0,1,2025-10-26
ROL,"Rollins, Inc.",56.5416,-5.780179987755022,0.0,1,2025-10-27
ROL,"Rollins, Inc.",56.1866,-5.729761276466081,0.0,1,2025-10-28
ROL,"Rollins, Inc.",55.9559,-5.676566834705895,0.0,1,2025-10-29
ROL,"Rollins, Inc.",56.0576,-5.66198298388574,0.0,1,2025-10-30
ROL,"Rollins, Inc.",56.531,-5.6316564676361205,0.0,1,2025-10-31
ROL,"Rollins, Inc.",56.2358,-5.6838119938214815,0.0,1,2025-11-01
ROL,"Rollins, Inc.",57.037,-5.646611983132068,0.0,1,2025-11-02
ROL,"Rollins, Inc.",57.5053,-5.667742730018821,0.0,1,2025-11-03
ROL,"Rollins, Inc.",57.518,-5.615134135311953,0.0,1,2025-11-04
ROL,"Rollins, Inc.",57.1324,-5.594452690591262,0.0,1,2025-11-05
ROL,"Rollins, Inc.",56.9013,-5.643564845546451,0.0,1,2025-11-06
ROL,"Rollins, Inc.",56.6887,-5.668546740595795,0.0,1,2025-11-07
ROP,Roper Technologies,516.0584,-9.177200198173525,0.0,1,2025-10-25
ROP,Roper Technologies,523.8295,-9.225140482978377,0.0,1,2025-10-26
ROP,Roper Technologies,520.166,-9.301515337735792,0.0,1,2025-10-27
ROP,Roper Technologies,517.2046,-9.344377733084535,0.0,1,2025-10-28
ROP,Roper Technologies,517.6085,-9.30723669812334,0.0,1,2025-10-29
ROP,Roper Technologies,518.2022,-9.380261329989995,0.0,1,2025-10-30
ROP,Roper Technologies,519.4527,-9.421210268673077,0.0,1,2025-10-31
ROP,Roper Technologies,518.4537,-9.468155198710004,0.0,1,2025-11-01
ROP,Roper Technologies,519.8329,-9.537705216097665,0.0,1,2025-11-02
ROP,Roper Technologies,520.2731,-9.554995271654038,0.0,1,2025-11-03
ROP,Roper Technologies,519.8866,-9.460049304155305,0.0,1,2025-11-04
ROP,Roper Technologies,520.8714,-9.463131944802498,0.0,1,2025-11-05
ROP,Roper Technologies,519.1394,-9.408985900667625,0.0,1,2025-11-06
ROP,Roper Technologies,518.1076,-9.321948043175347,0.0,1,2025-11-07
ROST,Ross Stores,150.6106,7.952499985694885,0.0,1,2025-10-25
ROST,Ross Stores,149.188,7.958124573705022,0.0,1,2025-10-26
ROST,Ross Stores,150.1315,8.000986930988532,0.0,1,2025-10-27
ROST,Ross Stores,150.1835,7.92428369449896,0.0,1,2025-10-28
ROST,Ross Stores,150.4338,7.958894986403602,0.0,1,2025-10-29
ROST,Ross Stores,149.9419,8.023901077604117,0.0,1,2025-10-30
ROST,Ross Stores,150.264,7.97910003240907,0.0,1,2025-10-31
ROST,Ross Stores,149.8239,8.047046361842135,0.0,1,2025-11-01
ROST,Ross Stores,150.2088,7.968473013407903,0.0,1,2025-11-02
ROST,Ross Stores,150.4429,7.9020440302403445,0.0,1,2025-11-03
ROST,Ross Stores,150.5492,7.918306935242071,0.0,1,2025-11-04
ROST,Ross Stores,150.5127,7.8710129149411046,0.0,1,2025-11-05
ROST,Ross Stores,150.8174,7.918244620592324,0.0,1,2025-11-06
ROST,Ross Stores,149.8672,7.876369102761578,0.0,1,2025-11-07
RSG,Republic Services,229.3277,1.8931999802589412,0.0,1,2025-10-25
RSG,Republic Services,232.5294,1.9112106722030326,0.0,1,2025-10-26
RSG,Republic Services,231.4168,1.8990940754579138,0.0,1,2025-10-27
RSG,Republic Services,229.3482,1.902524049159751,0.0,1,2025-10-28
RSG,Republic Services,226.1165,1.9163146701720577,0.0,1,2025-10-29
RSG,Republic Services,227.9063,1.9107974885501806,0.0,1,2025-10-30
RSG,Republic Services,230.395,1.8959415797787267,0.0,1,2025-10-31
RSG,Republic Services,231.3274,1.912818962250723,0.0,1,2025-11-01
RSG,Republic Services,233.5095,1.9270033860646019,0.0,1,2025-11-02
RSG,Republic Services,234.9291,1.912726796675677,0.0,1,2025-11-03
RSG,Republic Services,236.6639,1.9274001249544686,0.0,1,2025-11-04
RSG,Republic Services,236.2769,1.9319791528612686,0.0,1,2025-11-05
RSG,Republic Services,235.7051,1.9302417774114344,0.0,1,2025-11-06
RSG,Republic Services,233.1907,1.9202596147563786,0.0,1,2025-11-07
RTX,RTX Corporation,177.608,-0.458000004291534,5.3012001514434814,2,2025-10-25
RTX,RTX Corporation,177.134,-0.4566444688966692,5.284272331625854,2,2025-10-26
RTX,RTX Corporation,177.0584,-0.45296474052149227,5.252305992301871,2,2025-10-27
RTX,RTX Corporation,177.0827,-0.4529084154340316,5.222313349904577,2,2025-10-28
RTX,RTX Corporation,177.2488,-0.45428831715415086,5.260498860456964,2,2025-10-29
RTX,RTX Corporation,178.1256,-0.4540870521867857,5.255830074574187,2,2025-10-30
RTX,RTX Corporation,178.0608,-0.4563345230128547,5.204005247245261,2,2025-10-31
RTX,RTX Corporation,177.2694,-0.4600717562829504,5.158627189580586,2,2025-11-01
RTX,RTX Corporation,181.3624,-0.46122779065240566,5.116178135351586,2,2025-11-02
RTX,RTX Corporation,184.4702,-0.4629632690929539,5.158422242446914,2,2025-11-03
RTX,RTX Corporation,183.6631,-0.4598805100961453,5.20873687758525,2,2025-11-04
RTX,RTX Corporation,182.2617,-0.45645792880409175,5.17707200220343,2,2025-11-05
RTX,RTX Corporation,182.1096,-0.45946036886146485,5.225544448963289,2,2025-11-06
RTX,RTX Corporation,181.4398,-0.4559645554459877,5.197244013635643,2,2025-11-07
RVTY,Revvity,102.7354,3.806299865245819,1.5847000479698181,2,2025-10-25
RVTY,Revvity,104.0272,3.7869689268227233,1.5904712394520373,2,2025-10-26
RVTY,Revvity,103.7965,3.7873507435897684,1.5912277436993028,2,2025-10-27
RVTY,Revvity,102.9072,3.779313063737265,1.5805786691525305,2,2025-10-28
RVTY,Revvity,102.507,3.7492201650546844,1.5894208723212209,2,2025-10-29
RVTY,Revvity,102.6662,3.7537582094031254,1.5823207212838544,2,2025-10-30
RVTY,Revvity,102.9857,3.7753051172213845,1.5806931056419011,2,2025-10-31
RVTY,Revvity,103.0465,3.7686281097040095,1.5786281293773354,2,2025-11-01
RVTY,Revvity,101.4519,3.753335495332132,1.5780007009439199,2,2025-11-02
RVTY,Revvity,100.5881,3.726705537098201,1.5735617382721245,2,2025-11-03
RVTY,Revvity,101.0378,3.690802688365832,1.5829949946048865,2,2025-11-04
RVTY,Revvity,101.1946,3.7115863553610438,1.5810791301608322,2,2025-11-05
RVTY,Revvity,101.073,3.702420586880034,1.5854258513504529,2,2025-11-06
RVTY,Revvity,100.3399,3.7340310379676147,1.589390418263461,2,2025-11-07
SBAC,SBA Communications,209.2121,8.859300017356873,0.0,1,2025-10-25
SBAC,SBA Communications,212.3376,8.831251017633933,0.0,1,2025-10-26
SBAC,SBA Communications,210.3375,8.798211717961772,0.0,1,2025-10-27
SBAC,SBA Communications,208.5929,8.873064677105257,0.0,1,2025-10-28
SBAC,SBA Communications,208.6263,8.848612755499927,0.0,1,2025-10-29
SBAC,SBA Communications,208.6951,8.901733961411852,0.0,1,2025-10-30
SBAC,SBA Communications,208.7813,8.889620626657644,0.0,1,2025-10-31
SBAC,SBA Communications,208.5838,8.937707257571962,0.0,1,2025-11-01
SBAC,SBA Communications,208.3772,8.989430328814585,0.0,1,2025-11-02
SBAC,SBA Communications,208.2537,8.981385845392476,0.0,1,2025-11-03
SBAC,SBA Communications,207.9199,8.925795501186368,0.0,1,2025-11-04
SBAC,SBA Communications,207.9324,8.859722412614103,0.0,1,2025-11-05
SBAC,SBA Communications,208.1935,8.792383676353506,0.0,1,2025-11-06
SBAC,SBA Communications,208.6131,8.878580648672509,0.0,1,2025-11-07
SBUX,Starbucks,90.881,1.875,8.364400267601013,4,2025-10-25
SBUX,Starbucks,92.6153,1.8602689990763126,8.321730280363479,4,2025-10-26
SBUX,Starbucks,91.9365,1.8573573999810784,8.252857356546272,4,2025-10-27
SBUX,Starbucks,91.3979,1.8424444823369286,8.270180623247844,4,2025-10-28
SBUX,Starbucks,91.4903,1.8523889373514566,8.324830578165193,4,2025-10-29
SBUX,Starbucks,91.6553,1.8686973786313767,8.305164533126913,4,2025-10-30
SBUX,Starbucks,91.6863,1.879434788918031,8.2347168683563,4,2025-10-31
SBUX,Starbucks,91.7398,1.8946370031055373,8.170960492599276,4,2025-11-01
SBUX,Starbucks,91.7847,1.9121876044990234,8.176042204659778,4,2025-11-02
SBUX,Starbucks,91.7705,1.896622177481535,8.186410236085306,4,2025-11-03
SBUX,Starbucks,91.7513,1.896054152195311,8.11603484578603,4,2025-11-04
SBUX,Starbucks,91.7792,1.9022922555665065,8.081373491603077,4,2025-11-05
SBUX,Starbucks,91.786,1.8986863081340108,8.134941993719215,4,2025-11-06
SBUX,Starbucks,91.8339,1.9141848793480503,8.084041340325157,4,2025-11-07
SCHW,Charles Schwab Corporation,93.7585,7.997199892997742,1.541499942541122,2,2025-10-25
SCHW,Charles Schwab Corporation,93.3687,7.934337151386165,1.5563522828940743,2,2025-10-26
SCHW,Charles Schwab Corporation,93.2282,7.929250570245373,1.5595612671018122,2,2025-10-27
SCHW,Charles Schwab Corporation,93.3967,7.978347904286006,1.568965768398948,2,2025-10-28
SCHW,Charles Schwab Corporation,93.753,7.914088065052176,1.5810214759020185,2,2025-10-29
SCHW,Charles Schwab Corporation,93.7414,7.866844080899288,1.582696926026673,2,2025-10-30
SCHW,Charles Schwab Corporation,93.628,7.9193763631713745,1.5687987989221823,2,2025-10-31
SCHW,Charles Schwab Corporation,93.6094,7.969529538429697,1.5716641217826046,2,2025-11-01
SCHW,Charles Schwab Corporation,98.5959,7.928243870317439,1.5796655974394285,2,2025-11-02
SCHW,Charles Schwab Corporation,98.8818,7.857218514200656,1.5780540940604457,2,2025-11-03
SCHW,Charles Schwab Corporation,99.1093,7.924483538102164,1.5880657476412054,2,2025-11-04
SCHW,Charles Schwab Corporation,99.1601,7.995143013788406,1.5899702517955414,2,2025-11-05
SCHW,Charles Schwab Corporation,98.2738,7.978436393405651,1.585617994164076,2,2025-11-06
SCHW,Charles Schwab Corporation,97.2244,7.946431986258626,1.5813310967950969,2,2025-11-07
SHW,Sherwin-Williams,346.1296,2.139399945735931,2.768400013446808,2,2025-10-25
SHW,Sherwin-Williams,351.5122,2.1227656357846967,2.7923095616759936,2,2025-10-26
SHW,Sherwin-Williams,350.1754,2.1063473245019693,2.8034240699269026,2,2025-10-27
SHW,Sherwin-Williams,347.9652,2.0947508650572524,2.7954832888920946,2,2025-10-28
SHW,Sherwin-Williams,347.8279,2.0898825771664336,2.80252283334237,2,2025-10-29
SHW,Sherwin-Williams,348.0529,2.098151805478326,2.8258502649018786,2,2025-10-30
SHW,Sherwin-Williams,348.18,2.1072813278625446,2.8474868370687947,2,2025-10-31
SHW,Sherwin-Williams,348.1469,2.1249267179734788,2.845261524706935,2,2025-11-01
SHW,Sherwin-Williams,345.205,2.1354851689395775,2.827126929843224,2,2025-11-02
SHW,Sherwin-Williams,345.2875,2.153320219445017,2.852948261973218,2,2025-11-03
SHW,Sherwin-Williams,346.441,2.1609952682055464,2.8799958433617667,2,2025-11-04
SHW,Sherwin-Williams,346.6364,2.178961387573785,2.8811779711787593,2,2025-11-05
SHW,Sherwin-Williams,345.429,2.176365657111996,2.903588661336487,2,2025-11-06
SHW,Sherwin-Williams,343.7085,2.182369624967968,2.8951776533569102,2,2025-11-07
SJM,J.M. Smucker Company (The),107.0498,9.191100001335144,0.0,1,2025-10-25
SJM,J.M. Smucker Company (The),108.8279,9.281662790561409,0.0,1,2025-10-26
SJM,J.M. Smucker Company (The),108.5531,9.350554713145856,0.0,1,2025-10-27
SJM,J.M. Smucker Company (The),107.6989,9.273127292128022,0.0,1,2025-10-28
SJM,J.M. Smucker Company (The),107.5367,9.21834415202517,0.0,1,2025-10-29
SJM,J.M. Smucker Company (The),107.6127,9.293154922359205,0.0,1,2025-10-30
SJM,J.M. Smucker Company (The),107.8103,9.279901096987865,0.0,1,2025-10-31
SJM,J.M. Smucker Company (The),107.7644,9.31999808976069,0.0,1,2025-11-01
SJM,J.M. Smucker Company (The),106.7183,9.36899329346712,0.0,1,2025-11-02
SJM,J.M. Smucker Company (The),106.5684,9.349517272901041,0.0,1,2025-11-03
SJM,J.M. Smucker Company (The),106.8905,9.330703062323746,0.0,1,2025-11-04
SJM,J.M. Smucker Company (The),106.736,9.382211611840283,0.0,1,2025-11-05
SJM,J.M. Smucker Company (The),106.5768,9.310153006035133,0.0,1,2025-11-06
SJM,J.M. Smucker Company (The),106.9495,9.303176704670625,0.0,1,2025-11-07
SLB,Schlumberger,35.6918,8.058300018310547,0.7673999667167659,2,2025-10-25
SLB,Schlumberger,35.8357,8.114264682247574,0.7624116115718054,2,2025-10-26
SLB,Schlumberger,36.0542,8.059406574144344,0.7569261850868385,2,2025-10-27
SLB,Schlumberger,35.8007,7.997025969410455,0.7500398375324335,2,2025-10-28
SLB,Schlumberger,36.0194,7.9329982770488225,0.7533579048798104,2,2025-10-29
SLB,Schlumberger,36.2211,7.857831479711782,0.7488078938380942,2,2025-10-30
SLB,Schlumberger,35.9249,7.791277110518449,0.7444523173622791,2,2025-10-31
SLB,Schlumberger,35.524,7.854275278933515,0.7398011225799507,2,2025-11-01
SLB,Schlumberger,35.9565,7.793871073051755,0.743878616806254,2,2025-11-02
SLB,Schlumberger,36.4792,7.740971407240708,0.7474322119201899,2,2025-11-03
SLB,Schlumberger,36.5117,7.78897473045579,0.7412674376721078,2,2025-11-04
SLB,Schlumberger,36.1575,7.733343219905332,0.7438287160244734,2,2025-11-05
SLB,Schlumberger,36.2086,7.706727744597513,0.7389861781201995,2,2025-11-06
SLB,Schlumberger,36.5771,7.685162914301223,0.7327620419809345,2,2025-11-07
SMCI,Supermicro,50.5522,1.9549000263214111,8.343600034713745,6,2025-10-25
SMCI,Supermicro,49.6667,1.95326170851703,8.41927759390911,6,2025-10-26
SMCI,Supermicro,46.7914,1.9608483122172355,8.479499782347439,6,2025-10-27
SMCI,Supermicro,46.1604,1.958214213916656,8.506000752726951,6,2025-10-28
SMCI,Supermicro,48.478,1.9726303040969029,8.464272752253095,6,2025-10-29
SMCI,Supermicro,49.869,1.9609668913722853,8.388052967299052,6,2025-10-30
SMCI,Supermicro,49.9069,1.9417081498191038,8.381934518715648,6,2025-10-31
SMCI,Supermicro,48.6584,1.948718132057604,8.317072728073542,6,2025-11-01
SMCI,Supermicro,47.9593,1.9385594848759784,8.35829061724934,6,2025-11-02
SMCI,Supermicro,48.7269,1.9330015230426092,8.398600604829461,6,2025-11-03
SMCI,Supermicro,52.9714,1.926035678691926,8.418105601005882,6,2025-11-04
SMCI,Supermicro,53.2711,1.941942330507596,8.433422562952611,6,2025-11-05
SMCI,Supermicro,51.3647,1.9490322407298488,8.365388686917104,6,2025-11-06
SMCI,Supermicro,49.527,1.9472613375842514,8.344357350476821,6,2025-11-07
SNA,Snap-on,338.8773,7.872899770736694,0.0,1,2025-10-25
SNA,Snap-on,337.0602,7.803150878777394,0.0,1,2025-10-26
SNA,Snap-on,337.7051,7.732031202147181,0.0,1,2025-10-27
SNA,Snap-on,338.8606,7.744470924146787,0.0,1,2025-10-28
SNA,Snap-on,339.6863,7.669669000238994,0.0,1,2025-10-29
SNA,Snap-on,339.604,7.704223328956117,0.0,1,2025-10-30
SNA,Snap-on,337.7749,7.687479417038429,0.0,1,2025-10-31
SNA,Snap-on,338.0635,7.69083332403065,0.0,1,2025-11-01
SNA,Snap-on,346.0588,7.753795006511647,0.0,1,2025-11-02
SNA,Snap-on,349.2442,7.768591830034596,0.0,1,2025-11-03
SNA,Snap-on,350.4589,7.730622076701555,0.0,1,2025-11-04
SNA,Snap-on,348.6887,7.744571967785849,0.0,1,2025-11-05
SNA,Snap-on,347.2472,7.72139557565832,0.0,1,2025-11-06
SNA,Snap-on,345.8316,7.736870916600866,0.0,1,2025-11-07
SNPS,Synopsys,477.5494,8.159899711608887,0.7102999836206431,2,2025-10-25
SNPS,Synopsys,479.3404,8.116486183381928,0.7132097740207778,2,2025-10-26
SNPS,Synopsys,474.8386,8.047309654030963,0.7139297427383315,2,2025-10-27
SNPS,Synopsys,471.7022,8.0465300865143,0.7142165666723523,2,2025-10-28
SNPS,Synopsys,473.0806,7.987603733143705,0.7212169793012111,2,2025-10-29
SNPS,Synopsys,471.8878,7.986412013723499,0.7261710511001125,2,2025-10-30
SNPS,Synopsys,473.4745,7.982867287098796,0.7214381967458273,2,2025-10-31
SNPS,Synopsys,474.0665,7.934419894338373,0.7184737686162551,2,2025-11-01
SNPS,Synopsys,483.5477,7.909086639168482,0.7232799069018571,2,2025-11-02
SNPS,Synopsys,489.1567,7.922296177827404,0.7273271891330336,2,2025-11-03
SNPS,Synopsys,488.6749,7.953921706046984,0.7253342738567209,2,2025-11-04
SNPS,Synopsys,483.9786,7.986138568684755,0.7283550928029996,2,2025-11-05
SNPS,Synopsys,481.833,8.060917659877404,0.7341404702322026,2,2025-11-06
SNPS,Synopsys,483.6931,8.004855109951302,0.7340032306936797,2,2025-11-07
SO,Southern Company,96.162,5.727400183677673,4.745999872684479,2,2025-10-25
SO,Southern Company,96.3197,5.781411737655749,4.7645175544463605,2,2025-10-26
SO,Southern Company,96.1228,5.787005374302317,4.798563682290886,2,2025-10-27
SO,Southern Company,95.9338,5.797027401363048,4.799860051543276,2,2025-10-28
SO,Southern Company,95.7971,5.748826250964802,4.7704805751029395,2,2025-10-29
SO,Southern Company,95.807,5.761451884401621,4.773240860627693,2,2025-10-30
SO,Southern Company,95.866,5.7377810879902285,4.778962752763275,2,2025-10-31
SO,Southern Company,95.877,5.727430008294692,4.821630783664171,2,2025-11-01
SO,Southern Company,95.9377,5.7611200014376305,4.793854069446824,2,2025-11-02
SO,Southern Company,95.9214,5.803509453416591,4.803007880862086,2,2025-11-03
SO,Southern Company,95.989,5.803653802253675,4.77290811862221,2,2025-11-04
SO,Southern Company,96.0719,5.75976079167667,4.77536345565858,2,2025-11-05
SO,Southern Company,96.0065,5.780663716267908,4.757093917053248,2,2025-11-06
SO,Southern Company,95.3872,5.784119897197654,4.752301342076626,2,2025-11-07
SOLV,Solventum,71.5725,9.005799889564514,0.0,1,2025-10-25
SOLV,Solventum,72.3757,8.969940298969783,0.0,1,2025-10-26
SOLV,Solventum,72.9663,8.989564127021865,0.0,1,2025-10-27
SOLV,Solventum,72.2757,8.972881398685052,0.0,1,2025-10-28
SOLV,Solventum,72.1395,8.978294442098255,0.0,1,2025-10-29
SOLV,Solventum,71.7289,9.025099362534554,0.0,1,2025-10-30
SOLV,Solventum,71.6811,8.995191502786243,0.0,1,2025-10-31
SOLV,Solventum,71.6554,8.917877963819839,0.0,1,2025-11-01
SOLV,Solventum,73.1603,8.911519654862948,0.0,1,2025-11-02
SOLV,Solventum,74.2877,8.88961978448383,0.0,1,2025-11-03
SOLV,Solventum,74.0614,8.926081963629127,0.0,1,2025-11-04
SOLV,Solventum,72.8544,8.916360067687055,0.0,1,2025-11-05
SOLV,Solventum,72.3672,8.935162069794265,0.0,1,2025-11-06
SOLV,Solventum,72.9695,8.882313835664904,0.0,1,2025-11-07
SPG,Simon Property Group,179.472,8.830400109291077,0.205000005662441,2,2025-10-25
SPG,Simon Property Group,179.7736,8.827238577608169,0.20409481712982047,2,2025-10-26
SPG,Simon Property Group,179.4161,8.739866388041296,0.20342969942954067,2,2025-10-27
SPG,Simon Property Group,179.2165,8.70270866424884,0.20518854671588724,2,2025-10-28
SPG,Simon Property Group,179.1682,8.767404283160996,0.20434502562059664,2,2025-10-29
SPG,Simon Property Group,179.3261,8.844781820182892,0.20332383207295662,2,2025-10-30
SPG,Simon Property Group,179.6029,8.821507396652779,0.20392759500973437,2,2025-10-31
SPG,Simon Property Group,179.5656,8.835715422534294,0.2050561991412924,2,2025-11-01
SPG,Simon Property Group,180.2965,8.923060911448678,0.20331555773763607,2,2025-11-02
SPG,Simon Property Group,180.6087,8.96943963871446,0.20241966234260184,2,2025-11-03
SPG,Simon Property Group,180.7952,8.917126729980033,0.20120603069578447,2,2025-11-04
SPG,Simon Property Group,180.939,8.852263364658477,0.201337898151803,2,2025-11-05
SPG,Simon Property Group,180.8282,8.937759089907717,0.2002125552391813,2,2025-11-06
SPG,Simon Property Group,179.7348,8.918540156292172,0.20089050366181227,2,2025-11-07
SPGI,S&P Global,504.3683,8.121200203895569,1.0234999656677242,3,2025-10-25
SPGI,S&P Global,508.2419,8.098006299060476,1.0189392194772913,3,2025-10-26
SPGI,S&P Global,503.0323,8.066180468278027,1.0186927285261824,3,2025-10-27
SPGI,S&P Global,498.6508,7.9889548635671135,1.0232868220244153,3,2025-10-28
SPGI,S&P Global,499.3255,8.04155470944337,1.0187760123620726,3,2025-10-29
SPGI,S&P Global,500.3692,7.991779065422502,1.0165736027734469,3,2025-10-30
SPGI,S&P Global,500.1649,7.957324516648564,1.0129429681908086,3,2025-10-31
SPGI,S&P Global,499.125,7.917288603476875,1.021366593174687,3,2025-11-01
SPGI,S&P Global,501.9437,7.886573104303895,1.0141536524277308,3,2025-11-02
SPGI,S&P Global,503.7533,7.916791822668496,1.0050363428103974,3,2025-11-03
SPGI,S&P Global,504.4062,7.917255835148225,1.0058394039847351,3,2025-11-04
SPGI,S&P Global,504.1317,7.887831553345467,1.0149131492460273,3,2025-11-05
SPGI,S&P Global,502.4289,7.825705435517997,1.008452385178756,3,2025-11-06
SPGI,S&P Global,500.322,7.865430264905904,1.006616184169435,3,2025-11-07
SRE,Sempra,90.8665,7.201300263404846,0.0,1,2025-10-25
SRE,Sempra,89.6493,7.165651857421846,0.0,1,2025-10-26
SRE,Sempra,89.9579,7.12216755578985,0.0,1,2025-10-27
SRE,Sempra,90.4752,7.173240644479709,0.0,1,2025-10-28
SRE,Sempra,90.5387,7.2166212635219145,0.0,1,2025-10-29
SRE,Sempra,90.4186,7.2395920874662885,0.0,1,2025-10-30
SRE,Sempra,90.3741,7.2536063378255635,0.0,1,2025-10-31
SRE,Sempra,90.3781,7.237930296479114,0.0,1,2025-11-01
SRE,Sempra,90.2903,7.185236406379658,0.0,1,2025-11-02
SRE,Sempra,90.2772,7.229331080321649,0.0,1,2025-11-03
SRE,Sempra,90.3029,7.21600555026829,0.0,1,2025-11-04
SRE,Sempra,90.307,7.2386318537381165,0.0,1,2025-11-05
SRE,Sempra,90.2809,7.207053651998337,0.0,1,2025-11-06
SRE,Sempra,89.8889,7.1750826444274765,0.0,1,2025-11-07
STE,Steris,238.5957,1.908400058746338,0.0,1,2025-10-25
STE,Steris,238.3212,1.9260372071724376,0.0,1,2025-10-26
STE,Steris,238.762,1.913169819212378,0.0,1,2025-10-27
STE,Steris,238.3194,1.9121875044282608,0.0,1,2025-10-28
STE,Steris,238.1209,1.918493864361581,0.0,1,2025-10-29
STE,Steris,238.1454,1.9142599007684573,0.0,1,2025-10-30
STE,Steris,238.2611,1.9070310184902333,0.0,1,2025-10-31
STE,Steris,238.149,1.8969518714376536,0.0,1,2025-11-01
STE,Steris,235.9805,1.896845792458407,0.0,1,2025-11-02
STE,Steris,235.4131,1.8943598548413219,0.0,1,2025-11-03
STE,Steris,236.671,1.8839243198732019,0.0,1,2025-11-04
STE,Steris,236.2945,1.8989666164317263,0.0,1,2025-11-05
STE,Steris,236.4895,1.9024285245190176,0.0,1,2025-11-06
STE,Steris,237.1756,1.9004703069880136,0.0,1,2025-11-07
STLD,Steel Dynamics,143.4142,1.7120000720024109,2.58540004491806,2,2025-10-25
STLD,Steel Dynamics,140.148,1.7265198547839236,2.6074598960445066,2,2025-10-26
STLD,Steel Dynamics,140.9072,1.7249956068179617,2.5943517419681714,2,2025-10-27
STLD,Steel Dynamics,141.8779,1.7268607367185453,2.6044410651626917,2,2025-10-28
STLD,Steel Dynamics,141.7632,1.721841897969928,2.6263803198043654,2,2025-10-29
STLD,Steel Dynamics,141.5782,1.7164981890856217,2.6146711444059316,2,2025-10-30
STLD,Steel Dynamics,141.4964,1.7096852243830463,2.634779682917412,2,2025-10-31
STLD,Steel Dynamics,141.5581,1.7231952637024563,2.611783765914436,2,2025-11-01
STLD,Steel Dynamics,142.6192,1.7388512639639324,2.629913418469642,2,2025-11-02
STLD,Steel Dynamics,143.1247,1.7398017600479299,2.6429912700899685,2,2025-11-03
STLD,Steel Dynamics,143.6727,1.737402620176012,2.6276413259479345,2,2025-11-04
STLD,Steel Dynamics,143.4643,1.7268841226657652,2.601895164732488,2,2025-11-05
STLD,Steel Dynamics,143.1872,1.7248602954513388,2.585372671550962,2,2025-11-06
STLD,Steel Dynamics,142.7519,1.724278515815112,2.5842389521779316,2,2025-11-07
STT,State Street Corporation,117.0264,8.219199776649475,1.0300999879837032,2,2025-10-25
STT,State Street Corporation,116.383,8.148629319897385,1.0272275770776031,2,2025-10-26
STT,State Street Corporation,115.6412,8.15510672031401,1.032019092124944,2,2025-10-27
STT,State Street Corporation,115.4173,8.126194351093092,1.0329526801495528,2,2025-10-28
STT,State Street Corporation,115.6711,8.09620051051367,1.0386168131972826,2,2025-10-29
STT,State Street Corporation,115.7686,8.156137355376883,1.037277210780701,2,2025-10-30
STT,State Street Corporation,115.6767,8.163899085275304,1.0443726222064946,2,2025-10-31
STT,State Street Corporation,115.7114,8.139589245664272,1.0539390963963904,2,2025-11-01
STT,State Street Corporation,117.5411,8.159880714587326,1.0463958212013393,2,2025-11-02
STT,State Street Corporation,118.6492,8.217873414335212,1.0412686131283313,2,2025-11-03
STT,State Street Corporation,118.4894,8.266385696620452,1.0349986949591556,2,2025-11-04
STT,State Street Corporation,117.5494,8.23683684326462,1.0378394461151883,2,2025-11-05
STT,State Street Corporation,116.9591,8.174145935486125,1.040483882585578,2,2025-11-06
STT,State Street Corporation,116.698,8.159608522267487,1.0342324509825416,2,2025-11-07
STX,Seagate Technology,243.6658,8.650000095367432,0.0,1,2025-10-25
STX,Seagate Technology,243.048,8.722873167248185,0.0,1,2025-10-26
STX,Seagate Technology,239.9362,8.773119677353172,0.0,1,2025-10-27
STX,Seagate Technology,236.9865,8.81498816810807,0.0,1,2025-10-28
STX,Seagate Technology,237.3076,8.874045399468745,0.0,1,2025-10-29
STX,Seagate Technology,240.1603,8.822676290053417,0.0,1,2025-10-30
STX,Seagate Technology,242.8463,8.87763022536622,0.0,1,2025-10-31
STX,Seagate Technology,243.8966,8.962047463590086,0.0,1,2025-11-01
STX,Seagate Technology,248.1458,9.019364681174293,0.0,1,2025-11-02
STX,Seagate Technology,249.4625,9.011857518514324,0.0,1,2025-11-03
STX,Seagate Technology,252.8354,9.039437541320227,0.0,1,2025-11-04
STX,Seagate Technology,253.2052,9.08493779486212,0.0,1,2025-11-05
STX,Seagate Technology,249.8156,9.018140506084697,0.0,1,2025-11-06
STX,Seagate Technology,243.6936,8.940450407650246,0.0,1,2025-11-07
STZ,Constellation Brands,135.2262,-0.415299981832504,0.0,1,2025-10-25
STZ,Constellation Brands,132.422,-0.41430167775386434,0.0,1,2025-10-26
STZ,Constellation Brands,132.6422,-0.41194695617546573,0.0,1,2025-10-27
STZ,Constellation Brands,135.4554,-0.40934525720532694,0.0,1,2025-10-28
STZ,Constellation Brands,136.6941,-0.4059969162173968,0.0,1,2025-10-29
STZ,Constellation Brands,134.5729,-0.40982011416400355,0.0,1,2025-10-30
STZ,Constellation Brands,131.4909,-0.4128934390153477,0.0,1,2025-10-31
STZ,Constellation Brands,132.1555,-0.40929974258512625,0.0,1,2025-11-01
STZ,Constellation Brands,134.7533,-0.4057637549759354,0.0,1,2025-11-02
STZ,Constellation Brands,138.7107,-0.40858847576301627,0.0,1,2025-11-03
STZ,Constellation Brands,138.2698,-0.40870094697628306,0.0,1,2025-11-04
STZ,Constellation Brands,130.5049,-0.4108064616284634,0.0,1,2025-11-05
STZ,Constellation Brands,126.2209,-0.40687266125789484,0.0,1,2025-11-06
STZ,Constellation Brands,131.8548,-0.40479566583027715,0.0,1,2025-11-07
SW,Smurfit Westrock,44.2737,9.057199954986572,0.0,1,2025-10-25
SW,Smurfit Westrock,45.0907,9.131872217089661,0.0,1,2025-10-26
SW,Smurfit Westrock,45.0982,9.187388103832857,0.0,1,2025-10-27
SW,Smurfit Westrock,44.2527,9.10427114492945,0.0,1,2025-10-28
SW,Smurfit Westrock,44.0271,9.132364153279449,0.0,1,2025-10-29
SW,Smurfit Westrock,44.0918,9.078599548818854,0.0,1,2025-10-30
SW,Smurfit Westrock,44.2959,9.164317959858822,0.0,1,2025-10-31
SW,Smurfit Westrock,44.4326,9.121179778628823,0.0,1,2025-11-01
SW,Smurfit Westrock,45.2379,9.058171487528348,0.0,1,2025-11-02
SW,Smurfit Westrock,45.6132,8.973434796626691,0.0,1,2025-11-03
SW,Smurfit Westrock,45.6614,8.929556023084897,0.0,1,2025-11-04
SW,Smurfit Westrock,45.4875,8.957778546923727,0.0,1,2025-11-05
SW,Smurfit Westrock,45.3315,8.88068164298069,0.0,1,2025-11-06
SW,Smurfit Westrock,45.0564,8.92720561597099,0.0,1,2025-11-07
SWK,Stanley Black & Decker,73.6148,0.6882999837398519,7.516999840736389,3,2025-10-25
SWK,Stanley Black & Decker,75.6054,0.6939050712504236,7.4922008630650385,3,2025-10-26
SWK,Stanley Black & Decker,74.8982,0.6985843243092813,7.478227702293139,3,2025-10-27
SWK,Stanley Black & Decker,74.4101,0.7008478610758608,7.434729993909895,3,2025-10-28
SWK,Stanley Black & Decker,74.5005,0.7066876343073698,7.416358489657078,3,2025-10-29
SWK,Stanley Black & Decker,74.804,0.7041430439452817,7.376971644534254,3,2025-10-30
SWK,Stanley Black & Decker,74.8674,0.698920361866381,7.423755875274063,3,2025-10-31
SWK,Stanley Black & Decker,74.7779,0.7033435794784426,7.365205921792413,3,2025-11-01
SWK,Stanley Black & Decker,71.9673,0.7070209030177665,7.371261376756311,3,2025-11-02
SWK,Stanley Black & Decker,70.5204,0.705649130758907,7.304697591748527,3,2025-11-03
SWK,Stanley Black & Decker,69.1675,0.7101035211947011,7.248398411984689,3,2025-11-04
SWK,Stanley Black & Decker,69.6524,0.7140546943229449,7.210401249377312,3,2025-11-05
SWK,Stanley Black & Decker,71.4453,0.717748114351429,7.212121062151301,3,2025-11-06
SWK,Stanley Black & Decker,71.3868,0.7136798182553934,7.198023992855154,3,2025-11-07
SWKS,Skyworks Solutions,72.8834,3.482699990272522,6.166499853134155,7,2025-10-25
SWKS,Skyworks Solutions,73.6154,3.5149998198324357,6.141710382361369,7,2025-10-26
SWKS,Skyworks Solutions,74.4093,3.5301471109114497,6.161369716734045,7,2025-10-27
SWKS,Skyworks Solutions,74.1429,3.500241327682598,6.105878258585838,7,2025-10-28
SWKS,Skyworks Solutions,72.9149,3.5215218174463248,6.058457638846155,7,2025-10-29
SWKS,Skyworks Solutions,72.6821,3.5525613219501255,6.016731427280307,7,2025-10-30
SWKS,Skyworks Solutions,72.6245,3.5207897105604706,5.958204170115677,7,2025-10-31
SWKS,Skyworks Solutions,72.4885,3.50528991743167,5.9877469796268095,7,2025-11-01
SWKS,Skyworks Solutions,71.3509,3.5199498212976295,5.927896451134545,7,2025-11-02
SWKS,Skyworks Solutions,70.6892,3.533404194219384,5.883386756254373,7,2025-11-03
SWKS,Skyworks Solutions,70.6231,3.5479015173787625,5.933890445429982,7,2025-11-04
SWKS,Skyworks Solutions,70.5524,3.57403047661963,5.962293825302973,7,2025-11-05
SWKS,Skyworks Solutions,70.4991,3.58677186863869,5.936128697432152,7,2025-11-06
SWKS,Skyworks Solutions,70.7821,3.565344070771362,5.920400425602305,7,2025-11-07
SYF,Synchrony Financial,79.6343,9.10830020904541,0.0,1,2025-10-25
SYF,Synchrony Financial,81.5091,9.042624303548727,0.0,1,2025-10-26
SYF,Synchrony Financial,81.5102,9.031482502391809,0.0,1,2025-10-27
SYF,Synchrony Financial,80.4993,9.034519007372854,0.0,1,2025-10-28
SYF,Synchrony Financial,79.0334,9.021676171966911,0.0,1,2025-10-29
SYF,Synchrony Financial,78.1176,8.932757630502367,0.0,1,2025-10-30
SYF,Synchrony Financial,78.7812,8.844998219199013,0.0,1,2025-10-31
SYF,Synchrony Financial,80.8306,8.823526216033578,0.0,1,2025-11-01
SYF,Synchrony Financial,83.8042,8.879709800368179,0.0,1,2025-11-02
SYF,Synchrony Financial,83.7757,8.922973458250366,0.0,1,2025-11-03
SYF,Synchrony Financial,83.5041,8.879850785475966,0.0,1,2025-11-04
SYF,Synchrony Financial,83.2245,8.812180660829636,0.0,1,2025-11-05
SYF,Synchrony Financial,82.9744,8.789094655314125,0.0,1,2025-11-06
SYF,Synchrony Financial,82.4276,8.872473371550672,0.0,1,2025-11-07
SYK,Stryker Corporation,387.1635,-5.723900198936462,0.0,1,2025-10-25
SYK,Stryker Corporation,390.2123,-5.715930943136752,0.0,1,2025-10-26
SYK,Stryker Corporation,388.7681,-5.7474918643432105,0.0,1,2025-10-27
SYK,Stryker Corporation,387.7325,-5.772601298187102,0.0,1,2025-10-28
SYK,Stryker Corporation,387.8993,-5.733976012252929,0.0,1,2025-10-29
SYK,Stryker Corporation,388.0319,-5.689114537781142,0.0,1,2025-10-30
SYK,Stryker Corporation,388.185,-5.725746874079332,0.0,1,2025-10-31
SYK,Stryker Corporation,388.1595,-5.7560523522488545,0.0,1,2025-11-01
SYK,Stryker Corporation,390.7216,-5.750274576008533,0.0,1,2025-11-02
SYK,Stryker Corporation,392.9895,-5.718845862322147,0.0,1,2025-11-03
SYK,Stryker Corporation,393.5575,-5.7306997635131705,0.0,1,2025-11-04
SYK,Stryker Corporation,392.4799,-5.673893576141599,0.0,1,2025-11-05
SYK,Stryker Corporation,391.6212,-5.618182268622415,0.0,1,2025-11-06
SYK,Stryker Corporation,390.5042,-5.6711971072501735,0.0,1,2025-11-07
SYY,Sysco,76.631,7.828099727630615,0.909700021147728,2,2025-10-25
SYY,Sysco,76.5668,7.880575854478653,0.9158592406437338,2,2025-10-26
SYY,Sysco,76.7235,7.883403109238273,0.9143081907578834,2,2025-10-27
SYY,Sysco,76.1889,7.9434132079223865,0.9195251360645249,2,2025-10-28
SYY,Sysco,76.0651,7.896728203352831,0.9133628788833068,2,2025-10-29
SYY,Sysco,76.0944,7.956053880212226,0.905591753660234,2,2025-10-30
SYY,Sysco,76.3955,7.9688469610603025,0.9075789738444149,2,2025-10-31
SYY,Sysco,76.5001,8.03859416806783,0.9162759675225443,2,2025-11-01
SYY,Sysco,76.6404,8.06810104939441,0.9161010176739255,2,2025-11-02
SYY,Sysco,76.6797,8.11201193251347,0.9204460044116362,2,2025-11-03
SYY,Sysco,76.5924,8.052994641435093,0.9291367155574544,2,2025-11-04
SYY,Sysco,76.7125,8.098357324021485,0.9252730810161658,2,2025-11-05
SYY,Sysco,76.8051,8.134677142443062,0.9336853445822969,2,2025-11-06
SYY,Sysco,76.4256,8.192601362374937,0.9357603843216028,2,2025-11-07
T,AT&T,28.1475,1.383100003004074,6.075199842453003,13,2025-10-25
T,AT&T,28.926,1.3917927416299156,6.126231350090582,13,2025-10-26
T,AT&T,28.7035,1.3919237059574021,6.079936116851189,13,2025-10-27
T,AT&T,28.7053,1.3993973507038613,6.102908457622558,13,2025-10-28
T,AT&T,28.8164,1.393681550960712,6.096460284816102,13,2025-10-29
T,AT&T,28.7818,1.3899147810808887,6.103613164370699,13,2025-10-30
T,AT&T,28.775,1.3885989267955967,6.097564420803437,13,2025-10-31
T,AT&T,28.7744,1.3759244310682432,6.0548381363677395,13,2025-11-01
T,AT&T,29.4404,1.364068998187206,6.1062004026674135,13,2025-11-02
T,AT&T,29.6279,1.3654250749934387,6.092318012534208,13,2025-11-03
T,AT&T,29.5402,1.364887842322138,6.133344917015924,13,2025-11-04
T,AT&T,29.554,1.3604785319381578,6.186158559323628,13,2025-11-05
T,AT&T,29.5433,1.370700555709948,6.127351685525118,13,2025-11-06
T,AT&T,29.2593,1.3735630886488222,6.089696441320929,13,2025-11-07
TAP,Molson Coors Beverage Company,47.0587,3.77020001411438,0.0,1,2025-10-25
TAP,Molson Coors Beverage Company,47.795,3.737027232999248,0.0,1,2025-10-26
TAP,Molson Coors Beverage Company,47.4085,3.7690684240709764,0.0,1,2025-10-27
TAP,Molson Coors Beverage Company,46.9982,3.7833250578786672,0.0,1,2025-10-28
TAP,Molson Coors Beverage Company,46.9995,3.7920401634235503,0.0,1,2025-10-29
TAP,Molson Coors Beverage Company,47.0305,3.818386870038419,0.0,1,2025-10-30
TAP,Molson Coors Beverage Company,47.0688,3.799842024192717,0.0,1,2025-10-31
TAP,Molson Coors Beverage Company,47.0199,3.7915684649529635,0.0,1,2025-11-01
TAP,Molson Coors Beverage Company,47.9922,3.797484026194894,0.0,1,2025-11-02
TAP,Molson Coors Beverage Company,48.479,3.7601484188596004,0.0,1,2025-11-03
TAP,Molson Coors Beverage Company,48.5376,3.785712904308857,0.0,1,2025-11-04
TAP,Molson Coors Beverage Company,48.2098,3.8214504372549887,0.0,1,2025-11-05
TAP,Molson Coors Beverage Company,47.7286,3.823548485845407,0.0,1,2025-11-06
TAP,Molson Coors Beverage Company,47.7651,3.8032818183368367,0.0,1,2025-11-07
TDG,TransDigm Group,1320.1726,8.982999920845032,0.0,1,2025-10-25
TDG,TransDigm Group,1299.2743,9.024593386991826,0.0,1,2025-10-26
TDG,TransDigm Group,1305.3041,8.948376360528329,0.0,1,2025-10-27
TDG,TransDigm Group,1313.75,9.016785294391797,0.0,1,2025-10-28
TDG,TransDigm Group,1314.0095,9.090916826776965,0.0,1,2025-10-29
TDG,TransDigm Group,1311.1629,9.008767758445575,0.0,1,2025-10-30
TDG,TransDigm Group,1308.3626,9.009732821935152,0.0,1,2025-10-31
TDG,TransDigm Group,1309.0512,8.990904253314275,0.0,1,2025-11-01
TDG,TransDigm Group,1289.4885,9.080672353496881,0.0,1,2025-11-02
TDG,TransDigm Group,1288.9867,9.063360089812505,0.0,1,2025-11-03
TDG,TransDigm Group,1300.7852,9.137185416010064,0.0,1,2025-11-04
TDG,TransDigm Group,1309.3406,9.100215906292183,0.0,1,2025-11-05
TDG,TransDigm Group,1302.6619,9.161956559893998,0.0,1,2025-11-06
TDG,TransDigm Group,1285.7885,9.115728490948651,0.0,1,2025-11-07
TDY,Teledyne Technologies,549.6509,-9.189199805259703,0.0,1,2025-10-25
TDY,Teledyne Technologies,561.9858,-9.101638990027185,0.0,1,2025-10-26
TDY,Teledyne Technologies,561.0121,-9.12458204726159,0.0,1,2025-10-27
TDY,Teledyne Technologies,551.6979,-9.151459957050847,0.0,1,2025-10-28
TDY,Teledyne Technologies,548.7403,-9.137656045282585,0.0,1,2025-10-29
TDY,Teledyne Technologies,550.1101,-9.226875303064919,0.0,1,2025-10-30
TDY,Teledyne Technologies,552.743,-9.299121690319678,0.0,1,2025-10-31
TDY,Teledyne Technologies,553.1715,-9.250640741054738,0.0,1,2025-11-01
TDY,Teledyne Technologies,566.5435,-9.192519728427815,0.0,1,2025-11-02
TDY,Teledyne Technologies,571.7722,-9.177148351631837,0.0,1,2025-11-03
TDY,Teledyne Technologies,570.9457,-9.120430943988014,0.0,1,2025-11-04
TDY,Teledyne Technologies,566.5646,-9.058761688243209,0.0,1,2025-11-05
TDY,Teledyne Technologies,564.5826,-9.099243222954575,0.0,1,2025-11-06
TDY,Teledyne Technologies,563.4752,-9.014620504745743,0.0,1,2025-11-07
TECH,Bio-Techne,63.45,8.520600199699402,0.0,1,2025-10-25
TECH,Bio-Techne,62.5144,8.52669454374642,0.0,1,2025-10-26
TECH,Bio-Techne,63.2122,8.491904064384746,0.0,1,2025-10-27
TECH,Bio-Techne,63.3363,8.575902290360292,0.0,1,2025-10-28
TECH,Bio-Techne,62.7046,8.62061558789456,0.0,1,2025-10-29
TECH,Bio-Techne,62.1774,8.629804574227286,0.0,1,2025-10-30
TECH,Bio-Techne,62.2949,8.625065069458094,0.0,1,2025-10-31
TECH,Bio-Techne,62.7565,8.553370435726327,0.0,1,2025-11-01
TECH,Bio-Techne,61.8801,8.628355240681714,0.0,1,2025-11-02
TECH,Bio-Techne,61.0626,8.642828798644995,0.0,1,2025-11-03
TECH,Bio-Techne,61.2319,8.653744403458902,0.0,1,2025-11-04
TECH,Bio-Techne,61.5388,8.63444882777181,0.0,1,2025-11-05
TECH,Bio-Techne,61.3114,8.583548735921957,0.0,1,2025-11-06
TECH,Bio-Techne,60.3627,8.529959165578905,0.0,1,2025-11-07
TEL,TE Connectivity,223.01,7.5300997495651245,0.0,1,2025-10-25
TEL,TE Connectivity,213.7395,7.5746104487974435,0.0,1,2025-10-26
TEL,TE Connectivity,214.4869,7.626565675641445,0.0,1,2025-10-27
TEL,TE Connectivity,221.8467,7.673271251399504,0.0,1,2025-10-28
TEL,TE Connectivity,223.0169,7.636074341404047,0.0,1,2025-10-29
TEL,TE Connectivity,224.0254,7.626128903903731,0.0,1,2025-10-30
TEL,TE Connectivity,222.6034,7.668606889801124,0.0,1,2025-10-31
TEL,TE Connectivity,221.2371,7.673603693447255,0.0,1,2025-11-01
TEL,TE Connectivity,225.4322,7.744734112018757,0.0,1,2025-11-02
TEL,TE Connectivity,228.2005,7.80173636101074,0.0,1,2025-11-03
TEL,TE Connectivity,229.6116,7.771405711320816,0.0,1,2025-11-04
TEL,TE Connectivity,229.4205,7.823391990310403,0.0,1,2025-11-05
TEL,TE Connectivity,228.3084,7.780319409402775,0.0,1,2025-11-06
TEL,TE Connectivity,225.5669,7.780832352303562,0.0,1,2025-11-07
TER,Teradyne,143.4948,-0.003100000030826,12.884199619293213,2,2025-10-25
TER,Teradyne,144.4121,-0.003119341053825033,12.800094928208214,2,2025-10-26
TER,Teradyne,145.7109,-0.0031275366555945667,12.914117298781859,2,2025-10-27
TER,Teradyne,145.539,-0.0031563440908874262,12.995412811072852,2,2025-10-28
TER,Teradyne,144.1564,-0.003140389708453001,13.010968886553725,2,2025-10-29
TER,Teradyne,142.9146,-0.003152012015141675,12.981516313869587,2,2025-10-30
TER,Teradyne,144.7032,-0.0031296260123925487,13.09997570413793,2,2025-10-31
TER,Teradyne,145.9852,-0.003146662510593298,13.078483285477995,2,2025-11-01
TER,Teradyne,140.6572,-0.0031295777874781753,13.139018274519657,2,2025-11-02
TER,Teradyne,136.0197,-0.0031262586869294008,13.213466769888583,2,2025-11-03
TER,Teradyne,134.8903,-0.0031200687448080986,13.142620127488627,2,2025-11-04
TER,Teradyne,137.1017,-0.0031272808766986604,13.208141512267172,2,2025-11-05
TER,Teradyne,139.2304,-0.0030973739782466482,13.249218997154625,2,2025-11-06
TER,Teradyne,139.3246,-0.003070216639696179,13.3708275004593,2,2025-11-07
TFC,Truist Financial,45.2099,-7.769700288772583,0.0,1,2025-10-25
TFC,Truist Financial,45.3095,-7.757036865907209,0.0,1,2025-10-26
TFC,Truist Financial,45.2581,-7.7085390214928955,0.0,1,2025-10-27
TFC,Truist Financial,45.2526,-7.697678568483104,0.0,1,2025-10-28
TFC,Truist Financial,45.3338,-7.702454118236719,0.0,1,2025-10-29
TFC,Truist Financial,45.2983,-7.7309549710638645,0.0,1,2025-10-30
TFC,Truist Financial,45.2427,-7.804466021509005,0.0,1,2025-10-31
TFC,Truist Financial,45.2422,-7.79209785140724,0.0,1,2025-11-01
TFC,Truist Financial,45.3391,-7.727794054021693,0.0,1,2025-11-02
TFC,Truist Financial,45.365,-7.665265045309823,0.0,1,2025-11-03
TFC,Truist Financial,45.4543,-7.6396231153138,0.0,1,2025-11-04
TFC,Truist Financial,45.5576,-7.635415405426197,0.0,1,2025-11-05
TFC,Truist Financial,45.4872,-7.614101113519129,0.0,1,2025-11-06
TFC,Truist Financial,45.1533,-7.546331139961175,0.0,1,2025-11-07
TGT,Target Corporation,92.8144,3.0965998768806458,4.262399971485138,3,2025-10-25
TGT,Target Corporation,91.3345,3.1209132840567526,4.26951505336523,3,2025-10-26
TGT,Target Corporation,91.23,3.116366190571128,4.2595886354974635,3,2025-10-27
TGT,Target Corporation,91.6516,3.1341826833306996,4.226843320637245,3,2025-10-28
TGT,Target Corporation,91.9938,3.108139584464729,4.258635850076294,3,2025-10-29
TGT,Target Corporation,92.0514,3.0793167466259916,4.287171670766564,3,2025-10-30
TGT,Target Corporation,92.2036,3.0543297297942464,4.246390286622333,3,2025-10-31
TGT,Target Corporation,92.1192,3.0486916216786883,4.272502304674269,3,2025-11-01
TGT,Target Corporation,86.7175,3.0580648440357727,4.279947150760919,3,2025-11-02
TGT,Target Corporation,82.625,3.0790348440117414,4.308837869435894,3,2025-11-03
TGT,Target Corporation,83.2508,3.0965001788935975,4.283508855823729,3,2025-11-04
TGT,Target Corporation,87.9163,3.1103741125851383,4.253852879578866,3,2025-11-05
TGT,Target Corporation,93.6304,3.1247736898013936,4.295919643125028,3,2025-11-06
TGT,Target Corporation,94.232,3.1129267019168165,4.331743609191536,3,2025-11-07
TJX,TJX Companies,140.8268,5.983800292015076,2.463400065898895,2,2025-10-25
TJX,TJX Companies,139.5863,6.0346981209530615,2.4690407138827917,2,2025-10-26
TJX,TJX Companies,138.8366,5.9841620897256025,2.452066417149128,2,2025-10-27
TJX,TJX Companies,139.1919,6.043550894325598,2.434608561987025,2,2025-10-28
TJX,TJX Companies,139.9615,5.993513418628637,2.4340024904634787,2,2025-10-29
TJX,TJX Companies,140.0647,6.035654348673274,2.4099439398827096,2,2025-10-30
TJX,TJX Companies,139.6481,6.041142176485103,2.3893918433585557,2,2025-10-31
TJX,TJX Companies,139.4553,6.0644285865129355,2.3712925016772015,2,2025-11-01
TJX,TJX Companies,139.8223,6.124777289383247,2.369514110094036,2,2025-11-02
TJX,TJX Companies,140.4748,6.136178699216571,2.3720704736652545,2,2025-11-03
TJX,TJX Companies,140.921,6.086235698549552,2.3724891522675304,2,2025-11-04
TJX,TJX Companies,140.9061,6.097077043505498,2.351662040791401,2,2025-11-05
TJX,TJX Companies,140.5185,6.139109129770833,2.363752534602953,2,2025-11-06
TJX,TJX Companies,139.1338,6.089739877132123,2.381707627125804,2,2025-11-07
TKO,TKO Group Holdings,215.584,8.839600086212158,0.0,1,2025-10-25
TKO,TKO Group Holdings,224.7985,8.924764694126715,0.0,1,2025-10-26
TKO,TKO Group Holdings,225.4046,8.960088293185906,0.0,1,2025-10-27
TKO,TKO Group Holdings,224.6977,9.013451447138406,0.0,1,2025-10-28
TKO,TKO Group Holdings,224.2103,9.080525026232156,0.0,1,2025-10-29
TKO,TKO Group Holdings,223.9751,9.003837988958045,0.0,1,2025-10-30
TKO,TKO Group Holdings,226.5667,9.0923692507431,0.0,1,2025-10-31
TKO,TKO Group Holdings,225.9741,9.083833023654398,0.0,1,2025-11-01
TKO,TKO Group Holdings,230.8575,9.045102979902486,0.0,1,2025-11-02
TKO,TKO Group Holdings,232.748,9.058654024970002,0.0,1,2025-11-03
TKO,TKO Group Holdings,231.9849,8.991023833675795,0.0,1,2025-11-04
TKO,TKO Group Holdings,231.2352,9.043517203192003,0.0,1,2025-11-05
TKO,TKO Group Holdings,230.2718,9.11058231696385,0.0,1,2025-11-06
TKO,TKO Group Holdings,232.4278,9.117332469042912,0.0,1,2025-11-07
TMO,Thermo Fisher Scientific,567.8206,-1.357100009918213,8.499000072479248,4,2025-10-25
TMO,Thermo Fisher Scientific,565.2995,-1.3669824929155827,8.508823947707572,4,2025-10-26
TMO,Thermo Fisher Scientific,565.1311,-1.372819694312508,8.549816786148064,4,2025-10-27
TMO,Thermo Fisher Scientific,565.0596,-1.3677470986127895,8.554082313673781,4,2025-10-28
TMO,Thermo Fisher Scientific,565.3252,-1.3553313749786322,8.592687886293358,4,2025-10-29
TMO,Thermo Fisher Scientific,565.2612,-1.3439176673473359,8.638368489103215,4,2025-10-30
TMO,Thermo Fisher Scientific,565.1357,-1.3454231741772529,8.566542627121397,4,2025-10-31
TMO,Thermo Fisher Scientific,565.1756,-1.3341779867680892,8.503077923752803,4,2025-11-01
TMO,Thermo Fisher Scientific,549.4803,-1.3307649336775402,8.505211808729133,4,2025-11-02
TMO,Thermo Fisher Scientific,542.1263,-1.3398303930365094,8.432149014595165,4,2025-11-03
TMO,Thermo Fisher Scientific,543.1271,-1.3471935672459507,8.483354464002408,4,2025-11-04
TMO,Thermo Fisher Scientific,550.4316,-1.3401139570950633,8.535131355863562,4,2025-11-05
TMO,Thermo Fisher Scientific,552.0289,-1.3414153695611044,8.601868538975433,4,2025-11-06
TMO,Thermo Fisher Scientific,548.9679,-1.351966788788213,8.600009240314241,4,2025-11-07
TMUS,T-Mobile US,225.4485,8.686500191688538,0.0,1,2025-10-25
TMUS,T-Mobile US,230.9571,8.637719597328545,0.0,1,2025-10-26
TMUS,T-Mobile US,229.965,8.582704739632264,0.0,1,2025-10-27
TMUS,T-Mobile US,226.999,8.5725485142671,0.0,1,2025-10-28
TMUS,T-Mobile US,226.0967,8.537445112720915,0.0,1,2025-10-29
TMUS,T-Mobile US,227.2009,8.52557406777352,0.0,1,2025-10-30
TMUS,T-Mobile US,227.2378,8.462653493916081,0.0,1,2025-10-31
TMUS,T-Mobile US,226.9188,8.395228641495466,0.0,1,2025-11-01
TMUS,T-Mobile US,229.7535,8.37882116057472,0.0,1,2025-11-02
TMUS,T-Mobile US,233.7634,8.338176526422624,0.0,1,2025-11-03
TMUS,T-Mobile US,236.3101,8.288273262424127,0.0,1,2025-11-04
TMUS,T-Mobile US,236.2606,8.274636841380868,0.0,1,2025-11-05
TMUS,T-Mobile US,235.5193,8.309891278527605,0.0,1,2025-11-06
TMUS,T-Mobile US,231.307,8.372080719532294,0.0,1,2025-11-07
TPL,Texas Pacific Land Corporation,1106.7102,8.71209979057312,0.0,1,2025-10-25
TPL,Texas Pacific Land Corporation,1170.3913,8.634801374223871,0.0,1,2025-10-26
TPL,Texas Pacific Land Corporation,1140.111,8.579761282163489,0.0,1,2025-10-27
TPL,Texas Pacific Land Corporation,1088.0867,8.590056001064777,0.0,1,2025-10-28
TPL,Texas Pacific Land Corporation,1076.7009,8.673267535903568,0.0,1,2025-10-29
TPL,Texas Pacific Land Corporation,1097.7415,8.695454892270037,0.0,1,2025-10-30
TPL,Texas Pacific Land Corporation,1120.619,8.709481075809663,0.0,1,2025-10-31
TPL,Texas Pacific Land Corporation,1115.0568,8.748790384321444,0.0,1,2025-11-01
TPL,Texas Pacific Land Corporation,1143.3009,8.721021807727599,0.0,1,2025-11-02
TPL,Texas Pacific Land Corporation,1153.8939,8.744650807729395,0.0,1,2025-11-03
TPL,Texas Pacific Land Corporation,1156.4732,8.784445246614244,0.0,1,2025-11-04
TPL,Texas Pacific Land Corporation,1181.6976,8.7977029874071,0.0,1,2025-11-05
TPL,Texas Pacific Land Corporation,1193.4509,8.799763833663077,0.0,1,2025-11-06
TPL,Texas Pacific Land Corporation,1171.7433,8.79991717400128,0.0,1,2025-11-07
TPR,"Tapestry, Inc.",123.9038,4.077599942684173,0.0,1,2025-10-25
TPR,"Tapestry, Inc.",120.9492,4.053443651364982,0.0,1,2025-10-26
TPR,"Tapestry, Inc.",115.514,4.088454158302047,0.0,1,2025-10-27
TPR,"Tapestry, Inc.",114.121,4.059932402481634,0.0,1,2025-10-28
TPR,"Tapestry, Inc.",120.9942,4.091239805341065,0.0,1,2025-10-29
TPR,"Tapestry, Inc.",120.9633,4.0647324971888255,0.0,1,2025-10-30
TPR,"Tapestry, Inc.",123.3031,4.028798017361263,0.0,1,2025-10-31
TPR,"Tapestry, Inc.",123.5973,4.026483320311834,0.0,1,2025-11-01
TPR,"Tapestry, Inc.",136.0731,3.990891503582364,0.0,1,2025-11-02
TPR,"Tapestry, Inc.",133.8404,3.963090107782969,0.0,1,2025-11-03
TPR,"Tapestry, Inc.",130.5027,3.9965910589978684,0.0,1,2025-11-04
TPR,"Tapestry, Inc.",129.8108,4.018078974334678,0.0,1,2025-11-05
TPR,"Tapestry, Inc.",136.6014,4.058059183883734,0.0,1,2025-11-06
TPR,"Tapestry, Inc.",134.1845,4.0760487232072,0.0,1,2025-11-07
TRGP,Targa Resources,162.7005,3.617999851703644,1.119699999690055,2,2025-10-25
TRGP,Targa Resources,172.7106,3.653928183156115,1.1177575936959956,2,2025-10-26
TRGP,Targa Resources,172.8566,3.6747648359984417,1.1185579879023877,2,2025-10-27
TRGP,Targa Resources,167.7086,3.665108194316937,1.1105770533177841,2,2025-10-28
TRGP,Targa Resources,163.0729,3.649022613116629,1.107376616784077,2,2025-10-29
TRGP,Targa Resources,162.8077,3.6317498965474293,1.1123333510413536,2,2025-10-30
TRGP,Targa Resources,166.2175,3.5975200053552276,1.101530888695586,2,2025-10-31
TRGP,Targa Resources,168.6214,3.581415696832359,1.1101417226374337,2,2025-11-01
TRGP,Targa Resources,174.3774,3.5822083537899556,1.114956919953553,2,2025-11-02
TRGP,Targa Resources,177.1603,3.5556836762234965,1.1231131752111192,2,2025-11-03
TRGP,Targa Resources,177.4399,3.5907348624033553,1.122474244345566,2,2025-11-04
TRGP,Targa Resources,175.03,3.559797496531495,1.1115469673794407,2,2025-11-05
TRGP,Targa Resources,172.3253,3.528283252531129,1.1192467472399346,2,2025-11-06
TRGP,Targa Resources,168.4519,3.5100675515539757,1.1187287915167516,2,2025-11-07
TRMB,Trimble Inc.,83.4582,4.212499856948852,0.0,1,2025-10-25
TRMB,Trimble Inc.,84.1612,4.233295471995866,0.0,1,2025-10-26
TRMB,Trimble Inc.,84.2003,4.2675660525897126,0.0,1,2025-10-27
TRMB,Trimble Inc.,83.2905,4.285140936245772,0.0,1,2025-10-28
TRMB,Trimble Inc.,83.5933,4.274343061566738,0.0,1,2025-10-29
TRMB,Trimble Inc.,83.9683,4.234051150174363,0.0,1,2025-10-30
TRMB,Trimble Inc.,84.0429,4.2247857884667726,0.0,1,2025-10-31
TRMB,Trimble Inc.,83.2836,4.206438659460046,0.0,1,2025-11-01
TRMB,Trimble Inc.,84.8364,4.172152167361018,0.0,1,2025-11-02
TRMB,Trimble Inc.,85.9721,4.140197935753836,0.0,1,2025-11-03
TRMB,Trimble Inc.,86.1621,4.158576773220412,0.0,1,2025-11-04
TRMB,Trimble Inc.,85.9918,4.199741508490896,0.0,1,2025-11-05
TRMB,Trimble Inc.,85.608,4.220772885046,0.0,1,2025-11-06
TRMB,Trimble Inc.,84.8561,4.200404885583889,0.0,1,2025-11-07
TROW,T. Rowe Price,104.8413,5.799000263214111,4.881600141525268,3,2025-10-25
TROW,T. Rowe Price,105.5193,5.8225477541933355,4.8561893577233155,3,2025-10-26
TROW,T. Rowe Price,105.537,5.813798589171481,4.808614159054155,3,2025-10-27
TROW,T. Rowe Price,104.5945,5.7711439099165025,4.774525934189527,3,2025-10-28
TROW,T. Rowe Price,104.8519,5.749668047641102,4.766238650839194,3,2025-10-29
TROW,T. Rowe Price,105.291,5.73431966555179,4.795690412525564,3,2025-10-30
TROW,T. Rowe Price,104.7638,5.698947994514071,4.765072388969585,3,2025-10-31
TROW,T. Rowe Price,104.3347,5.717704536286548,4.799724295622916,3,2025-11-01
TROW,T. Rowe Price,105.2236,5.72430332419827,4.764135550434131,3,2025-11-02
TROW,T. Rowe Price,105.7785,5.739302865409759,4.795866897146974,3,2025-11-03
TROW,T. Rowe Price,105.7714,5.774776923722486,4.833109059762846,3,2025-11-04
TROW,T. Rowe Price,105.2604,5.82665320703444,4.856405945947101,3,2025-11-05
TROW,T. Rowe Price,105.1668,5.876550958152772,4.816527225982396,3,2025-11-06
TROW,T. Rowe Price,104.8636,5.890561458083494,4.820814451115086,3,2025-11-07
TRV,Travelers Companies (The),277.5545,6.8577998876571655,3.312399983406067,3,2025-10-25
TRV,Travelers Companies (The),281.4818,6.88702126963538,3.293199708032184,3,2025-10-26
TRV,Travelers Companies (The),280.6777,6.875229059596286,3.314302716136924,3,2025-10-27
TRV,Travelers Companies (The),278.2552,6.821672615628909,3.2905303375644315,3,2025-10-28
TRV,Travelers Companies (The),277.4805,6.867892326381026,3.2975295059013487,3,2025-10-29
TRV,Travelers Companies (The),278.3634,6.880675100569861,3.2850536705937836,3,2025-10-30
TRV,Travelers Companies (The),278.4768,6.814952388222999,3.261273998043451,3,2025-10-31
TRV,Travelers Companies (The),278.5301,6.821990848786901,3.278040650843059,3,2025-11-01
TRV,Travelers Companies (The),280.6038,6.770715225044953,3.2738142234963017,3,2025-11-02
TRV,Travelers Companies (The),282.4665,6.724323558168619,3.243768898249842,3,2025-11-03
TRV,Travelers Companies (The),283.6524,6.703574991903626,3.2386836158847006,3,2025-11-04
TRV,Travelers Companies (The),283.5275,6.640504400292723,3.2434967819785383,3,2025-11-05
TRV,Travelers Companies (The),283.1584,6.671027782697805,3.2198168925998556,3,2025-11-06
TRV,Travelers Companies (The),281.4223,6.655550309643873,3.2292906817731453,3,2025-11-07
TSCO,Tractor Supply,58.2182,2.056400030851364,2.037999927997589,3,2025-10-25
TSCO,Tractor Supply,58.6697,2.0521432996295337,2.0411303575686492,3,2025-10-26
TSCO,Tractor Supply,58.2985,2.0713988444778195,2.042411486596383,3,2025-10-27
TSCO,Tractor Supply,57.9872,2.0871950084676767,2.0538817895738033,3,2025-10-28
TSCO,Tractor Supply,58.0207,2.0880628691504324,2.0489742275397558,3,2025-10-29
TSCO,Tractor Supply,58.192,2.069341686416887,2.0603266371122877,3,2025-10-30
TSCO,Tractor Supply,58.18,2.0569561990381446,2.07230738729776,3,2025-10-31
TSCO,Tractor Supply,58.1836,2.0706347569440924,2.0743045251399588,3,2025-11-01
TSCO,Tractor Supply,57.6384,2.086142053339882,2.071624364965798,3,2025-11-02
TSCO,Tractor Supply,57.3505,2.0861367050270183,2.0578236642564027,3,2025-11-03
TSCO,Tractor Supply,57.3966,2.1026473205571627,2.049749862562254,3,2025-11-04
TSCO,Tractor Supply,57.6165,2.1054171813448077,2.046341108646079,3,2025-11-05
TSCO,Tractor Supply,57.6337,2.0996037789078303,2.0627880234676517,3,2025-11-06
TSCO,Tractor Supply,57.3681,2.0828262808877294,2.0608988567368134,3,2025-11-07
TSLA,"Tesla, Inc.",426.7141,4.256899952888489,5.666300058364868,2,2025-10-25
TSLA,"Tesla, Inc.",424.5555,4.276644171991858,5.615062218659326,2,2025-10-26
TSLA,"Tesla, Inc.",432.4688,4.25045844591662,5.581266064496856,2,2025-10-27
TSLA,"Tesla, Inc.",441.6951,4.278543263103981,5.55413674301125,2,2025-10-28
TSLA,"Tesla, Inc.",437.5588,4.263149840268177,5.533203735169207,2,2025-10-29
TSLA,"Tesla, Inc.",432.3807,4.26216454355104,5.496912223303988,2,2025-10-30
TSLA,"Tesla, Inc.",430.8688,4.255136138088809,5.464001306729171,2,2025-10-31
TSLA,"Tesla, Inc.",435.5086,4.297527316378163,5.4972143090699275,2,2025-11-01
TSLA,"Tesla, Inc.",468.8099,4.30739813369529,5.505754174436491,2,2025-11-02
TSLA,"Tesla, Inc.",466.0621,4.276272450193403,5.519511329782287,2,2025-11-03
TSLA,"Tesla, Inc.",465.797,4.289996412280936,5.545214607004664,2,2025-11-04
TSLA,"Tesla, Inc.",467.1146,4.279768157797873,5.490108865082781,2,2025-11-05
TSLA,"Tesla, Inc.",463.9208,4.240372492542989,5.508973380546875,2,2025-11-06
TSLA,"Tesla, Inc.",456.6234,4.21757820920686,5.504555985695643,2,2025-11-07
TSN,Tyson Foods,54.698,8.810999989509583,0.34520000219345004,2,2025-10-25
TSN,Tyson Foods,55.9382,8.857068486027098,0.34854556714546786,2,2025-10-26
TSN,Tyson Foods,55.6455,8.807421007551095,0.34687911705002983,2,2025-10-27
TSN,Tyson Foods,55.6067,8.84183004876847,0.3485686208602651,2,2025-10-28
TSN,Tyson Foods,55.8285,8.78511845533165,0.34720862237360567,2,2025-10-29
TSN,Tyson Foods,55.8775,8.817931254382168,0.3451979743601686,2,2025-10-30
TSN,Tyson Foods,55.8615,8.833430483732,0.34527715410771054,2,2025-10-31
TSN,Tyson Foods,55.827,8.887216792947074,0.3486248528459393,2,2025-11-01
TSN,Tyson Foods,55.0909,8.817765312309962,0.34924563230817207,2,2025-11-02
TSN,Tyson Foods,54.8445,8.892668971479228,0.34805419982287633,2,2025-11-03
TSN,Tyson Foods,54.8511,8.869339902552197,0.3466767083746821,2,2025-11-04
TSN,Tyson Foods,54.7362,8.94777968618452,0.3443446743781536,2,2025-11-05
TSN,Tyson Foods,54.7052,9.008078325553553,0.34333671012430117,2,2025-11-06
TSN,Tyson Foods,54.5215,9.048141271642432,0.3413255399326541,2,2025-11-07
TT,Trane Technologies,469.1222,-2.008800059556961,0.0,1,2025-10-25
TT,Trane Technologies,480.8847,-2.0095190247615466,0.0,1,2025-10-26
TT,Trane Technologies,471.7772,-2.0220109330709644,0.0,1,2025-10-27
TT,Trane Technologies,460.5925,-2.0421766614325216,0.0,1,2025-10-28
TT,Trane Technologies,458.5849,-2.0522167973413534,0.0,1,2025-10-29
TT,Trane Technologies,463.6876,-2.0545457997181193,0.0,1,2025-10-30
TT,Trane Technologies,470.8521,-2.0354993665187817,0.0,1,2025-10-31
TT,Trane Technologies,471.7991,-2.026692374979257,0.0,1,2025-11-01
TT,Trane Technologies,472.411,-2.0286082897214266,0.0,1,2025-11-02
TT,Trane Technologies,471.417,-2.0099919192576494,0.0,1,2025-11-03
TT,Trane Technologies,468.7471,-2.0110416290214905,0.0,1,2025-11-04
TT,Trane Technologies,469.5019,-2.005972819537485,0.0,1,2025-11-05
TT,Trane Technologies,472.8467,-2.0168509507980974,0.0,1,2025-11-06
TT,Trane Technologies,472.1606,-2.0009075331389705,0.0,1,2025-11-07
TTD,Trade Desk (The),53.9294,0.389899984002113,0.0,1,2025-10-25
TTD,Trade Desk (The),57.6802,0.38992165385546773,0.0,1,2025-10-26
TTD,Trade Desk (The),58.8655,0.3874225550408563,0.0,1,2025-10-27
TTD,Trade Desk (The),55.2049,0.3870383848529811,0.0,1,2025-10-28
TTD,Trade Desk (The),51.8452,0.39049926041322613,0.0,1,2025-10-29
TTD,Trade Desk (The),51.8051,0.3940639557084726,0.0,1,2025-10-30
TTD,Trade Desk (The),54.3725,0.3932394889691819,0.0,1,2025-10-31
TTD,Trade Desk (The),57.734,0.3911483172436599,0.0,1,2025-11-01
TTD,Trade Desk (The),52.2081,0.39140469760021923,0.0,1,2025-11-02
TTD,Trade Desk (The),45.5319,0.3922568003527721,0.0,1,2025-11-03
TTD,Trade Desk (The),45.9837,0.3898373171075476,0.0,1,2025-11-04
TTD,Trade Desk (The),51.7411,0.39142853677269906,0.0,1,2025-11-05
TTD,Trade Desk (The),55.2245,0.39207815940596763,0.0,1,2025-11-06
TTD,Trade Desk (The),52.6723,0.3887088204163415,0.0,1,2025-11-07
TTWO,Take-Two Interactive,258.0705,5.78980028629303,0.0,1,2025-10-25
TTWO,Take-Two Interactive,256.2361,5.783982322152736,0.0,1,2025-10-26
TTWO,Take-Two Interactive,253.8128,5.7947736018904115,0.0,1,2025-10-27
TTWO,Take-Two Interactive,255.746,5.760870607133495,0.0,1,2025-10-28
TTWO,Take-Two Interactive,258.5722,5.755954302005408,0.0,1,2025-10-29
TTWO,Take-Two Interactive,258.7546,5.732549654941426,0.0,1,2025-10-30
TTWO,Take-Two Interactive,257.7581,5.763369166938524,0.0,1,2025-10-31
TTWO,Take-Two Interactive,257.3246,5.722294116005715,0.0,1,2025-11-01
TTWO,Take-Two Interactive,270.9042,5.759086843896724,0.0,1,2025-11-02
TTWO,Take-Two Interactive,274.5925,5.726764669940265,0.0,1,2025-11-03
TTWO,Take-Two Interactive,275.4383,5.728469927808011,0.0,1,2025-11-04
TTWO,Take-Two Interactive,275.6687,5.749182064261151,0.0,1,2025-11-05
TTWO,Take-Two Interactive,273.5166,5.7403582804157045,0.0,1,2025-11-06
TTWO,Take-Two Interactive,271.2086,5.776248579385937,0.0,1,2025-11-07
TXN,Texas Instruments,180.8507,3.0406001210212708,3.5418999195098873,2,2025-10-25
TXN,Texas Instruments,186.9504,3.0134636943171715,3.510222486869576,2,2025-10-26
TXN,Texas Instruments,186.1312,3.027127536470471,3.5321270709330905,2,2025-10-27
TXN,Texas Instruments,183.7401,3.0273849952987493,3.5509793515092807,2,2025-10-28
TXN,Texas Instruments,183.0243,2.997531967045575,3.542819391238753,2,2025-10-29
TXN,Texas Instruments,183.9926,2.9750543387063475,3.5242916215286795,2,2025-10-30
TXN,Texas Instruments,184.6369,2.95191971862594,3.555290997695085,2,2025-10-31
TXN,Texas Instruments,184.6024,2.974807767046993,3.5455483697731145,2,2025-11-01
TXN,Texas Instruments,182.393,3.001042839901209,3.5375927104155123,2,2025-11-02
TXN,Texas Instruments,182.0276,2.9715184070865153,3.5069451624684995,2,2025-11-03
TXN,Texas Instruments,183.2025,2.9859533083804326,3.4944175110407545,2,2025-11-04
TXN,Texas Instruments,183.9562,2.965150910974699,3.4714193726008227,2,2025-11-05
TXN,Texas Instruments,183.6333,2.9372291629270495,3.490792467104211,2,2025-11-06
TXN,Texas Instruments,181.7247,2.945814344626949,3.4602451135687025,2,2025-11-07
TXT,Textron,83.218,3.862999975681305,5.480499863624573,2,2025-10-25
TXT,Textron,83.7145,3.846725992084729,5.521926795743867,2,2025-10-26
TXT,Textron,83.1024,3.830890232127004,5.475616911449352,2,2025-10-27
TXT,Textron,82.2053,3.8152138553646844,5.442117378350448,2,2025-10-28
TXT,Textron,82.0819,3.8494517311842364,5.480384835383627,2,2025-10-29
TXT,Textron,82.3274,3.823480482189856,5.510365906940862,2,2025-10-30
TXT,Textron,83.0514,3.8560466316042716,5.490009133225423,2,2025-10-31
TXT,Textron,82.7839,3.884278895702497,5.472792254139504,2,2025-11-01
TXT,Textron,82.1134,3.9193837006631553,5.507830827484411,2,2025-11-02
TXT,Textron,81.9662,3.890187932772003,5.486923545321838,2,2025-11-03
TXT,Textron,82.126,3.8640638325669667,5.452041175165194,2,2025-11-04
TXT,Textron,82.388,3.8762505234452207,5.433900563411872,2,2025-11-05
TXT,Textron,82.4192,3.8670224225280503,5.380142406346691,2,2025-11-06
TXT,Textron,81.6987,3.8612705354386208,5.4334646088501115,2,2025-11-07
TYL,Tyler Technologies,538.5041,9.01889979839325,0.0,1,2025-10-25
TYL,Tyler Technologies,560.524,9.0137897651671,0.0,1,2025-10-26
TYL,Tyler Technologies,558.5784,9.003813913483274,0.0,1,2025-10-27
TYL,Tyler Technologies,543.8217,9.087641132828246,0.0,1,2025-10-28
TYL,Tyler Technologies,538.456,9.076018525059592,0.0,1,2025-10-29
TYL,Tyler Technologies,542.2669,9.089542048181615,0.0,1,2025-10-30
TYL,Tyler Technologies,545.5938,9.101172026133952,0.0,1,2025-10-31
TYL,Tyler Technologies,544.6369,9.065538432565617,0.0,1,2025-11-01
TYL,Tyler Technologies,537.2688,9.059053795303418,0.0,1,2025-11-02
TYL,Tyler Technologies,534.1988,9.043655911275442,0.0,1,2025-11-03
TYL,Tyler Technologies,536.9462,8.999893533202188,0.0,1,2025-11-04
TYL,Tyler Technologies,541.4641,9.01331347811173,0.0,1,2025-11-05
TYL,Tyler Technologies,543.3256,9.052748461632543,0.0,1,2025-11-06
TYL,Tyler Technologies,536.4643,9.07245561628359,0.0,1,2025-11-07
UAL,United Airlines Holdings,110.1511,8.66599977016449,0.0,1,2025-10-25
UAL,United Airlines Holdings,114.0704,8.62444457919534,0.0,1,2025-10-26
UAL,United Airlines Holdings,112.7334,8.571442448695342,0.0,1,2025-10-27
UAL,United Airlines Holdings,109.3212,8.553141455806289,0.0,1,2025-10-28
UAL,United Airlines Holdings,108.4248,8.556293107222325,0.0,1,2025-10-29
UAL,United Airlines Holdings,111.3956,8.55365875482564,0.0,1,2025-10-30
UAL,United Airlines Holdings,112.6016,8.566782816978858,0.0,1,2025-10-31
UAL,United Airlines Holdings,114.568,8.592126642641942,0.0,1,2025-11-01
UAL,United Airlines Holdings,118.4655,8.67551612889814,0.0,1,2025-11-02
UAL,United Airlines Holdings,117.6206,8.741170663644361,0.0,1,2025-11-03
UAL,United Airlines Holdings,115.9096,8.743601671143892,0.0,1,2025-11-04
UAL,United Airlines Holdings,113.7503,8.760078104215793,0.0,1,2025-11-05
UAL,United Airlines Holdings,113.2457,8.809232265001272,0.0,1,2025-11-06
UAL,United Airlines Holdings,115.4446,8.84497429211082,0.0,1,2025-11-07
UBER,Uber,98.0488,2.635700106620788,6.375899910926819,5,2025-10-25
UBER,Uber,98.0266,2.6404826213527035,6.427337343610505,5,2025-10-26
UBER,Uber,98.0644,2.6631369229759723,6.438293979350983,5,2025-10-27
UBER,Uber,98.1007,2.673400242985413,6.432115999844639,5,2025-10-28
UBER,Uber,98.0044,2.672012742726012,6.465176585905368,5,2025-10-29
UBER,Uber,97.8911,2.685368193673453,6.412232616438057,5,2025-10-30
UBER,Uber,97.9693,2.671882852463503,6.400094570430884,5,2025-10-31
UBER,Uber,97.9953,2.6833607557368073,6.390832689819847,5,2025-11-01
UBER,Uber,97.6962,2.6623699119128954,6.45046020213918,5,2025-11-02
UBER,Uber,97.4773,2.6735524797897137,6.413554315364684,5,2025-11-03
UBER,Uber,97.3178,2.6961808240281644,6.361082989362663,5,2025-11-04
UBER,Uber,97.55,2.67392093283139,6.351859704870973,5,2025-11-05
UBER,Uber,98.0226,2.651988998105454,6.354178173572996,5,2025-11-06
UBER,Uber,97.6713,2.665677033699189,6.33793779308727,5,2025-11-07
UDR,"UDR, Inc.",38.2181,8.756300210952759,0.0,1,2025-10-25
UDR,"UDR, Inc.",39.0356,8.816561083693484,0.0,1,2025-10-26
UDR,"UDR, Inc.",38.6944,8.901385644230263,0.0,1,2025-10-27
UDR,"UDR, Inc.",38.4496,8.98287489527481,0.0,1,2025-10-28
UDR,"UDR, Inc.",38.4769,8.919109082890385,0.0,1,2025-10-29
UDR,"UDR, Inc.",38.6501,8.919598986683923,0.0,1,2025-10-30
UDR,"UDR, Inc.",38.6157,8.911935475824375,0.0,1,2025-10-31
UDR,"UDR, Inc.",38.5684,8.984309084063298,0.0,1,2025-11-01
UDR,"UDR, Inc.",37.5745,8.95072711816078,0.0,1,2025-11-02
UDR,"UDR, Inc.",37.126,8.878579222462463,0.0,1,2025-11-03
UDR,"UDR, Inc.",37.2882,8.90674736517136,0.0,1,2025-11-04
UDR,"UDR, Inc.",37.4061,8.904757578331862,0.0,1,2025-11-05
UDR,"UDR, Inc.",37.3934,8.928877610221985,0.0,1,2025-11-06
UDR,"UDR, Inc.",37.2163,8.854748498936052,0.0,1,2025-11-07
UHS,Universal Health Services,210.2531,9.055699706077576,0.0,1,2025-10-25
UHS,Universal Health Services,208.2654,9.043088950966728,0.0,1,2025-10-26
UHS,Universal Health Services,206.4803,8.98872625849445,0.0,1,2025-10-27
UHS,Universal Health Services,206.9397,8.939506227731673,0.0,1,2025-10-28
UHS,Universal Health Services,207.9784,8.85220963318144,0.0,1,2025-10-29
UHS,Universal Health Services,208.1539,8.893823214483726,0.0,1,2025-10-30
UHS,Universal Health Services,207.6342,8.85504509337065,0.0,1,2025-10-31
UHS,Universal Health Services,207.2359,8.838855904609936,0.0,1,2025-11-01
UHS,Universal Health Services,207.135,8.786725309491272,0.0,1,2025-11-02
UHS,Universal Health Services,206.9796,8.785254876443481,0.0,1,2025-11-03
UHS,Universal Health Services,207.3063,8.75493154852314,0.0,1,2025-11-04
UHS,Universal Health Services,208.0805,8.703497177169114,0.0,1,2025-11-05
UHS,Universal Health Services,208.0808,8.758027479378729,0.0,1,2025-11-06
UHS,Universal Health Services,206.2763,8.689407880717045,0.0,1,2025-11-07
ULTA,Ulta Beauty,532.3314,6.2342000007629395,4.484899938106537,3,2025-10-25
ULTA,Ulta Beauty,537.3037,6.237760104897571,4.514657767918549,3,2025-10-26
ULTA,Ulta Beauty,535.5968,6.223133636754394,4.505125197524808,3,2025-10-27
ULTA,Ulta Beauty,535.6374,6.282828947291184,4.528284647210396,3,2025-10-28
ULTA,Ulta Beauty,535.2512,6.34078921322629,4.5264639094908885,3,2025-10-29
ULTA,Ulta Beauty,535.9935,6.375593586508135,4.49759017788375,3,2025-10-30
ULTA,Ulta Beauty,535.7211,6.388847073372855,4.472843677275263,3,2025-10-31
ULTA,Ulta Beauty,535.3801,6.414225548407456,4.512796418182478,3,2025-11-01
ULTA,Ulta Beauty,551.3863,6.375162490783823,4.485744775300487,3,2025-11-02
ULTA,Ulta Beauty,555.2232,6.396293691329496,4.528292411719743,3,2025-11-03
ULTA,Ulta Beauty,556.4638,6.436571482731424,4.54577923891225,3,2025-11-04
ULTA,Ulta Beauty,554.2969,6.419457978872622,4.5223252598742745,3,2025-11-05
ULTA,Ulta Beauty,553.0647,6.435467631642441,4.511592127315518,3,2025-11-06
ULTA,Ulta Beauty,552.7565,6.491444775896574,4.539413312889235,3,2025-11-07
UNH,UnitedHealth Group,325.699,-0.324999988079071,6.307200193405151,6,2025-10-25
UNH,UnitedHealth Group,312.5267,-0.3224760980348537,6.273063474245147,6,2025-10-26
UNH,UnitedHealth Group,325.258,-0.32112911639632846,6.228396647570714,6,2025-10-27
UNH,UnitedHealth Group,341.9301,-0.3208739129481294,6.166941937746624,6,2025-10-28
UNH,UnitedHealth Group,348.7112,-0.31874621605723585,6.145109408300262,6,2025-10-29
UNH,UnitedHealth Group,336.1754,-0.3187404316736911,6.141043142722954,6,2025-10-30
UNH,UnitedHealth Group,327.9256,-0.3201948391182074,6.177961084428948,6,2025-10-31
UNH,UnitedHealth Group,327.9589,-0.31976549295728757,6.178655756500708,6,2025-11-01
UNH,UnitedHealth Group,316.8151,-0.3172984393267232,6.174176857063396,6,2025-11-02
UNH,UnitedHealth Group,317.8428,-0.32040066889167657,6.135301497549821,6,2025-11-03
UNH,UnitedHealth Group,317.5035,-0.31838992535709115,6.152659698067617,6,2025-11-04
UNH,UnitedHealth Group,313.7218,-0.3214543024454918,6.190580159702292,6,2025-11-05
UNH,UnitedHealth Group,312.2033,-0.32403194868233637,6.237398358228378,6,2025-11-06
UNH,UnitedHealth Group,313.5234,-0.32387245917121793,6.231145397923541,6,2025-11-07
UNP,Union Pacific Corporation,224.5811,0.427000001072883,8.812400102615356,3,2025-10-25
UNP,Union Pacific Corporation,226.591,0.42584875549745843,8.899114378344525,3,2025-10-26
UNP,Union Pacific Corporation,225.9014,0.4245825777696285,8.81344096039093,3,2025-10-27
UNP,Union Pacific Corporation,224.8174,0.42794762325000235,8.796640128509528,3,2025-10-28
UNP,Union Pacific Corporation,224.7319,0.4246025793664926,8.780496880915774,3,2025-10-29
UNP,Union Pacific Corporation,224.824,0.42337865611712977,8.850294298681078,3,2025-10-30
UNP,Union Pacific Corporation,225.5558,0.4256029727749726,8.763555472318965,3,2025-10-31
UNP,Union Pacific Corporation,224.9596,0.42806451665714806,8.715264477243633,3,2025-11-01
UNP,Union Pacific Corporation,225.0679,0.4287237758591318,8.745072492815146,3,2025-11-02
UNP,Union Pacific Corporation,225.0814,0.42676685947276455,8.721246724356996,3,2025-11-03
UNP,Union Pacific Corporation,225.8042,0.42520303415343513,8.710308076047816,3,2025-11-04
UNP,Union Pacific Corporation,225.8329,0.424772886246545,8.790471929075501,3,2025-11-05
UNP,Union Pacific Corporation,225.2388,0.4256813351479327,8.742492992176672,3,2025-11-06
UNP,Union Pacific Corporation,225.2086,0.42566709299329997,8.6567059914632,3,2025-11-07
UPS,United Parcel Service,84.742,3.055300116539001,5.888800024986267,8,2025-10-25
UPS,United Parcel Service,84.1935,3.053392558146473,5.851796820802909,8,2025-10-26
UPS,United Parcel Service,85.6114,3.067708268029298,5.814749530949478,8,2025-10-27
UPS,United Parcel Service,88.077,3.039118542760482,5.769669890913947,8,2025-10-28
UPS,United Parcel Service,89.3322,3.01761558381436,5.786038492423928,8,2025-10-29
UPS,United Parcel Service,85.7745,3.0072561459115357,5.737913973511786,8,2025-10-30
UPS,United Parcel Service,82.1987,2.9982626020634005,5.787367196409652,8,2025-10-31
UPS,United Parcel Service,82.8621,2.9974373297285464,5.766985485970075,8,2025-11-01
UPS,United Parcel Service,88.8316,2.981256140652849,5.80762705227719,8,2025-11-02
UPS,United Parcel Service,95.459,2.9543437471970124,5.860058450657264,8,2025-11-03
UPS,United Parcel Service,94.8718,2.9466355416127117,5.8715123483702945,8,2025-11-04
UPS,United Parcel Service,87.9597,2.9222281254043634,5.833739903853093,8,2025-11-05
UPS,United Parcel Service,85.0361,2.941434945531369,5.8570260553880855,8,2025-11-06
UPS,United Parcel Service,85.9928,2.947427666721422,5.8502842028477104,8,2025-11-07
URI,United Rentals,932.5465,-0.022799998987466,0.0,1,2025-10-25
URI,United Rentals,937.1815,-0.022921539902676785,0.0,1,2025-10-26
URI,United Rentals,930.0462,-0.022949120290432556,0.0,1,2025-10-27
URI,United Rentals,925.7617,-0.02300619910665193,0.0,1,2025-10-28
URI,United Rentals,927.3933,-0.02288134931129954,0.0,1,2025-10-29
URI,United Rentals,927.956,-0.02290870176627027,0.0,1,2025-10-30
URI,United Rentals,928.7443,-0.022831408095947327,0.0,1,2025-10-31
URI,United Rentals,926.0228,-0.022672808094743507,0.0,1,2025-11-01
URI,United Rentals,923.3566,-0.022749373289066094,0.0,1,2025-11-02
URI,United Rentals,923.7219,-0.02285121397103775,0.0,1,2025-11-03
URI,United Rentals,932.0357,-0.022769950288694756,0.0,1,2025-11-04
URI,United Rentals,944.3722,-0.02280147264871536,0.0,1,2025-11-05
URI,United Rentals,945.3713,-0.022902209841317567,0.0,1,2025-11-06
URI,United Rentals,927.5816,-0.022794007430443235,0.0,1,2025-11-07
USB,U.S. Bancorp,48.4419,7.293199896812439,1.387300044298172,2,2025-10-25
USB,U.S. Bancorp,48.4004,7.271980541985039,1.373828888612321,2,2025-10-26
USB,U.S. Bancorp,48.3495,7.28065605933359,1.3648001407970016,2,2025-10-27
USB,U.S. Bancorp,48.2761,7.35252534798503,1.371175090981583,2,2025-10-28
USB,U.S. Bancorp,48.3233,7.366074031306642,1.3644200197884424,2,2025-10-29
USB,U.S. Bancorp,48.3449,7.366137364921847,1.355818586462189,2,2025-10-30
USB,U.S. Bancorp,48.3156,7.303881558381663,1.3568516092584244,2,2025-10-31
USB,U.S. Bancorp,48.32,7.305841652322455,1.3601624362147218,2,2025-11-01
USB,U.S. Bancorp,48.116,7.311104490330555,1.3579689727032456,2,2025-11-02
USB,U.S. Bancorp,48.0666,7.290211935605764,1.369841557212372,2,2025-11-03
USB,U.S. Bancorp,48.1265,7.30295220968531,1.3811303857941521,2,2025-11-04
USB,U.S. Bancorp,48.0799,7.324163504033404,1.3768805795570238,2,2025-11-05
USB,U.S. Bancorp,48.0471,7.371385127219129,1.376414737038746,2,2025-11-06
USB,U.S. Bancorp,47.8509,7.44067674205264,1.3835485640931873,2,2025-11-07
V,Visa Inc.,346.6746,0.50900001078844,7.2342002391815186,8,2025-10-25
V,Visa Inc.,343.1068,0.508658219448679,7.264383078579088,8,2025-10-26
V,Visa Inc.,341.7474,0.5082931474441689,7.307222773492903,8,2025-10-27
V,Visa Inc.,345.16,0.5085412224166239,7.311700568506454,8,2025-10-28
V,Visa Inc.,347.4302,0.5094864713756457,7.307799492154533,8,2025-10-29
V,Visa Inc.,347.0052,0.5103390545326089,7.300804796969306,8,2025-10-30
V,Visa Inc.,345.1256,0.5138844492974627,7.354296143231631,8,2025-10-31
V,Visa Inc.,344.9895,0.5189659840759667,7.397341319600064,8,2025-11-01
V,Visa Inc.,359.0618,0.515952212249285,7.408674670775724,8,2025-11-02
V,Visa Inc.,365.1934,0.5124672897766794,7.3762477062314895,8,2025-11-03
V,Visa Inc.,366.1826,0.5137516676513358,7.425311396785487,8,2025-11-04
V,Visa Inc.,364.2612,0.5185589251669634,7.383012880557619,8,2025-11-05
V,Visa Inc.,359.9899,0.5170435494999479,7.355330267684604,8,2025-11-06
V,Visa Inc.,358.3307,0.5187171671316199,7.41190452438197,8,2025-11-07
VICI,Vici Properties,32.1978,8.555799722671509,0.46519998461008005,2,2025-10-25
VICI,Vici Properties,32.279,8.512966582353506,0.4609240466985087,2,2025-10-26
VICI,Vici Properties,32.3651,8.598033406048062,0.46130309004770875,2,2025-10-27
VICI,Vici Properties,32.3464,8.673495034855353,0.45958763933804897,2,2025-10-28
VICI,Vici Properties,32.3124,8.607806699481436,0.4619460881802206,2,2025-10-29
VICI,Vici Properties,32.3188,8.635359216579266,0.46137835770187224,2,2025-10-30
VICI,Vici Properties,32.3145,8.591251051476759,0.46182946349765974,2,2025-10-31
VICI,Vici Properties,32.3143,8.507124374636188,0.461866207405077,2,2025-11-01
VICI,Vici Properties,32.0265,8.56047447126349,0.4649365691308897,2,2025-11-02
VICI,Vici Properties,31.9431,8.608050412283145,0.4690553806543835,2,2025-11-03
VICI,Vici Properties,32.0111,8.612087476731675,0.47349295423666654,2,2025-11-04
VICI,Vici Properties,32.0946,8.66621153629632,0.47251298973728256,2,2025-11-05
VICI,Vici Properties,32.0679,8.736399503208519,0.4742246451428501,2,2025-11-06
VICI,Vici Properties,31.8856,8.743200094951428,0.4726679844979382,2,2025-11-07
VLO,Valero Energy,158.2707,0.33500000834465,0.35599999129772103,2,2025-10-25
VLO,Valero Energy,156.4046,0.33186030221346263,0.35951955738067215,2,2025-10-26
VLO,Valero Energy,158.512,0.3302067609174077,0.35830707710692694,2,2025-10-27
VLO,Valero Energy,159.5865,0.33011642358709103,0.35503508007355394,2,2025-10-28
VLO,Valero Energy,160.5755,0.32833307617442314,0.35278883333387345,2,2025-10-29
VLO,Valero Energy,160.2286,0.33058913193350326,0.35068873768501796,2,2025-10-30
VLO,Valero Energy,158.8389,0.33028476156818276,0.3495397017398705,2,2025-10-31
VLO,Valero Energy,158.2104,0.3297249997399539,0.34750821638837054,2,2025-11-01
VLO,Valero Energy,164.3208,0.3300252819589789,0.34443063460927814,2,2025-11-02
VLO,Valero Energy,165.6994,0.33061966595455156,0.34600406900337083,2,2025-11-03
VLO,Valero Energy,165.8774,0.3288130081390714,0.3472934781179848,2,2025-11-04
VLO,Valero Energy,165.7061,0.3291696386764967,0.34814045481546424,2,2025-11-05
VLO,Valero Energy,164.7252,0.33199780203358886,0.35104229516059104,2,2025-11-06
VLO,Valero Energy,164.449,0.33219973415201964,0.3519009119564947,2,2025-11-07
VLTO,Veralto,107.2646,8.95259976387024,0.135199995711445,2,2025-10-25
VLTO,Veralto,108.5203,9.024657484576636,0.1352204828770601,2,2025-10-26
VLTO,Veralto,108.5552,9.005149238834852,0.13427249088363963,2,2025-10-27
VLTO,Veralto,107.7306,9.015014751352373,0.13375763549380298,2,2025-10-28
VLTO,Veralto,107.4293,9.014603340482862,0.134985064075737,2,2025-10-29
VLTO,Veralto,107.6268,9.083604353252804,0.13614170988939645,2,2025-10-30
VLTO,Veralto,107.7719,9.167433299156436,0.13573696441489705,2,2025-10-31
VLTO,Veralto,107.9775,9.22585952825824,0.13445477636780437,2,2025-11-01
VLTO,Veralto,107.1109,9.31324195508606,0.13317228938385167,2,2025-11-02
VLTO,Veralto,106.3604,9.304223269223261,0.13445353300644242,2,2025-11-03
VLTO,Veralto,106.7396,9.253613624730372,0.1339535226321426,2,2025-11-04
VLTO,Veralto,107.2197,9.31457558181934,0.13440007972528561,2,2025-11-05
VLTO,Veralto,107.1693,9.406862727799776,0.13423329946185153,2,2025-11-06
VLTO,Veralto,106.2416,9.354545875991473,0.1332434747492718,2,2025-11-07
VMC,Vulcan Materials Company,287.0795,8.503199815750122,0.0,1,2025-10-25
VMC,Vulcan Materials Company,283.2681,8.445793088842333,0.0,1,2025-10-26
VMC,Vulcan Materials Company,285.2837,8.38419661655429,0.0,1,2025-10-27
VMC,Vulcan Materials Company,285.7215,8.336830347944831,0.0,1,2025-10-28
VMC,Vulcan Materials Company,284.5219,8.273532158416206,0.0,1,2025-10-29
VMC,Vulcan Materials Company,283.9584,8.267914767787397,0.0,1,2025-10-30
VMC,Vulcan Materials Company,284.1498,8.333473587530111,0.0,1,2025-10-31
VMC,Vulcan Materials Company,284.9208,8.370107658259116,0.0,1,2025-11-01
VMC,Vulcan Materials Company,290.3732,8.414136644359962,0.0,1,2025-11-02
VMC,Vulcan Materials Company,291.2764,8.373396776288788,0.0,1,2025-11-03
VMC,Vulcan Materials Company,292.1219,8.436748317281427,0.0,1,2025-11-04
VMC,Vulcan Materials Company,292.1752,8.394348711235832,0.0,1,2025-11-05
VMC,Vulcan Materials Company,291.2116,8.33685825115669,0.0,1,2025-11-06
VMC,Vulcan Materials Company,289.7392,8.324497817700065,0.0,1,2025-11-07
VRSK,Verisk Analytics,247.0699,8.981000185012817,0.0,1,2025-10-25
VRSK,Verisk Analytics,253.2031,9.017234667232767,0.0,1,2025-10-26
VRSK,Verisk Analytics,251.6689,9.026449375361853,0.0,1,2025-10-27
VRSK,Verisk Analytics,247.7946,8.946607689943244,0.0,1,2025-10-28
VRSK,Verisk Analytics,245.765,8.994941888768883,0.0,1,2025-10-29
VRSK,Verisk Analytics,245.5742,8.935074017704585,0.0,1,2025-10-30
VRSK,Verisk Analytics,245.3669,9.004871132139787,0.0,1,2025-10-31
VRSK,Verisk Analytics,246.8587,9.033047288445433,0.0,1,2025-11-01
VRSK,Verisk Analytics,247.9596,9.05596397049606,0.0,1,2025-11-02
VRSK,Verisk Analytics,248.3726,9.008152754217713,0.0,1,2025-11-03
VRSK,Verisk Analytics,248.3638,9.023986977510374,0.0,1,2025-11-04
VRSK,Verisk Analytics,247.5047,9.110078616045934,0.0,1,2025-11-05
VRSK,Verisk Analytics,247.0042,9.032662031300188,0.0,1,2025-11-06
VRSK,Verisk Analytics,245.9842,9.074625229391376,0.0,1,2025-11-07
VRSN,Verisign,257.5442,1.709199994802475,7.96750009059906,4,2025-10-25
VRSN,Verisign,262.3591,1.7149109474020399,7.921303158994701,4,2025-10-26
VRSN,Verisign,259.0107,1.7100188999926882,7.879521011796442,4,2025-10-27
VRSN,Verisign,256.284,1.7070107520387319,7.832496391313353,4,2025-10-28
VRSN,Verisign,257.3753,1.7060299050413865,7.891450284216455,4,2025-10-29
VRSN,Verisign,259.0999,1.7131898850746106,7.850660383143302,4,2025-10-30
VRSN,Verisign,259.4973,1.7227926275505123,7.858304328472895,4,2025-10-31
VRSN,Verisign,258.8161,1.7143978101864037,7.876595939110691,4,2025-11-01
VRSN,Verisign,268.0458,1.717656154816728,7.84832411573356,4,2025-11-02
VRSN,Verisign,274.5705,1.712964214344079,7.7739231721030535,4,2025-11-03
VRSN,Verisign,274.2194,1.7012747694785724,7.724480373931312,4,2025-11-04
VRSN,Verisign,272.5791,1.7160928028942082,7.736759349200434,4,2025-11-05
VRSN,Verisign,272.2162,1.7028876354909295,7.781796474226283,4,2025-11-06
VRSN,Verisign,272.8341,1.718574230069871,7.856371190260386,4,2025-11-07
VRTX,Vertex Pharmaceuticals,428.6737,1.8100999295711508,6.616500020027161,3,2025-10-25
VRTX,Vertex Pharmaceuticals,432.7061,1.8031421558086462,6.67905850264916,3,2025-10-26
VRTX,Vertex Pharmaceuticals,432.3997,1.789641748227719,6.741847547002943,3,2025-10-27
VRTX,Vertex Pharmaceuticals,428.4683,1.797327340350404,6.721789310612585,3,2025-10-28
VRTX,Vertex Pharmaceuticals,427.3141,1.7818804873907579,6.664396247493637,3,2025-10-29
VRTX,Vertex Pharmaceuticals,427.998,1.784865807366991,6.671657263262122,3,2025-10-30
VRTX,Vertex Pharmaceuticals,429.7681,1.7744596857359007,6.649162568003827,3,2025-10-31
VRTX,Vertex Pharmaceuticals,430.1388,1.7712262974824098,6.714536235957707,3,2025-11-01
VRTX,Vertex Pharmaceuticals,423.4724,1.7831871416958878,6.732758328452176,3,2025-11-02
VRTX,Vertex Pharmaceuticals,423.4072,1.7733744924081045,6.680791556240546,3,2025-11-03
VRTX,Vertex Pharmaceuticals,422.7614,1.784566618100087,6.737791951575106,3,2025-11-04
VRTX,Vertex Pharmaceuticals,422.7511,1.7930354339851564,6.747650731293159,3,2025-11-05
VRTX,Vertex Pharmaceuticals,421.0376,1.81005828152582,6.7678584821869325,3,2025-11-06
VRTX,Vertex Pharmaceuticals,419.4695,1.7942627499324273,6.765072077729389,3,2025-11-07
VST,Vistra Corp.,245.1683,-1.227400004863739,8.867499828338623,3,2025-10-25
VST,Vistra Corp.,252.1668,-1.2302631594703,8.879804835448263,3,2025-10-26
VST,Vistra Corp.,252.9238,-1.2347338020916074,8.91616312132494,3,2025-10-27
VST,Vistra Corp.,255.621,-1.2389345804644223,8.886235568142055,3,2025-10-28
VST,Vistra Corp.,255.304,-1.2439999915773312,8.91590101570467,3,2025-10-29
VST,Vistra Corp.,254.5924,-1.2396836093514052,8.909396438588418,3,2025-10-30
VST,Vistra Corp.,254.1469,-1.2373555981416053,8.856080900333787,3,2025-10-31
VST,Vistra Corp.,253.8952,-1.2354604272467953,8.923568421066209,3,2025-11-01
VST,Vistra Corp.,272.6457,-1.2386515869000612,8.882108071344492,3,2025-11-02
VST,Vistra Corp.,270.1001,-1.2331548447971266,8.86833054064387,3,2025-11-03
VST,Vistra Corp.,271.6268,-1.2322123231454685,8.78423797414449,3,2025-11-04
VST,Vistra Corp.,276.665,-1.220674214807799,8.73202344471114,3,2025-11-05
VST,Vistra Corp.,275.9368,-1.2233828735208843,8.647271691213682,3,2025-11-06
VST,Vistra Corp.,274.0521,-1.2229351156509396,8.596758827429671,3,2025-11-07
VTR,Ventas,74.0685,7.488899827003479,0.0,1,2025-10-25
VTR,Ventas,74.8524,7.516035709497366,0.0,1,2025-10-26
VTR,Ventas,74.4864,7.560386263993685,0.0,1,2025-10-27
VTR,Ventas,74.4185,7.6010452322193105,0.0,1,2025-10-28
VTR,Ventas,74.4488,7.615089200298101,0.0,1,2025-10-29
VTR,Ventas,74.5453,7.583376076472643,0.0,1,2025-10-30
VTR,Ventas,74.5886,7.51485594465218,0.0,1,2025-10-31
VTR,Ventas,74.5241,7.484734724087327,0.0,1,2025-11-01
VTR,Ventas,74.6016,7.474935410001579,0.0,1,2025-11-02
VTR,Ventas,74.5991,7.498593670952548,0.0,1,2025-11-03
VTR,Ventas,74.7774,7.524675482038658,0.0,1,2025-11-04
VTR,Ventas,74.7989,7.484227301644862,0.0,1,2025-11-05
VTR,Ventas,74.7694,7.4286782987399445,0.0,1,2025-11-06
VTR,Ventas,74.0995,7.427210422967493,0.0,1,2025-11-07
VTRS,Viatris,10.6671,8.339899778366089,0.872500017285347,2,2025-10-25
VTRS,Viatris,10.7383,8.268651085731616,0.8700169815821717,2,2025-10-26
VTRS,Viatris,10.6598,8.313240408276886,0.8782404123524625,2,2025-10-27
VTRS,Viatris,10.5968,8.270159694984093,0.8818153460773647,2,2025-10-28
VTRS,Viatris,10.6083,8.345394666939498,0.8832952580080893,2,2025-10-29
VTRS,Viatris,10.6303,8.351853703512154,0.8793123465008454,2,2025-10-30
VTRS,Viatris,10.638,8.294865094089367,0.8746555066033438,2,2025-10-31
VTRS,Viatris,10.6268,8.357927207676033,0.8723974604032195,2,2025-11-01
VTRS,Viatris,10.5247,8.413924925018916,0.8655689474171714,2,2025-11-02
VTRS,Viatris,10.471,8.332826213376578,0.8617007893917447,2,2025-11-03
VTRS,Viatris,10.527,8.262960155257817,0.8663692964758021,2,2025-11-04
VTRS,Viatris,10.5813,8.290848622158338,0.8654150293417173,2,2025-11-05
VTRS,Viatris,10.574,8.326537482716423,0.8651071600557715,2,2025-11-06
VTRS,Viatris,10.4688,8.258622689597518,0.8598012590177586,2,2025-11-07
VZ,Verizon,40.2195,0.085199996829032,6.210200190544128,8,2025-10-25
VZ,Verizon,40.5486,0.08514301845621224,6.19114096056978,8,2025-10-26
VZ,Verizon,40.2816,0.0850025513567378,6.239570860031989,8,2025-10-27
VZ,Verizon,40.2285,0.0854957424544171,6.2771508020462,8,2025-10-28
VZ,Verizon,40.2642,0.08598284464913347,6.307654559909621,8,2025-10-29
VZ,Verizon,40.2858,0.08642335718529531,6.3442319625214845,8,2025-10-30
VZ,Verizon,40.288,0.08664606010588777,6.326216621965531,8,2025-10-31
VZ,Verizon,40.2815,0.08626395573602114,6.311611206877398,8,2025-11-01
VZ,Verizon,39.7319,0.08563608165371876,6.364272042828365,8,2025-11-02
VZ,Verizon,39.4405,0.0856651744154523,6.311429644158377,8,2025-11-03
VZ,Verizon,39.5198,0.0848960957660274,6.314247001403601,8,2025-11-04
VZ,Verizon,39.6775,0.0845595645605547,6.316689705865019,8,2025-11-05
VZ,Verizon,39.5394,0.08435374099020186,6.322480289593744,8,2025-11-06
VZ,Verizon,39.5837,0.08404700432755852,6.378389653719931,8,2025-11-07
WAB,Wabtec,202.3954,-4.542100131511688,6.703299880027771,2,2025-10-25
WAB,Wabtec,205.9566,-4.578389769592551,6.731827428807971,2,2025-10-26
WAB,Wabtec,205.6982,-4.538484899063018,6.719044850421061,2,2025-10-27
WAB,Wabtec,203.5388,-4.57911615159925,6.774306685726269,2,2025-10-28
WAB,Wabtec,202.2186,-4.553540180305078,6.79696118736372,2,2025-10-29
WAB,Wabtec,203.2034,-4.5138637283387855,6.8605358121513085,2,2025-10-30
WAB,Wabtec,202.8481,-4.494872585143382,6.847809004999722,2,2025-10-31
WAB,Wabtec,202.7971,-4.459401918313985,6.871683878423727,2,2025-11-01
WAB,Wabtec,205.8436,-4.476121077153113,6.862488822946416,2,2025-11-02
WAB,Wabtec,209.6625,-4.475066990021654,6.920911347983054,2,2025-11-03
WAB,Wabtec,210.8241,-4.473229521455804,6.858760676943403,2,2025-11-04
WAB,Wabtec,208.477,-4.484645550018814,6.865773371351786,2,2025-11-05
WAB,Wabtec,206.4242,-4.490446932009018,6.831170918842414,2,2025-11-06
WAB,Wabtec,205.4504,-4.533929717367732,6.777667064620956,2,2025-11-07
WAT,Waters Corporation,352.3034,9.057700037956238,0.0,1,2025-10-25
WAT,Waters Corporation,347.9562,9.016539897305664,0.0,1,2025-10-26
WAT,Waters Corporation,349.37,8.995014429265215,0.0,1,2025-10-27
WAT,Waters Corporation,349.4534,9.06085072424722,0.0,1,2025-10-28
WAT,Waters Corporation,351.5226,9.051377077434797,0.0,1,2025-10-29
WAT,Waters Corporation,352.5466,9.115341750658194,0.0,1,2025-10-30
WAT,Waters Corporation,351.8414,9.188685004045428,0.0,1,2025-10-31
WAT,Waters Corporation,348.7542,9.156948909657396,0.0,1,2025-11-01
WAT,Waters Corporation,355.1471,9.140576365693814,0.0,1,2025-11-02
WAT,Waters Corporation,359.1067,9.180942390722238,0.0,1,2025-11-03
WAT,Waters Corporation,359.209,9.189096356696203,0.0,1,2025-11-04
WAT,Waters Corporation,357.4091,9.230485492246089,0.0,1,2025-11-05
WAT,Waters Corporation,356.688,9.185002451534862,0.0,1,2025-11-06
WAT,Waters Corporation,355.2139,9.194874906173284,0.0,1,2025-11-07
WBD,Warner Bros. Discovery,14.5782,7.3719000816345215,0.0,1,2025-10-25
WBD,Warner Bros. Discovery,13.5769,7.338262218309138,0.0,1,2025-10-26
WBD,Warner Bros. Discovery,13.2803,7.366527870686214,0.0,1,2025-10-27
WBD,Warner Bros. Discovery,13.11,7.405383682613785,0.0,1,2025-10-28
WBD,Warner Bros. Discovery,13.2773,7.384237612194925,0.0,1,2025-10-29
WBD,Warner Bros. Discovery,13.7788,7.33710896456477,0.0,1,2025-10-30
WBD,Warner Bros. Discovery,13.7761,7.329681537790707,0.0,1,2025-10-31
WBD,Warner Bros. Discovery,13.5607,7.402851359522991,0.0,1,2025-11-01
WBD,Warner Bros. Discovery,15.5779,7.413999146575191,0.0,1,2025-11-02
WBD,Warner Bros. Discovery,16.1725,7.427257129176981,0.0,1,2025-11-03
WBD,Warner Bros. Discovery,16.6116,7.479709631044177,0.0,1,2025-11-04
WBD,Warner Bros. Discovery,16.5314,7.457409576876787,0.0,1,2025-11-05
WBD,Warner Bros. Discovery,16.4578,7.386440296018955,0.0,1,2025-11-06
WBD,Warner Bros. Discovery,16.48,7.444531016162766,0.0,1,2025-11-07
WDAY,"Workday, Inc.",240.924,4.585700035095215,0.0,1,2025-10-25
WDAY,"Workday, Inc.",239.3851,4.62934593138308,0.0,1,2025-10-26
WDAY,"Workday, Inc.",238.7216,4.601618681750005,0.0,1,2025-10-27
WDAY,"Workday, Inc.",239.4757,4.60892831250594,0.0,1,2025-10-28
WDAY,"Workday, Inc.",240.1355,4.5823581327270455,0.0,1,2025-10-29
WDAY,"Workday, Inc.",240.0631,4.583905658564376,0.0,1,2025-10-30
WDAY,"Workday, Inc.",240.0265,4.6250063353932385,0.0,1,2025-10-31
WDAY,"Workday, Inc.",240.1931,4.627959821520329,0.0,1,2025-11-01
WDAY,"Workday, Inc.",245.6595,4.625305108881327,0.0,1,2025-11-02
WDAY,"Workday, Inc.",249.301,4.62264758286427,0.0,1,2025-11-03
WDAY,"Workday, Inc.",249.8034,4.576707960793177,0.0,1,2025-11-04
WDAY,"Workday, Inc.",248.5793,4.60497057344106,0.0,1,2025-11-05
WDAY,"Workday, Inc.",245.6964,4.604778750792872,0.0,1,2025-11-06
WDAY,"Workday, Inc.",244.4774,4.56267180159347,0.0,1,2025-11-07
WDC,Western Digital,116.3686,6.239799857139587,2.531400024890899,2,2025-10-25
WDC,Western Digital,106.8422,6.225164554893786,2.530980118112333,2,2025-10-26
WDC,Western Digital,105.8139,6.221369060029687,2.5126765544255254,2,2025-10-27
WDC,Western Digital,115.3026,6.254755050082923,2.5035873219851763,2,2025-10-28
WDC,Western Digital,115.7801,6.2187775309201525,2.5218379699903366,2,2025-10-29
WDC,Western Digital,117.0247,6.212063411513506,2.5156748690001027,2,2025-10-30
WDC,Western Digital,117.3367,6.261811998839352,2.535368431961042,2,2025-10-31
WDC,Western Digital,117.1586,6.245170213000215,2.5587230205127156,2,2025-11-01
WDC,Western Digital,120.2379,6.219233992203946,2.582865508008368,2,2025-11-02
WDC,Western Digital,118.8459,6.267985218665312,2.5720202329818775,2,2025-11-03
WDC,Western Digital,116.5235,6.248479901622538,2.553165930941808,2,2025-11-04
WDC,Western Digital,114.7018,6.281956711602367,2.5345167225152165,2,2025-11-05
WDC,Western Digital,116.5779,6.327749923313409,2.5301218975990007,2,2025-11-06
WDC,Western Digital,121.1891,6.369908648210772,2.537282575179258,2,2025-11-07
WEC,WEC Energy Group,117.1298,2.66510009765625,5.288599729537964,3,2025-10-25
WEC,WEC Energy Group,118.1297,2.658671628351115,5.308179733185307,3,2025-10-26
WEC,WEC Energy Group,117.6889,2.648148091490265,5.256038721081319,3,2025-10-27
WEC,WEC Energy Group,116.4313,2.6517543800523216,5.273131945535377,3,2025-10-28
WEC,WEC Energy Group,116.1487,2.658371670055049,5.312362557309145,3,2025-10-29
WEC,WEC Energy Group,116.5669,2.6421193210614873,5.363378799497689,3,2025-10-30
WEC,WEC Energy Group,117.0887,2.616238731407334,5.385894457061986,3,2025-10-31
WEC,WEC Energy Group,117.1253,2.5927262401293873,5.386931908837023,3,2025-11-01
WEC,WEC Energy Group,117.6739,2.6007058667337373,5.426497829472366,3,2025-11-02
WEC,WEC Energy Group,118.0733,2.623849805932342,5.389490958548574,3,2025-11-03
WEC,WEC Energy Group,118.1102,2.61322408019918,5.38844703332977,3,2025-11-04
WEC,WEC Energy Group,117.864,2.5882715033465646,5.419907755029555,3,2025-11-05
WEC,WEC Energy Group,117.6516,2.5818697951729344,5.388818827455715,3,2025-11-06
WEC,WEC Energy Group,116.8601,2.594847937962899,5.3981441197953695,3,2025-11-07
WELL,Welltower,187.9996,8.85670006275177,0.0,1,2025-10-25
WELL,Welltower,190.4132,8.887564196066322,0.0,1,2025-10-26
WELL,Welltower,186.8904,8.883427120650406,0.0,1,2025-10-27
WELL,Welltower,185.0602,8.797405691864506,0.0,1,2025-10-28
WELL,Welltower,185.699,8.743464271574988,0.0,1,2025-10-29
WELL,Welltower,187.6707,8.828913627212037,0.0,1,2025-10-30
WELL,Welltower,187.9812,8.826762320968,0.0,1,2025-10-31
WELL,Welltower,187.8871,8.913247683170642,0.0,1,2025-11-01
WELL,Welltower,194.2577,8.852639474548269,0.0,1,2025-11-02
WELL,Welltower,195.8346,8.90319134293288,0.0,1,2025-11-03
WELL,Welltower,196.8388,8.918139631346516,0.0,1,2025-11-04
WELL,Welltower,199.2913,8.865594900482655,0.0,1,2025-11-05
WELL,Welltower,199.7089,8.928741030491109,0.0,1,2025-11-06
WELL,Welltower,196.7387,8.999823817939593,0.0,1,2025-11-07
WFC,Wells Fargo,87.5629,2.3543000221252437,9.725000262260435,3,2025-10-25
WFC,Wells Fargo,87.8375,2.3594332861969045,9.640440704378976,3,2025-10-26
WFC,Wells Fargo,87.8091,2.3513301957779666,9.573730864226759,3,2025-10-27
WFC,Wells Fargo,86.8427,2.3408306374188257,9.507039989171409,3,2025-10-28
WFC,Wells Fargo,86.1895,2.3447807714180855,9.540685719167753,3,2025-10-29
WFC,Wells Fargo,86.842,2.3388004835569842,9.601805477926643,3,2025-10-30
WFC,Wells Fargo,87.4388,2.3338818874480194,9.63955177498105,3,2025-10-31
WFC,Wells Fargo,87.4456,2.3435068232061544,9.701767642431866,3,2025-11-01
WFC,Wells Fargo,89.3166,2.3409938055193775,9.750458860836185,3,2025-11-02
WFC,Wells Fargo,91.0586,2.3539388778676,9.697466972406922,3,2025-11-03
WFC,Wells Fargo,91.2498,2.3397382604656514,9.724410461423176,3,2025-11-04
WFC,Wells Fargo,90.5201,2.3321321294350588,9.708188521046633,3,2025-11-05
WFC,Wells Fargo,89.4776,2.320280224842875,9.630341786486898,3,2025-11-06
WFC,Wells Fargo,88.075,2.3001168108721797,9.548513635535762,3,2025-11-07
WM,Waste Management,216.9659,-3.901500105857849,0.0,1,2025-10-25
WM,Waste Management,218.6323,-3.9106868057051316,0.0,1,2025-10-26
WM,Waste Management,217.9504,-3.872957852441383,0.0,1,2025-10-27
WM,Waste Management,217.087,-3.865436646884258,0.0,1,2025-10-28
WM,Waste Management,216.868,-3.8840636953635963,0.0,1,2025-10-29
WM,Waste Management,215.4971,-3.8492449094597254,0.0,1,2025-10-30
WM,Waste Management,216.497,-3.8873185265302124,0.0,1,2025-10-31
WM,Waste Management,217.327,-3.8629648269182515,0.0,1,2025-11-01
WM,Waste Management,219.6995,-3.8634328268485105,0.0,1,2025-11-02
WM,Waste Management,220.9338,-3.878988408528454,0.0,1,2025-11-03
WM,Waste Management,220.6318,-3.8432886752884845,0.0,1,2025-11-04
WM,Waste Management,219.8776,-3.8242936875834426,0.0,1,2025-11-05
WM,Waste Management,219.3097,-3.8569345675813977,0.0,1,2025-11-06
WM,Waste Management,218.3172,-3.8604597321852934,0.0,1,2025-11-07
WMB,Williams Companies,60.6183,1.8528999388217922,0.0,1,2025-10-25
WMB,Williams Companies,63.9895,1.8671898225138683,0.0,1,2025-10-26
WMB,Williams Companies,64.3668,1.859678050254449,0.0,1,2025-10-27
WMB,Williams Companies,63.7087,1.8594272945851071,0.0,1,2025-10-28
WMB,Williams Companies,63.2708,1.871015658394274,0.0,1,2025-10-29
WMB,Williams Companies,63.5461,1.8708650531766255,0.0,1,2025-10-30
WMB,Williams Companies,63.7557,1.8583195559990207,0.0,1,2025-10-31
WMB,Williams Companies,63.7757,1.8687167769942892,0.0,1,2025-11-01
WMB,Williams Companies,64.3776,1.8519701052260058,0.0,1,2025-11-02
WMB,Williams Companies,64.8262,1.8588536886944855,0.0,1,2025-11-03
WMB,Williams Companies,64.9628,1.8441322076259143,0.0,1,2025-11-04
WMB,Williams Companies,64.7638,1.8448562310037582,0.0,1,2025-11-05
WMB,Williams Companies,64.6359,1.830765970659005,0.0,1,2025-11-06
WMB,Williams Companies,64.139,1.843887124913574,0.0,1,2025-11-07
WMT,Walmart,112.5,2.186899930238723,3.959699869155884,3,2025-10-25
WMT,Walmart,114.3285,2.1694115395989293,3.9501868011087162,3,2025-10-26
WMT,Walmart,113.3192,2.175170030121165,3.9553581964727713,3,2025-10-27
WMT,Walmart,112.3795,2.163332056564543,3.9300186026630612,3,2025-10-28
WMT,Walmart,112.4432,2.163997331299614,3.9424510497469725,3,2025-10-29
WMT,Walmart,113.1416,2.1758840275110756,3.903363527327976,3,2025-10-30
WMT,Walmart,113.2295,2.1626964296388813,3.8676057071402696,3,2025-10-31
WMT,Walmart,112.9884,2.1607166715902597,3.849373381873978,3,2025-11-01
WMT,Walmart,114.0327,2.159474272547508,3.8757228359620886,3,2025-11-02
WMT,Walmart,114.7266,2.1701996859467236,3.8476577243443164,3,2025-11-03
WMT,Walmart,115.3762,2.1673963195441694,3.83176653301398,3,2025-11-04
WMT,Walmart,115.6959,2.1613224676349914,3.8066996021440382,3,2025-11-05
WMT,Walmart,114.7357,2.1578424102301836,3.8255559923666547,3,2025-11-06
WMT,Walmart,112.9646,2.1406523473609993,3.8181564103755465,3,2025-11-07
WRB,W. R. Berkley Corporation,76.3587,-0.148999998345971,12.965500354766846,2,2025-10-25
WRB,W. R. Berkley Corporation,77.9733,-0.1499961308756332,13.079703438557825,2,2025-10-26
WRB,W. R. Berkley Corporation,77.9377,-0.14933009531067598,13.081177001385063,2,2025-10-27
WRB,W. R. Berkley Corporation,76.9234,-0.14843828102217607,13.055842115201218,2,2025-10-28
WRB,W. R. Berkley Corporation,76.6305,-0.14835476440876172,13.153160775612175,2,2025-10-29
WRB,W. R. Berkley Corporation,76.7756,-0.1479425933919502,13.262674840503252,2,2025-10-30
WRB,W. R. Berkley Corporation,77.4966,-0.14897739980200542,13.206751938017243,2,2025-10-31
WRB,W. R. Berkley Corporation,77.307,-0.15032570343273216,13.169278747785283,2,2025-11-01
WRB,W. R. Berkley Corporation,78.6908,-0.15122670849541725,13.278505150764728,2,2025-11-02
WRB,W. R. Berkley Corporation,79.7811,-0.1500863596066082,13.25138512646001,2,2025-11-03
WRB,W. R. Berkley Corporation,80.1413,-0.1497067659034879,13.288185307546678,2,2025-11-04
WRB,W. R. Berkley Corporation,79.3615,-0.14897874466360053,13.272221210534363,2,2025-11-05
WRB,W. R. Berkley Corporation,78.2154,-0.14931474160065927,13.279921058320996,2,2025-11-06
WRB,W. R. Berkley Corporation,77.4497,-0.148932757366372,13.384560104418645,2,2025-11-07
WSM,"Williams-Sonoma, Inc.",202.782,8.052700161933899,0.0,1,2025-10-25
WSM,"Williams-Sonoma, Inc.",208.9827,8.05545054518834,0.0,1,2025-10-26
WSM,"Williams-Sonoma, Inc.",207.5765,8.011611872498905,0.0,1,2025-10-27
WSM,"Williams-Sonoma, Inc.",205.528,8.03009496061255,0.0,1,2025-10-28
WSM,"Williams-Sonoma, Inc.",203.4026,7.999220148361988,0.0,1,2025-10-29
WSM,"Williams-Sonoma, Inc.",203.6301,8.049010164560727,0.0,1,2025-10-30
WSM,"Williams-Sonoma, Inc.",207.3682,8.1170914252788,0.0,1,2025-10-31
WSM,"Williams-Sonoma, Inc.",207.5446,8.066842485055783,0.0,1,2025-11-01
WSM,"Williams-Sonoma, Inc.",212.6819,8.128374033716016,0.0,1,2025-11-02
WSM,"Williams-Sonoma, Inc.",213.2317,8.116791268907992,0.0,1,2025-11-03
WSM,"Williams-Sonoma, Inc.",214.4533,8.048946580690453,0.0,1,2025-11-04
WSM,"Williams-Sonoma, Inc.",214.8983,8.004011302394293,0.0,1,2025-11-05
WSM,"Williams-Sonoma, Inc.",213.1871,8.083392490298126,0.0,1,2025-11-06
WSM,"Williams-Sonoma, Inc.",211.5184,8.162087487758528,0.0,1,2025-11-07
WST,West Pharmaceutical Services,278.0949,-0.815099999308586,11.222800016403198,2,2025-10-25
WST,West Pharmaceutical Services,269.6321,-0.8152547486209532,11.211580614600727,2,2025-10-26
WST,West Pharmaceutical Services,271.9841,-0.8162120041221851,11.156331754001949,2,2025-10-27
WST,West Pharmaceutical Services,283.6947,-0.8134662195591015,11.147892862509291,2,2025-10-28
WST,West Pharmaceutical Services,286.997,-0.8137174934924386,11.189299490711154,2,2025-10-29
WST,West Pharmaceutical Services,284.3445,-0.8129888209032965,11.17132374497347,2,2025-10-30
WST,West Pharmaceutical Services,278.5328,-0.8172542862575687,11.069108158318203,2,2025-10-31
WST,West Pharmaceutical Services,277.409,-0.823640754721609,11.141159077642486,2,2025-11-01
WST,West Pharmaceutical Services,295.103,-0.8217139239213449,11.164448194723034,2,2025-11-02
WST,West Pharmaceutical Services,309.5504,-0.8249768270892508,11.179860835489848,2,2025-11-03
WST,West Pharmaceutical Services,306.9231,-0.8297805922798912,11.266309179163718,2,2025-11-04
WST,West Pharmaceutical Services,297.6284,-0.8283493316697192,11.16130282877618,2,2025-11-05
WST,West Pharmaceutical Services,291.7604,-0.8334732337280084,11.061660210844826,2,2025-11-06
WST,West Pharmaceutical Services,293.7344,-0.8415371956597503,10.956557248162042,2,2025-11-07
WTW,Willis Towers Watson,337.7497,2.141399979591369,0.0,1,2025-10-25
WTW,Willis Towers Watson,343.6904,2.1532604652962806,0.0,1,2025-10-26
WTW,Willis Towers Watson,343.1281,2.140298861171394,0.0,1,2025-10-27
WTW,Willis Towers Watson,339.2321,2.139273690377853,0.0,1,2025-10-28
WTW,Willis Towers Watson,338.0636,2.123350225063975,0.0,1,2025-10-29
WTW,Willis Towers Watson,338.4967,2.1401810279223232,0.0,1,2025-10-30
WTW,Willis Towers Watson,338.7441,2.1566108938736037,0.0,1,2025-10-31
WTW,Willis Towers Watson,338.694,2.139966737656646,0.0,1,2025-11-01
WTW,Willis Towers Watson,338.7131,2.1392263576718826,0.0,1,2025-11-02
WTW,Willis Towers Watson,338.7287,2.157960457674962,0.0,1,2025-11-03
WTW,Willis Towers Watson,338.8322,2.1479555182579237,0.0,1,2025-11-04
WTW,Willis Towers Watson,339.4499,2.162824078692712,0.0,1,2025-11-05
WTW,Willis Towers Watson,339.3153,2.170162353294842,0.0,1,2025-11-06
WTW,Willis Towers Watson,337.5607,2.1753884448600735,0.0,1,2025-11-07
WY,Weyerhaeuser,26.256,0.10820000432431601,0.0,1,2025-10-25
WY,Weyerhaeuser,27.4236,0.10917815966212173,0.0,1,2025-10-26
WY,Weyerhaeuser,26.8846,0.11026367093218414,0.0,1,2025-10-27
WY,Weyerhaeuser,26.2563,0.10975489724236466,0.0,1,2025-10-28
WY,Weyerhaeuser,26.2439,0.11081313960440964,0.0,1,2025-10-29
WY,Weyerhaeuser,26.3228,0.11009303430894327,0.0,1,2025-10-30
WY,Weyerhaeuser,26.3574,0.10975921197639625,0.0,1,2025-10-31
WY,Weyerhaeuser,26.3508,0.10954818096131255,0.0,1,2025-11-01
WY,Weyerhaeuser,26.1816,0.10886746102758676,0.0,1,2025-11-02
WY,Weyerhaeuser,26.08,0.1083340770505632,0.0,1,2025-11-03
WY,Weyerhaeuser,25.8838,0.10728483883053624,0.0,1,2025-11-04
WY,Weyerhaeuser,25.8325,0.10738923824182021,0.0,1,2025-11-05
WY,Weyerhaeuser,25.882,0.10695395781558213,0.0,1,2025-11-06
WY,Weyerhaeuser,25.9525,0.10627905459823833,0.0,1,2025-11-07
WYNN,Wynn Resorts,119.3779,-4.777300059795379,0.0,1,2025-10-25
WYNN,Wynn Resorts,115.792,-4.782947990088548,0.0,1,2025-10-26
WYNN,Wynn Resorts,116.4548,-4.811489603115076,0.0,1,2025-10-27
WYNN,Wynn Resorts,119.0414,-4.856665076553605,0.0,1,2025-10-28
WYNN,Wynn Resorts,119.2194,-4.836436248693275,0.0,1,2025-10-29
WYNN,Wynn Resorts,118.8798,-4.835081287426867,0.0,1,2025-10-30
WYNN,Wynn Resorts,118.7729,-4.817544792057786,0.0,1,2025-10-31
WYNN,Wynn Resorts,118.7575,-4.860036821540038,0.0,1,2025-11-01
WYNN,Wynn Resorts,119.6038,-4.893755763275189,0.0,1,2025-11-02
WYNN,Wynn Resorts,119.8923,-4.863808716358942,0.0,1,2025-11-03
WYNN,Wynn Resorts,119.7167,-4.874071286991791,0.0,1,2025-11-04
WYNN,Wynn Resorts,120.1855,-4.907639708745149,0.0,1,2025-11-05
WYNN,Wynn Resorts,120.3983,-4.948345473826509,0.0,1,2025-11-06
WYNN,Wynn Resorts,119.864,-4.959397215937417,0.0,1,2025-11-07
XEL,Xcel Energy,79.0209,8.789499998092651,0.0,1,2025-10-25
XEL,Xcel Energy,77.4237,8.70625113275082,0.0,1,2025-10-26
XEL,Xcel Energy,77.0392,8.624138867251853,0.0,1,2025-10-27
XEL,Xcel Energy,78.3021,8.593028288059807,0.0,1,2025-10-28
XEL,Xcel Energy,79.1402,8.535591450846205,0.0,1,2025-10-29
XEL,Xcel Energy,79.0747,8.537833288973076,0.0,1,2025-10-30
XEL,Xcel Energy,78.505,8.617520492424408,0.0,1,2025-10-31
XEL,Xcel Energy,78.2651,8.701861500810399,0.0,1,2025-11-01
XEL,Xcel Energy,78.869,8.745711323955987,0.0,1,2025-11-02
XEL,Xcel Energy,79.4697,8.783517479698261,0.0,1,2025-11-03
XEL,Xcel Energy,79.4374,8.851549985331708,0.0,1,2025-11-04
XEL,Xcel Energy,79.1102,8.856569846003593,0.0,1,2025-11-05
XEL,Xcel Energy,78.8317,8.780309521579975,0.0,1,2025-11-06
XEL,Xcel Energy,78.4965,8.849363929841282,0.0,1,2025-11-07
XOM,ExxonMobil,114.0896,8.673400282859802,0.30939999967813403,3,2025-10-25
XOM,ExxonMobil,113.7553,8.756792937309598,0.306686256460527,3,2025-10-26
XOM,ExxonMobil,113.7994,8.738202016049776,0.3097280118726161,3,2025-10-27
XOM,ExxonMobil,113.931,8.778601023520858,0.30993095181875696,3,2025-10-28
XOM,ExxonMobil,113.9742,8.855110321376493,0.30738161679874176,3,2025-10-29
XOM,ExxonMobil,113.9149,8.838382884164144,0.3100235972096948,3,2025-10-30
XOM,ExxonMobil,113.9099,8.89092979097051,0.3101332047225001,3,2025-10-31
XOM,ExxonMobil,113.9189,8.978735523301042,0.31230009962985206,3,2025-11-01
XOM,ExxonMobil,113.526,8.889149640831768,0.3136756158144169,3,2025-11-02
XOM,ExxonMobil,112.8275,8.827478842062055,0.3157655661480364,3,2025-11-03
XOM,ExxonMobil,112.8386,8.802825424213834,0.31768533479541855,3,2025-11-04
XOM,ExxonMobil,113.0534,8.768346258473944,0.31993597039250343,3,2025-11-05
XOM,ExxonMobil,113.1408,8.779486026948229,0.3218729295976048,3,2025-11-06
XOM,ExxonMobil,112.7103,8.807086995374377,0.32350566930503893,3,2025-11-07
XYL,Xylem Inc.,143.994,7.787600159645081,0.0,1,2025-10-25
XYL,Xylem Inc.,141.7555,7.840235295435966,0.0,1,2025-10-26
XYL,Xylem Inc.,142.392,7.802690316295408,0.0,1,2025-10-27
XYL,Xylem Inc.,143.2286,7.770670275983721,0.0,1,2025-10-28
XYL,Xylem Inc.,143.2638,7.780109624691438,0.0,1,2025-10-29
XYL,Xylem Inc.,142.834,7.7600516780568,0.0,1,2025-10-30
XYL,Xylem Inc.,142.6578,7.78123964510077,0.0,1,2025-10-31
XYL,Xylem Inc.,142.7234,7.769242297512732,0.0,1,2025-11-01
XYL,Xylem Inc.,141.067,7.698994719545213,0.0,1,2025-11-02
XYL,Xylem Inc.,139.3145,7.703880366129915,0.0,1,2025-11-03
XYL,Xylem Inc.,139.4538,7.757910836126883,0.0,1,2025-11-04
XYL,Xylem Inc.,140.3904,7.780314762781331,0.0,1,2025-11-05
XYL,Xylem Inc.,140.548,7.781895479369777,0.0,1,2025-11-06
XYL,Xylem Inc.,140.3188,7.807714388320363,0.0,1,2025-11-07
XYZ,"Block, Inc.",80.41,0.101800002157688,0.0,1,2025-10-25
XYZ,"Block, Inc.",80.52,0.10269588992723168,0.0,1,2025-10-26
XYZ,"Block, Inc.",80.0409,0.10173815854931188,0.0,1,2025-10-27
XYZ,"Block, Inc.",78.8519,0.10105714009955113,0.0,1,2025-10-28
XYZ,"Block, Inc.",79.3474,0.10195113115530617,0.0,1,2025-10-29
XYZ,"Block, Inc.",80.1028,0.10102458394490099,0.0,1,2025-10-30
XYZ,"Block, Inc.",80.2881,0.10160658813713414,0.0,1,2025-10-31
XYZ,"Block, Inc.",79.9776,0.10174980697616591,0.0,1,2025-11-01
XYZ,"Block, Inc.",81.2052,0.10215713385077015,0.0,1,2025-11-02
XYZ,"Block, Inc.",81.893,0.10279805011001768,0.0,1,2025-11-03
XYZ,"Block, Inc.",82.0903,0.10189614566793409,0.0,1,2025-11-04
XYZ,"Block, Inc.",81.5638,0.1026732088899593,0.0,1,2025-11-05
XYZ,"Block, Inc.",81.0956,0.10363313550945051,0.0,1,2025-11-06
XYZ,"Block, Inc.",80.6637,0.10366413500713625,0.0,1,2025-11-07
YUM,Yum! Brands,142.3057,7.456300258636475,2.384900003671646,3,2025-10-25
YUM,Yum! Brands,142.3423,7.403780557955072,2.373396969270971,3,2025-10-26
YUM,Yum! Brands,142.1641,7.339566841253662,2.3639672313341378,3,2025-10-27
YUM,Yum! Brands,142.3132,7.399854240142066,2.378875181205094,3,2025-10-28
YUM,Yum! Brands,142.3856,7.3901137059331425,2.393436848240472,3,2025-10-29
YUM,Yum! Brands,142.2318,7.3485181155416885,2.4142802027437957,3,2025-10-30
YUM,Yum! Brands,142.2198,7.3336078763714,2.425705607944127,3,2025-10-31
YUM,Yum! Brands,142.3448,7.355007716119329,2.4092331735445436,3,2025-11-01
YUM,Yum! Brands,143.6464,7.354503713436996,2.396996545165305,3,2025-11-02
YUM,Yum! Brands,143.9103,7.292934151209415,2.409335810192346,3,2025-11-03
YUM,Yum! Brands,143.8175,7.225528887055022,2.4118135240331178,3,2025-11-04
YUM,Yum! Brands,144.1016,7.26383483220584,2.3927021582721135,3,2025-11-05
YUM,Yum! Brands,144.3225,7.236106004600023,2.412445956327412,3,2025-11-06
YUM,Yum! Brands,143.9831,7.2861525195066985,2.415304474484517,3,2025-11-07
ZBH,Zimmer Biomet,101.4168,-5.030900239944458,0.0,1,2025-10-25
ZBH,Zimmer Biomet,100.4177,-5.010916633489508,0.0,1,2025-10-26
ZBH,Zimmer Biomet,100.4828,-5.022429425106313,0.0,1,2025-10-27
ZBH,Zimmer Biomet,100.9571,-5.034103583044936,0.0,1,2025-10-28
ZBH,Zimmer Biomet,100.6746,-5.028482456387622,0.0,1,2025-10-29
ZBH,Zimmer Biomet,100.3815,-4.979229317843175,0.0,1,2025-10-30
ZBH,Zimmer Biomet,100.4355,-5.01725950719142,0.0,1,2025-10-31
ZBH,Zimmer Biomet,100.551,-5.063908052403168,0.0,1,2025-11-01
ZBH,Zimmer Biomet,102.4817,-5.038986474437948,0.0,1,2025-11-02
ZBH,Zimmer Biomet,103.8512,-5.00020380086321,0.0,1,2025-11-03
ZBH,Zimmer Biomet,103.8875,-5.011924510686719,0.0,1,2025-11-04
ZBH,Zimmer Biomet,103.8851,-5.043795461400344,0.0,1,2025-11-05
ZBH,Zimmer Biomet,103.5232,-5.050595805876502,0.0,1,2025-11-06
ZBH,Zimmer Biomet,103.5557,-5.0855737990833685,0.0,1,2025-11-07
ZBRA,Zebra Technologies,332.6492,0.7259000092744821,0.0,1,2025-10-25
ZBRA,Zebra Technologies,346.2844,0.7310954615094564,0.0,1,2025-10-26
ZBRA,Zebra Technologies,342.86,0.7258940450836647,0.0,1,2025-10-27
ZBRA,Zebra Technologies,334.8992,0.7246617732930879,0.0,1,2025-10-28
ZBRA,Zebra Technologies,331.2784,0.7314090551179983,0.0,1,2025-10-29
ZBRA,Zebra Technologies,334.9085,0.7254731104305556,0.0,1,2025-10-30
ZBRA,Zebra Technologies,338.4662,0.7291386049547093,0.0,1,2025-10-31
ZBRA,Zebra Technologies,339.9943,0.7319423313384638,0.0,1,2025-11-01
ZBRA,Zebra Technologies,334.6173,0.7346381388884661,0.0,1,2025-11-02
ZBRA,Zebra Technologies,329.3506,0.7336407225264537,0.0,1,2025-11-03
ZBRA,Zebra Technologies,330.4163,0.7271399686899497,0.0,1,2025-11-04
ZBRA,Zebra Technologies,333.4322,0.7314143344587517,0.0,1,2025-11-05
ZBRA,Zebra Technologies,334.7812,0.727883236422106,0.0,1,2025-11-06
ZBRA,Zebra Technologies,330.5495,0.7345561459150971,0.0,1,2025-11-07
ZTS,Zoetis,154.7848,0.67610003054142,0.0,1,2025-10-25
ZTS,Zoetis,158.6202,0.6704214098155677,0.0,1,2025-10-26
ZTS,Zoetis,157.5077,0.6727262385387787,0.0,1,2025-10-27
ZTS,Zoetis,155.3715,0.6705067268676976,0.0,1,2025-10-28
ZTS,Zoetis,154.9223,0.6704498752106289,0.0,1,2025-10-29
ZTS,Zoetis,155.6298,0.672697703098926,0.0,1,2025-10-30
ZTS,Zoetis,155.9062,0.6725616846679802,0.0,1,2025-10-31
ZTS,Zoetis,155.7603,0.6697985072973965,0.0,1,2025-11-01
ZTS,Zoetis,153.5366,0.6692997268033364,0.0,1,2025-11-02
ZTS,Zoetis,152.9267,0.672088123969999,0.0,1,2025-11-03
ZTS,Zoetis,152.8268,0.6784376535586172,0.0,1,2025-11-04
ZTS,Zoetis,151.9171,0.6760181605347763,0.0,1,2025-11-05
ZTS,Zoetis,152.8113,0.6787167726244974,0.0,1,2025-11-06
ZTS,Zoetis,152.7665,0.6817424174891984,0.0,1,2025-11-07
